OBJECTID,PULAU,PEJABAT,ID_PROV,PROVINSI,ID_KAB,KABUPATEN,JENIS_IZIN,BADAN_USAHA,NAMA_PERUSAHAAN,KODE_WIUP,SK_IUP,TANGGAL_BERLAKU,TANGGAL_BERAKHIR,KEGIATAN,LUAS_SK,KOMODITAS,KODE_GOLONGAN,KODE_JNSKOM,CNC,GENERASI,KODE_WIL,LOKASI,GEOMETRY,STATUS_IUP
44,SUMATERA,MENTERI,19,KEPULAUAN BANGKA BELITUNG,"01,05","KABUPATEN BANGKA,KABUPATEN BANGKA BARAT",IUP,PT,PT TIMAH TBK,2119002112014189,81201098819560128                                                                                   ,2025-05-06,2035-07-20,OPERASI PRODUKSI,19510.0,TIMAH,2,11,CNC-1,,,PERAIRAN LAUT CUPAT - BELINYU,"POLYGON ((105.77888888899997 -1.5308333329999755, 105.77888888899997 -1.490555556000004, 105.59694444399997 -1.490555556000004, 105.59694444399997 -1.5222222219999821, 105.52499999999998 -1.5222222219999821, 105.52499999999998 -1.5652777779999951, 105.53861111100002 -1.5652777779999951, 105.53861111100002 -1.560555555999997, 105.53083333299998 -1.560555555999997, 105.53083333299998 -1.5516666670000063, 105.559722222 -1.5516666670000063, 105.559722222 -1.5311111109999729, 105.59055555600003 -1.5311111109999729, 105.59055555600003 -1.5263888889999748, 105.60583333300002 -1.5263888889999748, 105.60583333300002 -1.5361111110000252, 105.60369444399998 -1.5361111110000252, 105.60369444399998 -1.5401388889999907, 105.60222222200002 -1.5401388889999907, 105.60222222200002 -1.556111111000007, 105.61083333300002 -1.556111111000007, 105.61083333300002 -1.5969444439999734, 105.623611111 -1.5969444439999734, 105.623611111 -1.6302777779999928, 105.63638888899999 -1.6302777779999928, 105.63638888899999 -1.6430555559999789, 105.65083333299998 -1.6430555559999789, 105.65083333299998 -1.6533333329999778, 105.686666667 -1.6533333329999778, 105.686666667 -1.556111111000007, 105.65972222200003 -1.556111111000007, 105.65972222200003 -1.5380555560000175, 105.64638888899998 -1.5380555560000175, 105.64638888899998 -1.5244444439999825, 105.70111111099999 -1.5244444439999825, 105.70111111099999 -1.527499999999975, 105.73611111100001 -1.527499999999975, 105.73611111100001 -1.5300555559999793, 105.755861111 -1.5300555559999793, 105.755861111 -1.5308333329999755, 105.77888888899997 -1.5308333329999755))",AKTIF
48,SUMATERA,MENTERI,19,KEPULAUAN BANGKA BELITUNG,04,KABUPATEN BANGKA TENGAH,IUP,PT,PT TIMAH TBK,2119002112014053,81201098819560233                                                                                   ,2025-06-13,2035-07-20,OPERASI PRODUKSI,8981.0,TIMAH,2,11,CNC-1,,,KOBA,"POLYGON ((106.22730555599998 -2.3025555560000157, 106.245805556 -2.3025555560000157, 106.245805556 -2.1216666669999995, 106.177444444 -2.1216666669999995, 106.177444444 -2.1248333330000264, 106.179944444 -2.1248333330000264, 106.179944444 -2.1285833329999946, 106.18241666699998 -2.1285833329999946, 106.18241666699998 -2.130944444000022, 106.17861111100001 -2.130944444000022, 106.17861111100001 -2.1330277779999847, 106.17758333299997 -2.1330277779999847, 106.17758333299997 -2.134527778000006, 106.17655555599998 -2.134527778000006, 106.17655555599998 -2.1422222219999867, 106.17866666700002 -2.1422222219999867, 106.17866666700002 -2.1477499999999736, 106.18766666699997 -2.1477499999999736, 106.18766666699997 -2.156861111000012, 106.185277778 -2.156861111000012, 106.185277778 -2.1607500000000073, 106.18830555599999 -2.1607500000000073, 106.18830555599999 -2.167555556000025, 106.18994444399999 -2.167555556000025, 106.18994444399999 -2.172527778000017, 106.19186111099998 -2.172527778000017, 106.19186111099998 -2.1769722220000176, 106.19330555599998 -2.1769722220000176, 106.19330555599998 -2.178666667000016, 106.197222222 -2.178666667000016, 106.197222222 -2.182555556000011, 106.19941666699998 -2.182555556000011, 106.19941666699998 -2.1874166669999795, 106.200638889 -2.1874166669999795, 106.200638889 -2.1906666670000163, 106.20299999999997 -2.1906666670000163, 106.20299999999997 -2.193638888999999, 106.20447222199999 -2.193638888999999, 106.20447222199999 -2.1993888889999766, 106.20377777800002 -2.1993888889999766, 106.20377777800002 -2.2016388889999803, 106.20641666699998 -2.2016388889999803, 106.20641666699998 -2.2049444439999775, 106.20572222200002 -2.2049444439999775, 106.20572222200002 -2.21016666700001, 106.20627777800001 -2.21016666700001, 106.20627777800001 -2.213444444000004, 106.20583333299999 -2.213444444000004, 106.20583333299999 -2.2191944439999816, 106.207833333 -2.2191944439999816, 106.207833333 -2.224055555999996, 106.211222222 -2.224055555999996, 106.211222222 -2.2295833329999937, 106.21341666699999 -2.2295833329999937, 106.21341666699999 -2.2379722219999962, 106.21633333300002 -2.2379722219999962, 106.21633333300002 -2.2434166670000195, 106.22066666699999 -2.2434166670000195, 106.22066666699999 -2.2474444439999957, 106.22272222200002 -2.2474444439999957, 106.22272222200002 -2.2512500000000273, 106.22577777800001 -2.2512500000000273, 106.22577777800001 -2.259055556000021, 106.22841666699998 -2.259055556000021, 106.22841666699998 -2.261361110999985, 106.22677777799998 -2.261361110999985, 106.22677777799998 -2.2641388889999803, 106.22438888900001 -2.2641388889999803, 106.22438888900001 -2.2674166670000204, 106.222944444 -2.2674166670000204, 106.222944444 -2.2717499999999973, 106.22369444399999 -2.2717499999999973, 106.22369444399999 -2.275666666999996, 106.22474999999997 -2.275666666999996, 106.22474999999997 -2.278861111000026, 106.22583333300003 -2.278861111000026, 106.22583333300003 -2.2914444439999784, 106.22633333300001 -2.2914444439999784, 106.22633333300001 -2.29849999999999, 106.22730555599998 -2.29849999999999, 106.22730555599998 -2.3025555560000157))",AKTIF
63,SUMATERA,GUBERNUR,19,KEPULAUAN BANGKA BELITUNG,00,4-12 MIL LAUT,IUP,PT,PT MITRA SUKSES GLOBALINDO,2119002112014084,188.44/041/DPE/2012,2012-01-18,2031-12-19,OPERASI PRODUKSI,1393.0,TIMAH DMP,2,11,CNC-1, ,BLOK SANGAU A.3.,NO.6 (4MIL-12MIL GARIS PANTAI) KEPULAUAN BANGKA BELITUNG (LAUT TANJUNG SANGAU),"POLYGON ((105.42000807599999 -1.4841588730000126, 105.42000807599999 -1.5063808730000119, 105.44014707600002 -1.5063808730000119, 105.44014707600002 -1.499991872999999, 105.483064076 -1.499991872999999, 105.483064076 -1.4841588730000126, 105.42000807599999 -1.4841588730000126))",AKTIF
64,SUMATERA,GUBERNUR,19,KEPULAUAN BANGKA BELITUNG,00,4-12 MIL LAUT,IUP,PT,PT MITRA SUKSES GLOBALINDO,2119002112014085,188.44/044/DPE/2012,2012-01-18,2031-12-19,OPERASI PRODUKSI,1471.0,TIMAH DMP,2,11,CNC-1, ,BLOK SANGAU B.3.,NO.9 (4MIL-12MIL GARIS PANTAI) KEPULAUAN BANGKA BELITUNG (LAUT TANJUNG SANGAU),"POLYGON ((105.48778607600002 -1.4638808720000043, 105.48778607600002 -1.4944358729999863, 105.52020207599998 -1.4944358729999863, 105.52020207599998 -1.4802698729999975, 105.52889707600002 -1.4802698729999975, 105.52889707600002 -1.4691588730000262, 105.53973007600001 -1.4691588730000262, 105.53973007600001 -1.4638808720000043, 105.48778607600002 -1.4638808720000043))",AKTIF
98,SUMATERA,MENTERI,19,KEPULAUAN BANGKA BELITUNG,05,KABUPATEN BANGKA BARAT,IUP,PT,PT TIMAH TBK,3119052112014133,81201098819560167                                                                                   ,2025-04-30,2035-07-20,OPERASI PRODUKSI,150.0,TIMAH,2,11,CNC-3,,,MUNTOK,"POLYGON ((105.19359444399998 -2.070974999999976, 105.19291388900001 -2.070974999999976, 105.19291388900001 -2.069127777999995, 105.19187222199997 -2.069127777999995, 105.19187222199997 -2.0669861110000056, 105.19063888900001 -2.0669861110000056, 105.19063888900001 -2.053413889000012, 105.18492500000002 -2.053413889000012, 105.18492500000002 -2.065533333000019, 105.18635833299999 -2.065533333000019, 105.18635833299999 -2.07404722199999, 105.19359444399998 -2.07404722199999, 105.19359444399998 -2.070974999999976))",AKTIF
105,SUMATERA,MENTERI,19,KEPULAUAN BANGKA BELITUNG,06,KABUPATEN BELITUNG TIMUR,IUP,PT,PT TIMAH TBK,3119062112014085,81201098819560158                                                                                   ,2025-04-22,2035-07-21,OPERASI PRODUKSI,3389.0,TIMAH,2,11,CNC-14,,,MANGGAR,"POLYGON ((108.18577777799999 -2.902861110999993, 108.18577777799999 -2.9133055560000116, 108.19211111099997 -2.9133055560000116, 108.19211111099997 -2.9375833330000205, 108.17572222199999 -2.9375833330000205, 108.17572222199999 -2.9571111110000174, 108.16481944399999 -2.9571111110000174, 108.16481944399999 -2.969175000000007, 108.17144722199998 -2.969175000000007, 108.17144722199998 -2.9635583329999804, 108.179388889 -2.9635583329999804, 108.179388889 -2.966186111000013, 108.192977778 -2.966186111000013, 108.192977778 -2.9730277780000165, 108.21735555599997 -2.9730277780000165, 108.21735555599997 -2.9709944439999845, 108.218472222 -2.9709944439999845, 108.218472222 -2.9295833329999823, 108.23311111100003 -2.9295833329999823, 108.23311111100003 -2.906361111000024, 108.21118055599999 -2.906361111000024, 108.21118055599999 -2.9083666669999957, 108.20246944399997 -2.9083666669999957, 108.20246944399997 -2.904602778000026, 108.20470833299999 -2.904602778000026, 108.20470833299999 -2.902861110999993, 108.18577777799999 -2.902861110999993))",AKTIF
214,SUMATERA,GUBERNUR,19,KEPULAUAN BANGKA BELITUNG,02,BELITUNG,IUP,PT,PT BABEL INTI PERKASA,3119022112014049,188.4/420/ESDM/DPMPTSP/2019,2019-01-07,2028-01-07,OPERASI PRODUKSI,92.1,TIMAH,2,11,CNC-1, , ,"DESA BANTAN, KEC. MEMBALANG, KABUPATEN BELITUNG, KEPULAUAN BANGKA BELITUNG","POLYGON ((107.70716299999998 -2.863609999999994, 107.70717400000001 -2.86850800000002, 107.71024799999998 -2.8685009999999806, 107.71025900000001 -2.8730279999999766, 107.71659499999998 -2.8730130000000145, 107.71657299999998 -2.8635869999999954, 107.70716299999998 -2.863609999999994))",AKTIF
264,SUMATERA,MENTERI,19,KEPULAUAN BANGKA BELITUNG,01,KABUPATEN BANGKA,IUP,PT,PT TIMAH TBK,3119012112014161,81201098819560122                                                                                   ,2025-05-22,2035-07-20,OPERASI PRODUKSI,837.6,TIMAH,2,11,CNC-14,,,SUNGAI LIAT,"POLYGON ((106.02752222200002 -1.6975416669999959, 106.02752222200002 -1.6930027779999932, 106.02521111099998 -1.6930027779999932, 106.02521111099998 -1.6890777780000121, 106.02153333299998 -1.6890777780000121, 106.02153333299998 -1.685305556000003, 106.01504999999997 -1.685305556000003, 106.01504999999997 -1.6879305560000262, 106.01215555599998 -1.6879305560000262, 106.01215555599998 -1.692077777999998, 106.00706944400002 -1.692077777999998, 106.00706944400002 -1.697469443999978, 106.00297499999999 -1.697469443999978, 106.00297499999999 -1.7014333330000113, 105.99791666700003 -1.7014333330000113, 105.99791666700003 -1.7054722220000258, 105.994269444 -1.7054722220000258, 105.994269444 -1.7116666669999745, 106.001652778 -1.7116666669999745, 106.001652778 -1.723669443999995, 105.99811666699998 -1.723669443999995, 105.99811666699998 -1.7320000000000277, 106.006152778 -1.7320000000000277, 106.006152778 -1.7231555559999947, 106.01078888900003 -1.7231555559999947, 106.01078888900003 -1.7118305559999953, 106.01443055599998 -1.7118305559999953, 106.01443055599998 -1.7050361110000267, 106.01256944400001 -1.7050361110000267, 106.01256944400001 -1.699997221999979, 106.01524444400002 -1.699997221999979, 106.01524444400002 -1.695763888999977, 106.019805556 -1.695763888999977, 106.019805556 -1.7084055560000024, 106.02125000000001 -1.7084055560000024, 106.02125000000001 -1.7133000000000038, 106.01974999999999 -1.7133000000000038, 106.01974999999999 -1.719361111000012, 106.02546388899998 -1.719361111000012, 106.02546388899998 -1.7064777780000213, 106.02419166700003 -1.7064777780000213, 106.02419166700003 -1.6975416669999959, 106.02752222200002 -1.6975416669999959))",AKTIF
265,SUMATERA,MENTERI,19,KEPULAUAN BANGKA BELITUNG,02,KABUPATEN BELITUNG,IUP,PT,PT TIMAH TBK,2119002112014176,81201098819560156                                                                                   ,2024-09-30,2035-07-20,OPERASI PRODUKSI,5954.0,TIMAH,2,11,CNC-1,,,TANJUNG PANDAN,"POLYGON ((107.70022222199998 -2.772555555999986, 107.70022222199998 -2.80058333300002, 107.69397222200001 -2.80058333300002, 107.69397222200001 -2.8171111109999742, 107.70444444399999 -2.8171111109999742, 107.70444444399999 -2.8341944439999907, 107.693888889 -2.8341944439999907, 107.693888889 -2.856166667000025, 107.70827777800002 -2.856166667000025, 107.70827777800002 -2.8379444440000157, 107.77605555600002 -2.8379444440000157, 107.77605555600002 -2.8477777780000224, 107.776302778 -2.8477777780000224, 107.776302778 -2.8480722219999848, 107.77671944399998 -2.8480722219999848, 107.77671944399998 -2.848391666999987, 107.776988889 -2.848391666999987, 107.776988889 -2.8485472219999792, 107.77866388899997 -2.8485472219999792, 107.77866388899997 -2.8492222219999803, 107.77894444399999 -2.8492222219999803, 107.77894444399999 -2.8495361110000204, 107.77918888900001 -2.8495361110000204, 107.77918888900001 -2.8498055559999784, 107.77944722199999 -2.8498055559999784, 107.77944722199999 -2.850091667000015, 107.77969444399997 -2.850091667000015, 107.77969444399997 -2.8504055559999983, 107.77991666700001 -2.8504055559999983, 107.77991666700001 -2.8507333329999938, 107.78034166700002 -2.8507333329999938, 107.78034166700002 -2.8513638890000266, 107.78055277800001 -2.8513638890000266, 107.78055277800001 -2.8516805560000194, 107.78087499999998 -2.8516805560000194, 107.78087499999998 -2.852224999999976, 107.78083611099999 -2.852224999999976, 107.78083611099999 -2.8527500000000146, 107.78107222199998 -2.8527500000000146, 107.78107222199998 -2.853038889000004, 107.78131388899999 -2.853038889000004, 107.78131388899999 -2.853330556000003, 107.78140555599998 -2.853330556000003, 107.78140555599998 -2.8541999999999916, 107.781275 -2.8541999999999916, 107.781275 -2.8576083329999733, 107.781408333 -2.8576083329999733, 107.781408333 -2.8589222219999897, 107.78109999999998 -2.8589222219999897, 107.78109999999998 -2.8655916669999897, 107.779872222 -2.8655916669999897, 107.779872222 -2.8687416669999948, 107.779955556 -2.8687416669999948, 107.779955556 -2.870255556000018, 107.78063333300003 -2.870255556000018, 107.78063333300003 -2.877055556000016, 107.80000000000001 -2.877055556000016, 107.80000000000001 -2.8707222219999835, 107.80361111100001 -2.8707222219999835, 107.80361111100001 -2.8665750000000116, 107.799905556 -2.8665750000000116, 107.799905556 -2.8619111109999835, 107.80361111100001 -2.8619111109999835, 107.80361111100001 -2.860777777999999, 107.79730555600003 -2.860777777999999, 107.79730555600003 -2.8562499999999886, 107.79094444399999 -2.8562499999999886, 107.79094444399999 -2.827305555999999, 107.78113888899998 -2.827305555999999, 107.78113888899998 -2.8331666670000004, 107.76766666700001 -2.8331666670000004, 107.76766666700001 -2.805138888999977, 107.77216666700002 -2.805138888999977, 107.77216666700002 -2.798511110999982, 107.770758333 -2.798511110999982, 107.770758333 -2.7981944439999893, 107.76999444400002 -2.7981944439999893, 107.76999444400002 -2.7979055559999892, 107.76991388900001 -2.7979055559999892, 107.76991388900001 -2.797341667000012, 107.76976111099998 -2.797341667000012, 107.76976111099998 -2.7930749999999875, 107.769516667 -2.7930749999999875, 107.769516667 -2.791961110999978, 107.76933333300002 -2.791961110999978, 107.76933333300002 -2.7906666669999822, 107.75191666699999 -2.7906666669999822, 107.75191666699999 -2.7970000000000255, 107.74516666699998 -2.7970000000000255, 107.74516666699998 -2.789305555999988, 107.738 -2.789305555999988, 107.738 -2.781611111000018, 107.71641666699998 -2.781611111000018, 107.71641666699998 -2.772555555999986, 107.70022222199998 -2.772555555999986))",AKTIF
266,SUMATERA,MENTERI,19,KEPULAUAN BANGKA BELITUNG,"71,04","KOTA PANGKAL PINANG,KABUPATEN BANGKA TENGAH",IUP,PT,PT TIMAH TBK,2119002112014023,81201098819560102                                                                                   ,2025-04-22,2035-07-20,OPERASI PRODUKSI,4382.0,TIMAH,2,11,CNC-1,,,PANGKALAN BARU,"POLYGON ((106.20527777799998 -2.209694443999979, 106.20527777799998 -2.2079166670000063, 106.20511111100001 -2.2079166670000063, 106.20511111100001 -2.2033611109999924, 106.20441666699998 -2.2033611109999924, 106.20441666699998 -2.2024166670000227, 106.20333333299999 -2.2024166670000227, 106.20333333299999 -2.199083332999976, 106.20358333299998 -2.199083332999976, 106.20358333299998 -2.197638889000018, 106.20238888900002 -2.197638889000018, 106.20238888900002 -2.193194444000028, 106.200916667 -2.193194444000028, 106.200916667 -2.1913333329999887, 106.19972222199999 -2.1913333329999887, 106.19972222199999 -2.18963888899998, 106.19897222200001 -2.18963888899998, 106.19897222200001 -2.1871944439999993, 106.19880555600002 -2.1871944439999993, 106.19880555600002 -2.1851388889999726, 106.19797222199998 -2.1851388889999726, 106.19797222199998 -2.1834722219999776, 106.195611111 -2.1834722219999776, 106.195611111 -2.1810833330000037, 106.19344444400002 -2.1810833330000037, 106.19344444400002 -2.180888889000016, 106.17630555599999 -2.180888889000016, 106.17630555599999 -2.195805555999982, 106.18200000000002 -2.195805555999982, 106.18200000000002 -2.206166666999991, 106.17497222200001 -2.206166666999991, 106.17497222200001 -2.2119444439999825, 106.16649999999998 -2.2119444439999825, 106.16649999999998 -2.203777778000017, 106.157416667 -2.203777778000017, 106.157416667 -2.1795833329999823, 106.16030555600003 -2.1795833329999823, 106.16030555600003 -2.174055555999985, 106.16644444399998 -2.174055555999985, 106.16644444399998 -2.166888889000006, 106.16992222200003 -2.166888889000006, 106.16992222200003 -2.1600833329999887, 106.163605556 -2.1600833329999887, 106.163605556 -2.1453611109999997, 106.169111111 -2.1453611109999997, 106.169111111 -2.1426944440000284, 106.171333333 -2.1426944440000284, 106.171333333 -2.1382500000000277, 106.17575 -2.1382500000000277, 106.17575 -2.135499999999979, 106.17611111100001 -2.135499999999979, 106.17611111100001 -2.134527778000006, 106.17622222199998 -2.134527778000006, 106.17622222199998 -2.133763889000022, 106.170194444 -2.133763889000022, 106.170194444 -2.140741666999986, 106.169480556 -2.140741666999986, 106.169480556 -2.1419138890000227, 106.16889166700003 -2.1419138890000227, 106.16889166700003 -2.1424166670000204, 106.16851944400003 -2.1424166670000204, 106.16851944400003 -2.143141667000009, 106.16772222200001 -2.143141667000009, 106.16772222200001 -2.14424722199999, 106.16651388899999 -2.14424722199999, 106.16651388899999 -2.1444583329999887, 106.16287222199998 -2.1444583329999887, 106.16287222199998 -2.1611861110000063, 106.16890000000001 -2.1611861110000063, 106.16890000000001 -2.165813888999992, 106.16551666700002 -2.165813888999992, 106.16551666700002 -2.1730944440000144, 106.159438889 -2.1730944440000144, 106.159438889 -2.175725, 106.13639722200003 -2.175725, 106.13639722200003 -2.156111110999973, 106.13566666700001 -2.156111110999973, 106.13566666700001 -2.1499999999999773, 106.146444444 -2.1499999999999773, 106.146444444 -2.1302222219999862, 106.14830555600003 -2.1302222219999862, 106.14830555600003 -2.1223888889999785, 106.14461111100002 -2.1223888889999785, 106.14461111100002 -2.120083333000025, 106.14113888899999 -2.120083333000025, 106.14113888899999 -2.1114166670000145, 106.13511111100001 -2.1114166670000145, 106.13511111100001 -2.105333332999976, 106.12572222199998 -2.105333332999976, 106.12572222199998 -2.109833332999983, 106.12291666700003 -2.109833332999983, 106.12291666700003 -2.114138889000003, 106.12013888899997 -2.114138889000003, 106.12013888899997 -2.1185277779999865, 106.12438888899999 -2.1185277779999865, 106.12438888899999 -2.1166111109999974, 106.12805555599999 -2.1166111109999974, 106.12805555599999 -2.1131388890000267, 106.13544444399997 -2.1131388890000267, 106.13544444399997 -2.121138889000008, 106.13777777799999 -2.121138889000008, 106.13777777799999 -2.1252777779999974, 106.14125000000001 -2.1252777779999974, 106.14125000000001 -2.137999999999977, 106.134194444 -2.137999999999977, 106.134194444 -2.131861110999978, 106.12841666700001 -2.131861110999978, 106.12841666700001 -2.1531388889999903, 106.11811111100002 -2.1531388889999903, 106.11811111100002 -2.1559722220000026, 106.114388889 -2.1559722220000026, 106.114388889 -2.1652222220000112, 106.11247222200001 -2.1652222220000112, 106.11247222200001 -2.1692305560000023, 106.11590277800002 -2.1692305560000023, 106.11590277800002 -2.171625000000006, 106.116663889 -2.171625000000006, 106.116663889 -2.1725888889999965, 106.11838888900002 -2.1725888889999965, 106.11838888900002 -2.1641944439999747, 106.12183333299998 -2.1641944439999747, 106.12183333299998 -2.16061111099998, 106.12377777799998 -2.16061111099998, 106.12377777799998 -2.1566888890000087, 106.13476666700001 -2.1566888890000087, 106.13476666700001 -2.1570194440000137, 106.13549999999998 -2.1570194440000137, 106.13549999999998 -2.1691111110000065, 106.129444444 -2.1691111110000065, 106.129444444 -2.1803333330000214, 106.12588888900001 -2.1803333330000214, 106.12588888900001 -2.1845916670000065, 106.126969444 -2.1845916670000065, 106.126969444 -2.186027777999982, 106.13394444400001 -2.186027777999982, 106.13394444400001 -2.176638889000003, 106.14583333299998 -2.176638889000003, 106.14583333299998 -2.1944722220000017, 106.12838055600002 -2.1944722220000017, 106.12838055600002 -2.1979805560000045, 106.129694444 -2.1979805560000045, 106.129694444 -2.1989166669999918, 106.13238611100002 -2.1989166669999918, 106.13238611100002 -2.200644443999977, 106.13458611099998 -2.200644443999977, 106.13458611099998 -2.2020916669999906, 106.137052778 -2.2020916669999906, 106.137052778 -2.2037333330000024, 106.138230556 -2.2037333330000024, 106.138230556 -2.2045194440000273, 106.13896666699998 -2.2045194440000273, 106.13896666699998 -2.2050138889999857, 106.14077777799997 -2.2050138889999857, 106.14077777799997 -2.2119166670000254, 106.151805556 -2.2119166670000254, 106.151805556 -2.2178055559999734, 106.16424999999998 -2.2178055559999734, 106.16424999999998 -2.22408333300001, 106.16958333299999 -2.22408333300001, 106.16958333299999 -2.2278611109999815, 106.17266666699999 -2.2278611109999815, 106.17266666699999 -2.2309999999999945, 106.17613888900001 -2.2309999999999945, 106.17613888900001 -2.235027778000017, 106.17311111100003 -2.235027778000017, 106.17311111100003 -2.2411388890000126, 106.19772222199998 -2.2411388890000126, 106.19772222199998 -2.2383888890000208, 106.21280555599998 -2.2383888890000208, 106.21280555599998 -2.236861110999996, 106.212361111 -2.236861110999996, 106.212361111 -2.2316111110000065, 106.21172222199999 -2.2316111110000065, 106.21172222199999 -2.230722221999997, 106.21133333300003 -2.230722221999997, 106.21133333300003 -2.2302777780000156, 106.210388889 -2.2302777780000156, 106.210388889 -2.2291666670000154, 106.21002777799998 -2.2291666670000154, 106.21002777799998 -2.228749999999991, 106.20888888899998 -2.228749999999991, 106.20888888899998 -2.226555555999994, 106.20691666699997 -2.226555555999994, 106.20691666699997 -2.2222777779999774, 106.20549999999997 -2.2222777779999774, 106.20549999999997 -2.2186944439999934, 106.20516666700001 -2.2186944439999934, 106.20516666700001 -2.21438888900002, 106.205361111 -2.21438888900002, 106.205361111 -2.213666666999984, 106.20558333299999 -2.213666666999984, 106.20558333299999 -2.2109166669999922, 106.205361111 -2.2109166669999922, 106.205361111 -2.209694443999979, 106.20527777799998 -2.209694443999979))",AKTIF
271,SUMATERA,MENTERI,19,KEPULAUAN BANGKA BELITUNG,04,KABUPATEN BANGKA TENGAH,IUP,PT,PT TIMAH TBK,2119002112014024,81201098819560178                                                                                   ,2025-06-13,2035-07-21,OPERASI PRODUKSI,689.4,TIMAH,2,11,CNC-1,,,PANGKALAN BARU,"POLYGON ((106.07608333299999 -2.164030556, 106.07608333299999 -2.171997222000016, 106.081725 -2.171997222000016, 106.081725 -2.1863611109999965, 106.078666667 -2.1863611109999965, 106.078666667 -2.199386111000024, 106.08028055599999 -2.199386111000024, 106.08028055599999 -2.2047694440000214, 106.07821944400001 -2.2047694440000214, 106.07821944400001 -2.212483333000023, 106.08318333300002 -2.212483333000023, 106.08318333300002 -2.2030638890000205, 106.08544722200003 -2.2030638890000205, 106.08544722200003 -2.199397222000016, 106.09047500000003 -2.199397222000016, 106.09047500000003 -2.201827777999995, 106.09479722200001 -2.201827777999995, 106.09479722200001 -2.196772221999993, 106.093922222 -2.196772221999993, 106.093922222 -2.194388888999981, 106.08636388899998 -2.194388888999981, 106.08636388899998 -2.187469443999987, 106.08980555599999 -2.187469443999987, 106.08980555599999 -2.1832472219999772, 106.09626666700001 -2.1832472219999772, 106.09626666700001 -2.179169444000024, 106.09441388900001 -2.179169444000024, 106.09441388900001 -2.165055556000027, 106.08643611100001 -2.165055556000027, 106.08643611100001 -2.16032777800001, 106.07905555600001 -2.16032777800001, 106.07905555600001 -2.164030556, 106.07608333299999 -2.164030556))",AKTIF
272,SUMATERA,MENTERI,19,KEPULAUAN BANGKA BELITUNG,"04,01","KABUPATEN BANGKA TENGAH,KABUPATEN BANGKA",IUP,PT,PT TIMAH TBK,2119002112014177,81201098819560100                                                                                   ,2025-03-24,2035-07-20,OPERASI PRODUKSI,3479.0,TIMAH,2,11,CNC-1,,,MENDO BARAT,"POLYGON ((105.90980555599998 -2.149138889000028, 105.90980555599998 -2.1705277780000074, 105.94927777800001 -2.1705277780000074, 105.94927777800001 -2.174361110999996, 105.96441666700002 -2.174361110999996, 105.96441666700002 -2.1781388890000244, 105.998333333 -2.1781388890000244, 105.998333333 -2.182444443999998, 106.00258333300002 -2.182444443999998, 106.00258333300002 -2.195555555999988, 106.015055556 -2.195555555999988, 106.015055556 -2.2020833330000187, 106.01719444399998 -2.2020833330000187, 106.01719444399998 -2.2087777780000124, 106.020611111 -2.2087777780000124, 106.020611111 -2.2114777780000168, 106.03270277799999 -2.2114777780000168, 106.03270277799999 -2.2135166670000217, 106.03075000000001 -2.2135166670000217, 106.03075000000001 -2.217333332999999, 106.03500000000003 -2.217333332999999, 106.03500000000003 -2.223805556000002, 106.04002777800002 -2.223805556000002, 106.04002777800002 -2.226722221999978, 106.04227777800003 -2.226722221999978, 106.04227777800003 -2.231277777999992, 106.044083333 -2.231277777999992, 106.044083333 -2.246138889000008, 106.04599999999999 -2.246138889000008, 106.04599999999999 -2.2529166670000222, 106.04927777799998 -2.2529166670000222, 106.04927777799998 -2.228138888999979, 106.046888889 -2.228138888999979, 106.046888889 -2.223583333000022, 106.04413888900001 -2.223583333000022, 106.04413888900001 -2.2194999999999823, 106.04002777800002 -2.2194999999999823, 106.04002777800002 -2.2118055560000016, 106.035444444 -2.2118055560000016, 106.035444444 -2.2066388889999757, 106.02327777800002 -2.2066388889999757, 106.02327777800002 -2.203333332999989, 106.02055555599998 -2.203333332999989, 106.02055555599998 -2.1961388889999967, 106.018388889 -2.1961388889999967, 106.018388889 -2.186694444000011, 106.01044444399997 -2.186694444000011, 106.01044444399997 -2.179333332999988, 106.01683333300002 -2.179333332999988, 106.01683333300002 -2.183166667000023, 106.02444444399998 -2.183166667000023, 106.02444444399998 -2.1866111109999906, 106.03563888899998 -2.1866111109999906, 106.03563888899998 -2.190194443999985, 106.04336111100002 -2.190194443999985, 106.04336111100002 -2.194138888999987, 106.04811111100003 -2.194138888999987, 106.04811111100003 -2.209555555999998, 106.05344444399998 -2.209555555999998, 106.05344444399998 -2.2125277779999806, 106.05874999999997 -2.2125277779999806, 106.05874999999997 -2.2216111110000156, 106.060833333 -2.2216111110000156, 106.060833333 -2.2250000000000227, 106.06652777800002 -2.2250000000000227, 106.06652777800002 -2.218277778000015, 106.06355555599998 -2.218277778000015, 106.06355555599998 -2.2084722220000117, 106.05863888900001 -2.2084722220000117, 106.05863888900001 -2.206416666999985, 106.05380555599999 -2.206416666999985, 106.05380555599999 -2.2006666670000072, 106.05233333299998 -2.2006666670000072, 106.05233333299998 -2.191611110999986, 106.061388889 -2.191611110999986, 106.061388889 -2.1968055560000153, 106.06547222199998 -2.1968055560000153, 106.06547222199998 -2.188583332999997, 106.06213888899998 -2.188583332999997, 106.06213888899998 -2.185055556000009, 106.044611111 -2.185055556000009, 106.044611111 -2.1833333330000073, 106.03888888900002 -2.1833333330000073, 106.03888888900002 -2.179388888999995, 106.02425 -2.179388888999995, 106.02425 -2.1768055559999766, 106.01991666700002 -2.1768055559999766, 106.01991666700002 -2.1741388890000053, 106.015638889 -2.1741388890000053, 106.015638889 -2.171333333000007, 106.01111111099999 -2.171333333000007, 106.01111111099999 -2.1668333329999996, 105.963722222 -2.1668333329999996, 105.963722222 -2.162750000000017, 105.958416667 -2.162750000000017, 105.958416667 -2.158916667000028, 105.953388889 -2.158916667000028, 105.953388889 -2.1532777780000174, 105.943083333 -2.1532777780000174, 105.943083333 -2.149138889000028, 105.90980555599998 -2.149138889000028))",AKTIF
273,SUMATERA,MENTERI,19,KEPULAUAN BANGKA BELITUNG,"04,01","KABUPATEN BANGKA TENGAH,KABUPATEN BANGKA",IUP,PT,PT TIMAH TBK,2119002112014025,81201098819560113                                                                                   ,2024-08-12,2035-07-20,OPERASI PRODUKSI,10530.0,TIMAH,2,11,CNC-1,,,MENDO BARAT,"POLYGON ((105.80983333299997 -2.277388889000008, 105.81582222200001 -2.277388889000008, 105.81582222200001 -2.279330555999991, 105.817727778 -2.279330555999991, 105.817727778 -2.283636111000021, 105.818836111 -2.283636111000021, 105.818836111 -2.292669444000012, 105.83051666699998 -2.292669444000012, 105.83051666699998 -2.300755556000013, 105.83572222200002 -2.300755556000013, 105.83572222200002 -2.3103722220000122, 105.83741944399998 -2.3103722220000122, 105.83741944399998 -2.3132777779999856, 105.88600000000002 -2.3132777779999856, 105.88600000000002 -2.3025555560000157, 105.92322222199999 -2.3025555560000157, 105.92322222199999 -2.2319722220000244, 105.92869444399997 -2.2319722220000244, 105.92869444399997 -2.1960000000000264, 105.92172222200003 -2.1960000000000264, 105.92172222200003 -2.1938055559999725, 105.91058333299998 -2.1938055559999725, 105.91058333299998 -2.199555556000007, 105.92194444400002 -2.199555556000007, 105.92194444400002 -2.2109166669999922, 105.91927777799998 -2.2109166669999922, 105.91927777799998 -2.2242222219999803, 105.853194444 -2.2242222219999803, 105.853194444 -2.2400833329999728, 105.81708333300003 -2.2400833329999728, 105.81708333300003 -2.25324999999998, 105.82752777799999 -2.25324999999998, 105.82752777799999 -2.262602777999973, 105.80703333299999 -2.262602777999973, 105.80703333299999 -2.263861110999983, 105.80647499999998 -2.263861110999983, 105.80647499999998 -2.2642527780000137, 105.80582222200002 -2.2642527780000137, 105.80582222200002 -2.2652666669999917, 105.80428611100001 -2.2652666669999917, 105.80428611100001 -2.265908333000027, 105.80313888900002 -2.265908333000027, 105.80313888900002 -2.2670027780000055, 105.80091666700002 -2.2670027780000055, 105.80091666700002 -2.2661111109999865, 105.799361111 -2.2661111109999865, 105.799361111 -2.2679999999999723, 105.80119444399998 -2.2679999999999723, 105.80119444399998 -2.268833332999975, 105.80286111100003 -2.268833332999975, 105.80286111100003 -2.269944443999975, 105.804972222 -2.269944443999975, 105.804972222 -2.2719999999999914, 105.80722222200001 -2.2719999999999914, 105.80722222200001 -2.274361111000019, 105.80983333299997 -2.274361111000019, 105.80983333299997 -2.277388889000008))",AKTIF
468,SUMATERA,MENTERI,19,KEPULAUAN BANGKA BELITUNG,02,KABUPATEN BELITUNG,IUP,PT,PT PRIMA BUNDIARTA NUSA,3119025402014113,1686/1/IUP/PMDN/2021                                                                                ,2021-12-06,2026-11-11,OPERASI PRODUKSI,123.1,KERIKIL BERPASIR ALAMI (SIRTU),5,40,CNC-25,,,DESA PADANG KANDIS KEC.MEMBALONG,"POLYGON ((107.61980555600002 -3.1900555560000043, 107.61841666700002 -3.1900555560000043, 107.61841666700002 -3.1890000000000214, 107.61813888900002 -3.1890000000000214, 107.61813888900002 -3.1881666670000186, 107.61791666699997 -3.1881666670000186, 107.61791666699997 -3.1874444439999934, 107.61697222200002 -3.1874444439999934, 107.61697222200002 -3.1870555560000184, 107.61627777799998 -3.1870555560000184, 107.61627777799998 -3.186694444000011, 107.615472222 -3.186694444000011, 107.615472222 -3.186333332999993, 107.61475000000002 -3.186333332999993, 107.61475000000002 -3.186027777999982, 107.61399999999998 -3.186027777999982, 107.61399999999998 -3.185694443999978, 107.61336111100002 -3.185694443999978, 107.61336111100002 -3.1853888890000235, 107.612694444 -3.1853888890000235, 107.612694444 -3.1850833330000228, 107.61200000000002 -3.1850833330000228, 107.61200000000002 -3.184750000000008, 107.61130555599999 -3.184750000000008, 107.61130555599999 -3.1844166669999936, 107.61066666699998 -3.1844166669999936, 107.61066666699998 -3.1841666669999995, 107.61008333299998 -3.1841666669999995, 107.61008333299998 -3.183861110999999, 107.60952777799997 -3.183861110999999, 107.60952777799997 -3.1849166669999818, 107.60899999999998 -3.1849166669999818, 107.60899999999998 -3.1858888890000117, 107.60849999999999 -3.1858888890000117, 107.60849999999999 -3.1868611109999847, 107.607972222 -3.1868611109999847, 107.607972222 -3.1877777779999974, 107.60750000000002 -3.1877777779999974, 107.60750000000002 -3.1884444440000266, 107.60719444400002 -3.1884444440000266, 107.60719444400002 -3.1887777779999738, 107.60750000000002 -3.1887777779999738, 107.60750000000002 -3.1891111109999883, 107.60869444399998 -3.1891111109999883, 107.60869444399998 -3.189666666999983, 107.61005555600002 -3.189666666999983, 107.61005555600002 -3.190194443999985, 107.611333333 -3.190194443999985, 107.611333333 -3.19074999999998, 107.61263888899998 -3.19074999999998, 107.61263888899998 -3.191305555999975, 107.61377777799999 -3.191305555999975, 107.61377777799999 -3.19172222200001, 107.61475000000002 -3.19172222200001, 107.61475000000002 -3.1921388889999776, 107.615777778 -3.1921388889999776, 107.615777778 -3.192555556000002, 107.61675000000002 -3.192555556000002, 107.61675000000002 -3.193027777999987, 107.61797222199999 -3.193027777999987, 107.61797222199999 -3.193499999999972, 107.61902777799997 -3.193499999999972, 107.61902777799997 -3.193888888999993, 107.61986111099998 -3.193888888999993, 107.61986111099998 -3.1942222220000076, 107.62061111100002 -3.1942222220000076, 107.62061111100002 -3.192222221999998, 107.62113888900001 -3.192222221999998, 107.62113888900001 -3.1914166669999986, 107.62161111099999 -3.1914166669999986, 107.62161111099999 -3.190527777999989, 107.62213888899998 -3.190527777999989, 107.62213888899998 -3.1896111109999765, 107.62269444399999 -3.1896111109999765, 107.62324999999998 -3.1896111109999765, 107.62324999999998 -3.188666667000007, 107.62377777799998 -3.188666667000007, 107.62377777799998 -3.1877777779999974, 107.62425000000002 -3.1877777779999974, 107.62425000000002 -3.187000000000012, 107.624722222 -3.187000000000012, 107.624722222 -3.186333332999993, 107.62511111100002 -3.186333332999993, 107.62511111100002 -3.1856111110000143, 107.62552777799999 -3.1856111110000143, 107.62552777799999 -3.1850000000000023, 107.625861111 -3.1850000000000023, 107.625861111 -3.1844444440000075, 107.626166667 -3.1844444440000075, 107.626166667 -3.1840277779999724, 107.62644444400001 -3.1840277779999724, 107.62644444400001 -3.1837777779999783, 107.626166667 -3.1837777779999783, 107.626166667 -3.1834444439999743, 107.62541666700002 -3.1834444439999743, 107.62541666700002 -3.183027777999996, 107.62491666699998 -3.183027777999996, 107.62491666699998 -3.182666666999978, 107.62430555600002 -3.182666666999978, 107.62430555600002 -3.1822500000000105, 107.62394444400002 -3.1822500000000105, 107.62394444400002 -3.182666666999978, 107.62341666700001 -3.182666666999978, 107.62341666700001 -3.183027777999996, 107.62269444399999 -3.183027777999996, 107.62269444399999 -3.1834444439999743, 107.62169444400001 -3.1834444439999743, 107.62169444400001 -3.1838333329999955, 107.62127777799998 -3.1838333329999955, 107.62127777799998 -3.1846666669999877, 107.62099999999998 -3.1846666669999877, 107.62099999999998 -3.1856111110000143, 107.62063888900002 -3.1856111110000143, 107.62063888900002 -3.186333332999993, 107.62019444399999 -3.186333332999993, 107.62019444399999 -3.1869722220000085, 107.61980555600002 -3.1869722220000085, 107.61980555600002 -3.1875833330000205, 107.61944444400001 -3.1875833330000205, 107.61944444400001 -3.1879444439999816, 107.61925000000002 -3.1879444439999816, 107.61925000000002 -3.1881388890000153, 107.61944444400001 -3.1881388890000153, 107.61944444400001 -3.1888888889999976, 107.61961111099998 -3.1888888889999976, 107.61961111099998 -3.189444444000003, 107.61980555600002 -3.189444444000003, 107.61980555600002 -3.1900555560000043))",AKTIF
551,SUMATERA,MENTERI,19,KEPULAUAN BANGKA BELITUNG,05,KABUPATEN BANGKA BARAT,IUP,PT,PT TIMAH TBK,3119052112014084,81201098819560165                                                                                   ,2025-01-22,2035-07-20,OPERASI PRODUKSI,79.71,TIMAH,2,11,CNC-2,,,MENTOK,"POLYGON ((105.13475 -2.0064055560000043, 105.13630833299999 -2.0064055560000043, 105.13630833299999 -2.007355555999993, 105.13847500000003 -2.007355555999993, 105.13847500000003 -2.0083361110000055, 105.14016388900001 -2.0083361110000055, 105.14016388900001 -2.0098638889999734, 105.14204999999998 -2.0098638889999734, 105.14204999999998 -2.011819444000025, 105.14666111100001 -2.011819444000025, 105.14666111100001 -2.0078777780000223, 105.14342499999998 -2.0078777780000223, 105.14342499999998 -2.003600000000006, 105.13855555599997 -2.003600000000006, 105.13855555599997 -2.001461111000026, 105.13475 -2.001461111000026, 105.13475 -2.0064055560000043))",AKTIF
552,SUMATERA,MENTERI,19,KEPULAUAN BANGKA BELITUNG,05,KABUPATEN BANGKA BARAT,IUP,PT,PT TIMAH TBK,3119052112014096,81201098819560112                                                                                   ,2024-08-12,2035-07-20,OPERASI PRODUKSI,617.0,TIMAH,2,11,CNC-18,,,MUNTOK,"POLYGON ((105.16036944400003 -2.0270305559999997, 105.16036944400003 -2.029688888999999, 105.158116667 -2.029688888999999, 105.158116667 -2.033299999999997, 105.148258333 -2.033299999999997, 105.148258333 -2.037947222000014, 105.14553055599998 -2.037947222000014, 105.14553055599998 -2.0409833329999856, 105.14192777800002 -2.0409833329999856, 105.14192777800002 -2.053188889000012, 105.134286111 -2.053188889000012, 105.134286111 -2.0568027780000193, 105.130238889 -2.0568027780000193, 105.130238889 -2.0595138890000158, 105.12481944400002 -2.0595138890000158, 105.12481944400002 -2.062977778000004, 105.12518888900001 -2.062977778000004, 105.12518888900001 -2.069016667000028, 105.13563055600002 -2.069016667000028, 105.13563055600002 -2.0640444439999897, 105.13913888899998 -2.0640444439999897, 105.13913888899998 -2.059069443999988, 105.14027499999997 -2.059069443999988, 105.14027499999997 -2.0569305559999975, 105.14193055599998 -2.0569305559999975, 105.14193055599998 -2.057241667000028, 105.14572500000003 -2.057241667000028, 105.14572500000003 -2.056744444000003, 105.14933333300002 -2.056744444000003, 105.14933333300002 -2.0584249999999997, 105.147108333 -2.0584249999999997, 105.147108333 -2.0602916670000013, 105.14551666699998 -2.0602916670000013, 105.14551666699998 -2.062691667000024, 105.14866388899998 -2.062691667000024, 105.14866388899998 -2.065855555999974, 105.14729722200002 -2.065855555999974, 105.14729722200002 -2.073297222000008, 105.15099166700003 -2.073297222000008, 105.15099166700003 -2.0720888889999856, 105.15448055600001 -2.0720888889999856, 105.15448055600001 -2.069208333000006, 105.15139166699998 -2.069208333000006, 105.15139166699998 -2.065772222000021, 105.150877778 -2.065772222000021, 105.150877778 -2.0627583329999766, 105.154505556 -2.0627583329999766, 105.154505556 -2.061788889000013, 105.15181388899998 -2.061788889000013, 105.15181388899998 -2.056361111000001, 105.14911944400001 -2.056361111000001, 105.14911944400001 -2.0506055559999936, 105.14733055599999 -2.0506055559999936, 105.14733055599999 -2.0444388889999914, 105.15047222200002 -2.0444388889999914, 105.15047222200002 -2.041894443999979, 105.15272222200002 -2.041894443999979, 105.15272222200002 -2.0355111110000053, 105.154927778 -2.0355111110000053, 105.154927778 -2.0378277780000076, 105.157216667 -2.0378277780000076, 105.157216667 -2.040091667000013, 105.16350555600002 -2.040091667000013, 105.16350555600002 -2.0354083330000208, 105.165761111 -2.0354083330000208, 105.165761111 -2.031052778000003, 105.164319444 -2.031052778000003, 105.164319444 -2.0285722219999798, 105.16336111099997 -2.0285722219999798, 105.16336111099997 -2.0270305559999997, 105.16036944400003 -2.0270305559999997))",AKTIF
553,SUMATERA,MENTERI,19,KEPULAUAN BANGKA BELITUNG,04,KABUPATEN BANGKA TENGAH,IUP,PT,PT PREMIUM TIN INDONESIA,3119042112014042,81202181115420003                                                                                   ,2023-06-06,2033-01-10,OPERASI PRODUKSI,73.18,TIMAH,2,11,CNC-17,,,"DESA KERETAK, KEC. SUNGAISELAN, KABUPATEN BANGKA TENGAH","POLYGON ((106.02128055600002 -2.3046222219999777, 106.02128055600002 -2.315727777999996, 106.02661111100002 -2.315727777999996, 106.02661111100002 -2.3046222219999777, 106.02128055600002 -2.3046222219999777))",AKTIF
557,SUMATERA,MENTERI,19,KEPULAUAN BANGKA BELITUNG,01,KABUPATEN BANGKA,IUP,PT,PT TIMAH TBK,3119012112014044,81201098819560218                                                                                   ,2025-02-28,2035-07-20,OPERASI PRODUKSI,2217.0,TIMAH,2,11,CNC-14,,,SUNGAI LIAT,"POLYGON ((106.15913888900002 -1.9193944439999768, 106.15913888900002 -1.9177527780000219, 106.15697222199998 -1.9177527780000219, 106.15697222199998 -1.9200166670000272, 106.15315277799999 -1.9200166670000272, 106.15315277799999 -1.92543888900002, 106.14776111100002 -1.92543888900002, 106.14776111100002 -1.9200138890000176, 106.14416111100002 -1.9200138890000176, 106.14416111100002 -1.9154944439999895, 106.14011666699997 -1.9154944439999895, 106.14011666699997 -1.9257222219999903, 106.141577778 -1.9257222219999903, 106.141577778 -1.928583333000006, 106.14265833299999 -1.928583333000006, 106.14265833299999 -1.9295694439999806, 106.143522222 -1.9295694439999806, 106.143522222 -1.9310361110000258, 106.14159722199997 -1.9310361110000258, 106.14159722199997 -1.9301416669999867, 106.14011666699997 -1.9301416669999867, 106.14011666699997 -1.9304138890000218, 106.13810277800002 -1.9304138890000218, 106.13810277800002 -1.9367444439999986, 106.14956111100003 -1.9367444439999986, 106.14956111100003 -1.9417222220000099, 106.145069444 -1.9417222220000099, 106.145069444 -1.945338889000027, 106.14102777800002 -1.945338889000027, 106.14102777800002 -1.9561944440000048, 106.13562777800001 -1.9561944440000048, 106.13562777800001 -1.9631944440000098, 106.14281388900002 -1.9631944440000098, 106.14281388900002 -1.9600333330000126, 106.14596111100002 -1.9600333330000126, 106.14596111100002 -1.9720249999999737, 106.12888333299998 -1.9720249999999737, 106.12888333299998 -1.9665972220000185, 106.12237222200002 -1.9665972220000185, 106.12237222200002 -1.9598138889999746, 106.124616667 -1.9598138889999746, 106.124616667 -1.9548388889999728, 106.11204166700003 -1.9548388889999728, 106.11204166700003 -1.9661444440000082, 106.11113888900002 -1.9661444440000082, 106.11113888900002 -1.9715722220000202, 106.10911666700002 -1.9715722220000202, 106.10911666700002 -1.9772166669999933, 106.111133333 -1.9772166669999933, 106.111133333 -1.9824166669999954, 106.11496388900002 -1.9824166669999954, 106.11496388900002 -1.9982444440000222, 106.11181944399999 -1.9982444440000222, 106.11181944399999 -2.010175000000004, 106.11563055599999 -2.010175000000004, 106.11563055599999 -2.0127166670000065, 106.12395833300002 -2.0127166670000065, 106.12395833300002 -2.007291667000004, 106.12709444400002 -2.007291667000004, 106.12709444400002 -2.0041249999999877, 106.14012500000001 -2.0041249999999877, 106.14012500000001 -2.001408332999972, 106.141816667 -2.001408332999972, 106.141816667 -1.996366667000018, 106.14083888900001 -1.996366667000018, 106.14083888900001 -1.9887888889999772, 106.14009166699998 -1.9887888889999772, 106.14009166699998 -1.9852611109999998, 106.142808333 -1.9852611109999998, 106.142808333 -1.9800305559999742, 106.14486388900002 -1.9800305559999742, 106.14486388900002 -1.9761250000000246, 106.145930556 -1.9761250000000246, 106.145930556 -1.9742555560000028, 106.147477778 -1.9742555560000028, 106.147477778 -1.9698750000000018, 106.146963889 -1.9698750000000018, 106.146963889 -1.9667249999999967, 106.14793611099998 -1.9667249999999967, 106.14793611099998 -1.9629638889999796, 106.14932499999998 -1.9629638889999796, 106.14932499999998 -1.959799999999973, 106.15185555599999 -1.959799999999973, 106.15185555599999 -1.9545777779999867, 106.15102777800001 -1.9545777779999867, 106.15102777800001 -1.949688889000015, 106.151936111 -1.949688889000015, 106.151936111 -1.9468277779999994, 106.15317222200002 -1.9468277779999994, 106.15317222200002 -1.9326694439999983, 106.15365000000003 -1.9326694439999983, 106.15365000000003 -1.9270916670000133, 106.15503055599999 -1.9270916670000133, 106.15503055599999 -1.9245166669999776, 106.15608888899999 -1.9245166669999776, 106.15608888899999 -1.9223388890000024, 106.15714722199999 -1.9223388890000024, 106.15714722199999 -1.9208055560000048, 106.15853611099999 -1.9208055560000048, 106.15853611099999 -1.9193944439999768, 106.15913888900002 -1.9193944439999768))",AKTIF
592,SUMATERA,MENTERI,19,KEPULAUAN BANGKA BELITUNG,04,KABUPATEN BANGKA TENGAH,IUP,PT,PT TIMAH TBK,3119042112014012,81201098819560111                                                                                   ,2025-05-26,2035-07-21,OPERASI PRODUKSI,5039.17,TIMAH,2,11,CNC-14,,,"DESA BATU BERIGA, KEC. LUBUK BESAR","POLYGON ((106.83032500000002 -2.588799999999992, 106.82876666700002 -2.588799999999992, 106.82876666700002 -2.5891583330000003, 106.82318333299997 -2.5891583330000003, 106.82318333299997 -2.5857750000000124, 106.82241388900002 -2.5857750000000124, 106.82241388900002 -2.5842027780000194, 106.82164444400001 -2.5842027780000194, 106.82164444400001 -2.5828055559999825, 106.82073888899998 -2.5828055559999825, 106.82073888899998 -2.5816222220000213, 106.81962777799998 -2.5816222220000213, 106.81962777799998 -2.5802833330000112, 106.81589166700002 -2.5802833330000112, 106.81589166700002 -2.5789194440000074, 106.80980833299998 -2.5789194440000074, 106.80980833299998 -2.5800833330000046, 106.80626666699999 -2.5800833330000046, 106.80626666699999 -2.581933332999995, 106.80165 -2.581933332999995, 106.80165 -2.5838416670000015, 106.79712222199998 -2.5838416670000015, 106.79712222199998 -2.586266667000018, 106.79165277800001 -2.586266667000018, 106.79165277800001 -2.5883833330000243, 106.78772222200001 -2.5883833330000243, 106.78772222200001 -2.591227778000018, 106.78502500000002 -2.591227778000018, 106.78502500000002 -2.5969833330000256, 106.782191667 -2.5969833330000256, 106.782191667 -2.599997222000013, 106.77965277800001 -2.599997222000013, 106.77965277800001 -2.602666666999994, 106.77660277799998 -2.602666666999994, 106.77660277799998 -2.6069722220000244, 106.773802778 -2.6069722220000244, 106.773802778 -2.609333332999995, 106.77015833299998 -2.609333332999995, 106.77015833299998 -2.603930556000023, 106.768325 -2.603930556000023, 106.768325 -2.6016555560000256, 106.766313889 -2.6016555560000256, 106.766313889 -2.600516667000022, 106.75959722200002 -2.600516667000022, 106.75959722200002 -2.603988888999993, 106.75467500000002 -2.603988888999993, 106.75467500000002 -2.6078999999999724, 106.749563889 -2.6078999999999724, 106.749563889 -2.612088889000006, 106.74481944399997 -2.612088889000006, 106.74481944399997 -2.617597221999972, 106.74043055599998 -2.617597221999972, 106.74043055599998 -2.6405388890000268, 106.83032500000002 -2.6405388890000268, 106.83032500000002 -2.588799999999992))",AKTIF
593,SUMATERA,Menteri,19,KEPULAUAN BANGKA BELITUNG,03,KABUPATEN BANGKA SELATAN,IUP,PT,PT TIMAH TBK,3119032112014015,81201098819560183,2025-07-20,2035-07-20,OPERASI PRODUKSI,375.0,TIMAH,2,11,CNC-2,,,"DESA TANJUNG LABU, KEC. LEPAR PONGOK, KABUPATEN BANGKA SELATAN","POLYGON ((106.87819444399997 -2.947063888999992, 106.87819444399997 -2.951361110999983, 106.87663055600001 -2.951361110999983, 106.87663055600001 -2.9617583329999775, 106.87955555600001 -2.9617583329999775, 106.87955555600001 -2.967405556000017, 106.88383333299998 -2.967405556000017, 106.88383333299998 -2.974863889000005, 106.888111111 -2.974863889000005, 106.888111111 -2.9823222219999934, 106.89080555599998 -2.9823222219999934, 106.89080555599998 -2.9853111109999872, 106.89257500000002 -2.9853111109999872, 106.89257500000002 -2.9837666669999976, 106.89394166699998 -2.9837666669999976, 106.89394166699998 -2.9825888889999987, 106.89474999999999 -2.9825888889999987, 106.89474999999999 -2.9818833329999848, 106.895427778 -2.9818833329999848, 106.895427778 -2.9814583329999778, 106.896116667 -2.9814583329999778, 106.896116667 -2.9810666669999932, 106.89668888900002 -2.9810666669999932, 106.89668888900002 -2.980736110999999, 106.89732777799998 -2.980736110999999, 106.89732777799998 -2.9793805560000237, 106.89485000000002 -2.9793805560000237, 106.89485000000002 -2.9726, 106.892597222 -2.9726, 106.892597222 -2.9655944439999757, 106.887647222 -2.9655944439999757, 106.887647222 -2.9597194439999726, 106.88359166700002 -2.9597194439999726, 106.88359166700002 -2.947063888999992, 106.87819444399997 -2.947063888999992))",AKTIF
594,SUMATERA,MENTERI,19,KEPULAUAN BANGKA BELITUNG,06,KABUPATEN BELITUNG TIMUR,IUP,PT,PT TIMAH TBK,3119062112014092,81201098819560159                                                                                   ,2024-12-20,2035-07-21,OPERASI PRODUKSI,4653.0,TIMAH,2,11,CNC-1,,,MANGGAR,"POLYGON ((108.07569444400002 -2.9467222220000053, 108.07569444400002 -2.96444444399998, 108.08241666700002 -2.96444444399998, 108.08241666700002 -2.968027778000021, 108.09813888899998 -2.968027778000021, 108.09813888899998 -2.9756944439999984, 108.10561111099997 -2.9756944439999984, 108.10561111099997 -2.973472221999998, 108.11836111100001 -2.973472221999998, 108.11836111100001 -2.9860277779999933, 108.106 -2.9860277779999933, 108.106 -2.9944444440000098, 108.10041666699999 -2.9944444440000098, 108.10041666699999 -2.980944443999988, 108.05788888900003 -2.980944443999988, 108.05788888900003 -2.970583332999979, 108.05091666700002 -2.970583332999979, 108.05091666700002 -2.979750000000024, 108.04822222199999 -2.979750000000024, 108.04822222199999 -2.984277777999978, 108.04008333299998 -2.984277777999978, 108.04008333299998 -3.006888888999981, 108.04641666700002 -3.006888888999981, 108.04641666700002 -3.0132222220000244, 108.05902777799997 -3.0132222220000244, 108.05902777799997 -3.006888888999981, 108.06441666699999 -3.006888888999981, 108.06441666699999 -3.0103333330000055, 108.081472222 -3.0103333330000055, 108.081472222 -3.0222777779999888, 108.09141666699998 -3.0222777779999888, 108.09141666699998 -3.021494443999984, 108.090602778 -3.021494443999984, 108.090602778 -3.0210277780000183, 108.08980555599999 -3.0210277780000183, 108.08980555599999 -3.020505555999989, 108.08910555599999 -3.020505555999989, 108.08910555599999 -3.0200777779999726, 108.08834722199998 -3.0200777779999726, 108.08834722199998 -3.0197499999999877, 108.087333333 -3.0197499999999877, 108.087333333 -3.017774999999972, 108.08921666700002 -3.017774999999972, 108.08921666700002 -3.0182611110000153, 108.09005277799997 -3.0182611110000153, 108.09005277799997 -3.018744443999992, 108.090811111 -3.018744443999992, 108.090811111 -3.019405555999981, 108.09141666699998 -3.019405555999981, 108.09141666699998 -3.016869444000008, 108.09698333300003 -3.016869444000008, 108.09698333300003 -3.015497222000022, 108.09764444400003 -3.015497222000022, 108.09764444400003 -3.0145222219999823, 108.09848888900001 -3.0145222219999823, 108.09848888900001 -3.0137583329999984, 108.09924444400002 -3.0137583329999984, 108.09924444400002 -3.012211110999999, 108.09703333300001 -3.012211110999999, 108.09703333300001 -3.01288888900001, 108.09436111100001 -3.01288888900001, 108.09436111100001 -3.0109055560000115, 108.095086111 -3.0109055560000115, 108.095086111 -3.0097749999999905, 108.09611111100003 -3.0097749999999905, 108.09611111100003 -3.008519444000001, 108.09850833299998 -3.008519444000001, 108.09850833299998 -3.0094916670000202, 108.09936666700003 -3.0094916670000202, 108.09936666700003 -3.010180556000023, 108.10005277800002 -3.010180556000023, 108.10005277800002 -3.01094999999998, 108.10118055599997 -3.01094999999998, 108.10118055599997 -3.010366667000028, 108.10415833299999 -3.010366667000028, 108.10415833299999 -3.011944443999994, 108.10336388899998 -3.011944443999994, 108.10336388899998 -3.012758333000022, 108.10271111100002 -3.012758333000022, 108.10271111100002 -3.013633332999973, 108.101991667 -3.013633332999973, 108.101991667 -3.014297221999982, 108.10146111099999 -3.014297221999982, 108.10146111099999 -3.0152722220000214, 108.10070555599998 -3.0152722220000214, 108.10070555599998 -3.016097221999985, 108.09998611100002 -3.016097221999985, 108.09998611100002 -3.0168611110000256, 108.105194444 -3.0168611110000256, 108.105194444 -3.0049999999999955, 108.11563888900002 -3.0049999999999955, 108.11563888900002 -2.9913888890000067, 108.13592499999999 -2.9913888890000067, 108.13592499999999 -2.987863888999982, 108.14097222200002 -2.987863888999982, 108.14097222200002 -2.98066666699998, 108.150944444 -2.98066666699998, 108.150944444 -2.9721666670000104, 108.15436111100001 -2.9721666670000104, 108.15436111100001 -2.9679944439999986, 108.14846666699998 -2.9679944439999986, 108.14846666699998 -2.962472221999974, 108.104916667 -2.962472221999974, 108.104916667 -2.95261111100001, 108.09680555599999 -2.95261111100001, 108.09680555599999 -2.949916667000025, 108.091472222 -2.949916667000025, 108.091472222 -2.9584722220000117, 108.08780555599998 -2.9584722220000117, 108.08780555599998 -2.9467222220000053, 108.07569444400002 -2.9467222220000053))",AKTIF
597,SUMATERA,MENTERI,19,KEPULAUAN BANGKA BELITUNG,04,KABUPATEN BANGKA TENGAH,IUP,PT,PT TIMAH TBK,3119042112014032,81201098819560152                                                                                   ,2025-03-24,2035-07-21,OPERASI PRODUKSI,356.8,TIMAH,2,11,CNC-16,,,KOBA,"POLYGON ((106.53447222199998 -2.5784499999999753, 106.556772222 -2.5784499999999753, 106.556772222 -2.5769333329999995, 106.55525555600002 -2.5769333329999995, 106.55525555600002 -2.5571916669999837, 106.560702778 -2.5571916669999837, 106.560702778 -2.5479277779999734, 106.55829166699999 -2.5479277779999734, 106.55829166699999 -2.5421138890000066, 106.55678055599998 -2.5421138890000066, 106.55678055599998 -2.5466111110000043, 106.55314166699998 -2.5466111110000043, 106.55314166699998 -2.5502500000000055, 106.55183055600003 -2.5502500000000055, 106.55183055600003 -2.5592777780000233, 106.54886111100001 -2.5592777780000233, 106.54886111100001 -2.5651694439999915, 106.545288889 -2.5651694439999915, 106.545288889 -2.576913889000025, 106.53447222199998 -2.576913889000025, 106.53447222199998 -2.5784499999999753))",AKTIF
716,SUMATERA,MENTERI,19,KEPULAUAN BANGKA BELITUNG,03,KABUPATEN BANGKA SELATAN,IUP,PT,PT TIMAH TBK,3119032112014031,81201098819560131                                                                                   ,2025-05-21,2035-07-20,OPERASI PRODUKSI,4403.0,TIMAH,2,11,CNC-2,,,"WIL. TANJUNG KUBU, KEC. TOBOALI","POLYGON ((106.52583333299998 -3.1063888890000158, 106.52583333299998 -3.1161111110000093, 106.65638888900003 -3.1161111110000093, 106.65638888900003 -3.1013888890000203, 106.65277777799997 -3.1013888890000203, 106.65277777799997 -3.0866666669999745, 106.63999999999999 -3.0866666669999745, 106.63999999999999 -3.0822222219999844, 106.622222222 -3.0822222219999844, 106.622222222 -3.086388888999977, 106.61388888900001 -3.086388888999977, 106.61388888900001 -3.089166666999972, 106.60416666700002 -3.089166666999972, 106.60416666700002 -3.079999999999984, 106.561944444 -3.079999999999984, 106.561944444 -3.089166666999972, 106.55333333300001 -3.089166666999972, 106.55333333300001 -3.1108333330000164, 106.54388888900002 -3.1108333330000164, 106.54388888900002 -3.102777778000018, 106.53222222199997 -3.102777778000018, 106.53222222199997 -3.1063888890000158, 106.52583333299998 -3.1063888890000158))",AKTIF
781,SUMATERA,MENTERI,19,KEPULAUAN BANGKA BELITUNG,05,KABUPATEN BANGKA BARAT,IUP,PT,PT TIMAH TBK,3119052112014061,81201098819560125                                                                                   ,2024-08-12,2035-07-20,OPERASI PRODUKSI,1032.0,TIMAH,2,11,CNC-2,,,MUNTOK,"POLYGON ((105.15571111100002 -1.958705555999984, 105.15571111100002 -1.9724861110000234, 105.15300000000002 -1.9724861110000234, 105.15300000000002 -1.969600000000014, 105.15097777800003 -1.969600000000014, 105.15097777800003 -1.9659916670000257, 105.14552500000002 -1.9659916670000257, 105.14552500000002 -1.9641888890000132, 105.13783055599998 -1.9641888890000132, 105.13783055599998 -1.970036111000013, 105.147636111 -1.970036111000013, 105.147636111 -1.9731249999999818, 105.15078888900001 -1.9731249999999818, 105.15078888900001 -1.9776305560000083, 105.15265555600001 -1.9776305560000083, 105.15265555600001 -1.98075277800001, 105.157677778 -1.98075277800001, 105.157677778 -1.9888305559999822, 105.16021666699999 -1.9888305559999822, 105.16021666699999 -1.9997638890000076, 105.16386111100002 -1.9997638890000076, 105.16386111100002 -2.0011916670000005, 105.16507777800001 -2.0011916670000005, 105.16507777800001 -2.0016833330000168, 105.166186111 -2.0016833330000168, 105.166186111 -2.002113888999986, 105.16678333300001 -2.002113888999986, 105.16678333300001 -2.002769444000023, 105.16712222199999 -2.002769444000023, 105.16712222199999 -1.993186111, 105.169519444 -1.993186111, 105.169519444 -1.9748194439999907, 105.16704722200001 -1.9748194439999907, 105.16704722200001 -1.9678277780000144, 105.16483888900001 -1.9678277780000144, 105.16483888900001 -1.960094443999992, 105.16347777800001 -1.960094443999992, 105.16347777800001 -1.947947221999982, 105.16601944400003 -1.947947221999982, 105.16601944400003 -1.9575888890000215, 105.16874722199998 -1.9575888890000215, 105.16874722199998 -1.9677277779999827, 105.17008055600002 -1.9677277779999827, 105.17008055600002 -1.9727944439999874, 105.171280556 -1.9727944439999874, 105.171280556 -1.9778944440000146, 105.176294444 -1.9778944440000146, 105.176294444 -1.965716666999981, 105.17493611100002 -1.965716666999981, 105.17493611100002 -1.956427777999977, 105.17236111099999 -1.956427777999977, 105.17236111099999 -1.9499694439999757, 105.17098055600002 -1.9499694439999757, 105.17098055600002 -1.9375277780000033, 105.16683888900002 -1.9375277780000033, 105.16683888900002 -1.9401694439999915, 105.16544166699998 -1.9401694439999915, 105.16544166699998 -1.9417166669999801, 105.16496944400001 -1.9417166669999801, 105.16496944400001 -1.9463388890000033, 105.162627778 -1.9463388890000033, 105.162627778 -1.947883332999993, 105.16190833299999 -1.947883332999993, 105.16190833299999 -1.9517777780000074, 105.159477778 -1.9517777780000074, 105.159477778 -1.952741666999998, 105.15894166700002 -1.952741666999998, 105.15894166700002 -1.9567444439999804, 105.156208333 -1.9567444439999804, 105.156208333 -1.958705555999984, 105.15571111100002 -1.958705555999984))",AKTIF
782,SUMATERA,MENTERI,19,KEPULAUAN BANGKA BELITUNG,05,KABUPATEN BANGKA BARAT,IUP,PT,PT TIMAH TBK,3119052112014112,81201098819560168                                                                                   ,2025-04-30,2035-07-20,OPERASI PRODUKSI,51.34,TIMAH,2,11,CNC-14,,,MUNTOK,"POLYGON ((105.181613889 -2.0344055560000243, 105.181613889 -2.036094444000014, 105.17948888900003 -2.036094444000014, 105.17948888900003 -2.041183332999992, 105.18389722199998 -2.041183332999992, 105.18389722199998 -2.0418305559999794, 105.18527222199998 -2.0418305559999794, 105.18527222199998 -2.037516666999977, 105.18726944399998 -2.037516666999977, 105.18726944399998 -2.0348333329999946, 105.18455 -2.0348333329999946, 105.18455 -2.0344055560000243, 105.181613889 -2.0344055560000243))",AKTIF
920,SUMATERA,GUBERNUR,19,KEPULAUAN BANGKA BELITUNG,00,4-12 MIL LAUT,IUP,PT,PT MITRA SUKSES GLOBALINDO,2119002112014161,188.44/051/DPE/2012,2012-01-20,2031-12-31,OPERASI PRODUKSI,1451.0,TIMAH DMP,2,11,CNC-1, ,BLOK SANGAU C2,LAUT TANJUNG SANGAU,"POLYGON ((105.54500000000002 -1.4241670000000113, 105.54500000000002 -1.4427779999999757, 105.60805599999998 -1.4427779999999757, 105.60805599999998 -1.4241670000000113, 105.54500000000002 -1.4241670000000113))",AKTIF
937,SUMATERA,GUBERNUR,19,KEPULAUAN BANGKA BELITUNG,02,KABUPATEN BELITUNG,IUP,CV,CV TUNAS MANDIRI PERSADA,3119025182014066,91200181828910005                                                                                   ,2024-01-19,2029-01-19,OPERASI PRODUKSI,106.8,TANAH LIAT,5,18,CNC-17,,,DESA MENTIGI KEC. MEMBALONG KABUPATEN BELITUNG,"POLYGON ((107.65647222199999 -3.1941666669999904, 107.65647222199999 -3.206416666999985, 107.66258333299999 -3.206416666999985, 107.66258333299999 -3.190194443999985, 107.66230555599998 -3.190194443999985, 107.66230555599998 -3.1905833330000064, 107.66172222199998 -3.1905833330000064, 107.66172222199998 -3.1910277779999774, 107.660972222 -3.1910277779999774, 107.660972222 -3.1915833329999828, 107.66008333299999 -3.1915833329999828, 107.66008333299999 -3.192222221999998, 107.65919444399998 -3.192222221999998, 107.65919444399998 -3.1928611110000134, 107.65816666699999 -3.1928611110000134, 107.65816666699999 -3.1935555559999784, 107.65730555599998 -3.1935555559999784, 107.65730555599998 -3.1941666669999904, 107.65647222199999 -3.1941666669999904))",AKTIF
967,SUMATERA,GUBERNUR,19,KEPULAUAN BANGKA BELITUNG,01,KABUPATEN BANGKA,IUP,PT,PT SARANA MARINDO,2119002112014187,188.44/472.B/ESDM/2017                                                                              ,2017-03-30,2027-03-30,OPERASI PRODUKSI,564.3,TIMAH,2,11,CNC-1,,,LAUT PENYUSUK,"POLYGON ((105.66522222200001 -1.4565000000000055, 105.66522222200001 -1.4682500000000118, 105.72330555600001 -1.4682500000000118, 105.72330555600001 -1.4617777779999983, 105.6805 -1.4617777779999983, 105.6805 -1.4565000000000055, 105.66522222200001 -1.4565000000000055))",AKTIF
968,SUMATERA,MENTERI,19,KEPULAUAN BANGKA BELITUNG,02,KABUPATEN BELITUNG,IUP,PT,PT TIMAH TBK,2119002112014117,81201098819560205                                                                                   ,2025-05-05,2035-07-20,OPERASI PRODUKSI,1219.0,TIMAH,2,11,CNC-1,,,GUNUNG  TAMPONG  (KABUPATEN  BELITUNG)  DAN  KELAPA  KAMPIT,"MULTIPOLYGON (((107.90116666699998 -2.6175833330000273, 107.86938888899999 -2.6175833330000273, 107.86938888899999 -2.6330277779999847, 107.916888889 -2.6330277779999847, 107.916888889 -2.62930555600002, 107.916888889 -2.623444443999972, 107.90116666699998 -2.623444443999972, 107.90116666699998 -2.6175833330000273)), ((107.967361111 -2.62930555600002, 107.967361111 -2.621638888999996, 107.97547222200001 -2.621638888999996, 107.97547222200001 -2.59811111099998, 107.96558333299998 -2.59811111099998, 107.96558333299998 -2.61530555600001, 107.959277778 -2.61530555600001, 107.959277778 -2.62930555600002, 107.967361111 -2.62930555600002)))",AKTIF
1098,SUMATERA,MENTERI,19,KEPULAUAN BANGKA BELITUNG,05,KABUPATEN BANGKA BARAT,IUP,PT,PT TIMAH TBK,3119052112014098,81201098819560173                                                                                   ,2025-01-22,2035-07-20,OPERASI PRODUKSI,54.6,TIMAH,2,11,CNC-3,,,TEMPILANG,"POLYGON ((105.67268333300001 -2.1238833329999807, 105.67268333300001 -2.1172750000000065, 105.672297222 -2.1172750000000065, 105.672297222 -2.114127778000011, 105.675725 -2.114127778000011, 105.675725 -2.116874999999993, 105.67807222200003 -2.116874999999993, 105.67807222200003 -2.11855555599999, 105.67988611099997 -2.11855555599999, 105.67988611099997 -2.113944444000026, 105.66969999999998 -2.113944444000026, 105.66969999999998 -2.1238833329999807, 105.67268333300001 -2.1238833329999807))",AKTIF
1157,SUMATERA,MENTERI,19,KEPULAUAN BANGKA BELITUNG,05,KABUPATEN BANGKA BARAT,IUP,PT,PT TIMAH TBK,3119052112014062,81201098819560206                                                                                   ,2025-05-06,2035-07-20,OPERASI PRODUKSI,921.6,TIMAH,2,11,CNC-3,,,MUNTOK,"POLYGON ((105.20010277799997 -1.931263888999979, 105.19019444399999 -1.931263888999979, 105.19019444399999 -1.9348222219999798, 105.19274444400003 -1.9348222219999798, 105.19274444400003 -1.9401777780000202, 105.195688889 -1.9401777780000202, 105.195688889 -1.9469250000000216, 105.197977778 -1.9469250000000216, 105.197977778 -1.9536472219999723, 105.20055000000002 -1.9536472219999723, 105.20055000000002 -1.9686305559999937, 105.19713333300001 -1.9686305559999937, 105.19713333300001 -1.9725444439999933, 105.196113889 -1.9725444439999933, 105.196113889 -1.976722221999978, 105.19256111099997 -1.976722221999978, 105.19256111099997 -1.9815944439999953, 105.18938611099998 -1.9815944439999953, 105.18938611099998 -1.9861222220000059, 105.18632777800002 -1.9861222220000059, 105.18632777800002 -1.9900722219999807, 105.18176666699998 -1.9900722219999807, 105.18176666699998 -1.9981527780000192, 105.19031388899998 -1.9981527780000192, 105.19031388899998 -1.9865138889999798, 105.19121388899998 -1.9865138889999798, 105.19121388899998 -1.985847222000018, 105.19181111099999 -1.985847222000018, 105.19181111099999 -1.9854444439999952, 105.19225 -1.9854444439999952, 105.19225 -1.9850250000000074, 105.19279722200002 -1.9850250000000074, 105.19279722200002 -1.9842944439999997, 105.20071388899999 -1.9842944439999997, 105.20071388899999 -1.9815305559999956, 105.20526111100003 -1.9815305559999956, 105.20526111100003 -1.9838194440000052, 105.219491667 -1.9838194440000052, 105.219491667 -1.9771111109999993, 105.21391388900003 -1.9771111109999993, 105.21391388900003 -1.9738083330000222, 105.20801111100002 -1.9738083330000222, 105.20801111100002 -1.9684750000000122, 105.21031944399999 -1.9684750000000122, 105.21031944399999 -1.9523750000000177, 105.20789722199999 -1.9523750000000177, 105.20789722199999 -1.9469277779999743, 105.20460000000003 -1.9469277779999743, 105.20460000000003 -1.942036110999993, 105.20252499999998 -1.942036110999993, 105.20252499999998 -1.9367527780000273, 105.20010277799997 -1.9367527780000273, 105.20010277799997 -1.931263888999979))",AKTIF
1158,SUMATERA,MENTERI,19,KEPULAUAN BANGKA BELITUNG,05,KABUPATEN BANGKA BARAT,IUP,PT,PT TIMAH TBK,3119052112014016,81201098819560092                                                                                   ,2025-05-05,2035-07-20,OPERASI PRODUKSI,5383.5,TIMAH,2,11,CNC-3,,,LAUT TEMPILANG KEC. TEMPILANG,"POLYGON ((105.64010555599998 -2.120277778000002, 105.60751944399999 -2.120277778000002, 105.60751944399999 -2.166872221999995, 105.70640277799998 -2.166872221999995, 105.70640277799998 -2.1273194440000225, 105.68488333300002 -2.1273194440000225, 105.68488333300002 -2.129555556000014, 105.67989722200002 -2.129555556000014, 105.67989722200002 -2.1238722219999886, 105.66968888899999 -2.1238722219999886, 105.66968888899999 -2.1252416670000116, 105.66689444399998 -2.1252416670000116, 105.66689444399998 -2.1277055560000235, 105.6603 -2.1277055560000235, 105.6603 -2.12351666699999, 105.66157500000003 -2.12351666699999, 105.66157500000003 -2.118338888999972, 105.64010555599998 -2.118338888999972, 105.64010555599998 -2.120277778000002))",AKTIF
1225,SUMATERA,MENTERI,19,KEPULAUAN BANGKA BELITUNG,01,KABUPATEN BANGKA,IUP,PT,PT AEGA PRIMA,2119002112014155,02202006025250014                                                                                   ,2024-09-26,2035-05-02,OPERASI PRODUKSI,293.0,TIMAH,2,11,CNC-1,,,BELINYU (WILAYAH LAUT TELUK KELABAT YANG BERJARAK 4 S.D 12 MIL DARI GARIS PANTAI),"POLYGON ((105.65308333299998 -1.4353333330000169, 105.65308333299998 -1.441250000000025, 105.658722222 -1.441250000000025, 105.658722222 -1.444749999999999, 105.66663888900001 -1.444749999999999, 105.66663888900001 -1.4488333329999818, 105.66894444399998 -1.4488333329999818, 105.66894444399998 -1.4505833329999973, 105.67236111099999 -1.4505833329999973, 105.67236111099999 -1.4524166670000227, 105.67480555600002 -1.4524166670000227, 105.67480555600002 -1.4558333329999869, 105.678833333 -1.4558333329999869, 105.678833333 -1.449583333000021, 105.676888889 -1.449583333000021, 105.676888889 -1.44608333299999, 105.67372222199998 -1.44608333299999, 105.67372222199998 -1.4437222220000194, 105.67236111099999 -1.4437222220000194, 105.67236111099999 -1.4383055559999889, 105.67061111100003 -1.4383055559999889, 105.67061111100003 -1.4353333330000169, 105.65308333299998 -1.4353333330000169))",AKTIF
1272,SUMATERA,MENTERI,19,KEPULAUAN BANGKA BELITUNG,01,KABUPATEN BANGKA,IUP,PT,PT TIMAH TBK,3119012112014152,81201098819560119                                                                                   ,2024-11-17,2037-07-21,OPERASI PRODUKSI,25910.0,TIMAH,2,11,CNC-18,,,BELINYU,"POLYGON ((105.89711666699998 -1.6934722220000253, 105.89314999999999 -1.6934722220000253, 105.89314999999999 -1.6974555560000226, 105.88375555599998 -1.6974555560000226, 105.88375555599998 -1.6945555560000116, 105.87363333299999 -1.6945555560000116, 105.87363333299999 -1.7037861109999994, 105.87063611100001 -1.7037861109999994, 105.87063611100001 -1.7119333329999904, 105.87875833300001 -1.7119333329999904, 105.87875833300001 -1.7232694439999818, 105.870527778 -1.7232694439999818, 105.870527778 -1.727316667000025, 105.86477500000001 -1.727316667000025, 105.86477500000001 -1.7311805560000266, 105.85790555599999 -1.7311805560000266, 105.85790555599999 -1.7239111110000067, 105.848763889 -1.7239111110000067, 105.848763889 -1.728680555999972, 105.854466667 -1.728680555999972, 105.854466667 -1.7450722219999761, 105.85136111100002 -1.7450722219999761, 105.85136111100002 -1.7508000000000266, 105.848075 -1.7508000000000266, 105.848075 -1.7588611109999874, 105.84650555600001 -1.7588611109999874, 105.84650555600001 -1.7681194439999786, 105.83197777800001 -1.7681194439999786, 105.83197777800001 -1.757891667000024, 105.83625555600003 -1.757891667000024, 105.83625555600003 -1.7527499999999918, 105.839477778 -1.7527499999999918, 105.839477778 -1.738411111000005, 105.83692777800002 -1.738411111000005, 105.83692777800002 -1.7350944440000262, 105.83176111099999 -1.7350944440000262, 105.83176111099999 -1.7467666669999744, 105.81801388899999 -1.7467666669999744, 105.81801388899999 -1.7391527780000047, 105.81975 -1.7391527780000047, 105.81975 -1.7356333330000098, 105.82273611099998 -1.7356333330000098, 105.82273611099998 -1.7147166670000047, 105.81772222199999 -1.7147166670000047, 105.81772222199999 -1.7314833330000283, 105.81453333299999 -1.7314833330000283, 105.81453333299999 -1.7354277779999734, 105.81170277799998 -1.7354277779999734, 105.81170277799998 -1.7401611110000204, 105.807736111 -1.7401611110000204, 105.807736111 -1.7239222219999988, 105.81250555600002 -1.7239222219999988, 105.81250555600002 -1.7177833329999999, 105.80255555600002 -1.7177833329999999, 105.80255555600002 -1.7302500000000123, 105.79755 -1.7302500000000123, 105.79755 -1.7372777780000206, 105.80265277799998 -1.7372777780000206, 105.80265277799998 -1.7468666670000061, 105.800605556 -1.7468666670000061, 105.800605556 -1.7571805559999802, 105.80061111100002 -1.7571805559999802, 105.80061111100002 -1.758944444000008, 105.80144999999999 -1.758944444000008, 105.80144999999999 -1.7604916669999966, 105.801891667 -1.7604916669999966, 105.801891667 -1.7611055560000182, 105.803055556 -1.7611055560000182, 105.803055556 -1.7625944440000012, 105.80787222200001 -1.7625944440000012, 105.80787222200001 -1.7679083329999798, 105.81026666700001 -1.7679083329999798, 105.81026666700001 -1.7704583330000219, 105.81077499999998 -1.7704583330000219, 105.81077499999998 -1.7710777780000058, 105.81332777799997 -1.7710777780000058, 105.81332777799997 -1.7737388890000148, 105.815055556 -1.7737388890000148, 105.815055556 -1.7754444440000157, 105.81681944399998 -1.7754444440000157, 105.81681944399998 -1.7775027779999846, 105.81959722200003 -1.7775027779999846, 105.81959722200003 -1.7804555559999926, 105.82192777799997 -1.7804555559999926, 105.82192777799997 -1.7828722219999804, 105.823494444 -1.7828722219999804, 105.823494444 -1.7846611109999913, 105.82528888899998 -1.7846611109999913, 105.82528888899998 -1.7864666670000133, 105.82760277800003 -1.7864666670000133, 105.82760277800003 -1.7890055560000064, 105.82940555599998 -1.7890055560000064, 105.82940555599998 -1.7909666670000206, 105.83031666699998 -1.7909666670000206, 105.83031666699998 -1.7917666669999903, 105.83173888900001 -1.7917666669999903, 105.83173888900001 -1.793299999999988, 105.83236388900002 -1.793299999999988, 105.83236388900002 -1.7941166670000257, 105.83293055600001 -1.7941166670000257, 105.83293055600001 -1.7946555560000093, 105.83383611099998 -1.7946555560000093, 105.83383611099998 -1.7956472220000137, 105.835758333 -1.7956472220000137, 105.835758333 -1.7975111110000057, 105.83942777800002 -1.7975111110000057, 105.83942777800002 -1.8015277779999792, 105.84179722200003 -1.8015277779999792, 105.84179722200003 -1.803811111000016, 105.84666666700002 -1.803811111000016, 105.84982777800002 -1.803811111000016, 105.84982777800002 -1.811969443999999, 105.89519999999999 -1.811969443999999, 105.89519999999999 -1.8445166669999935, 105.91613888900002 -1.8445166669999935, 105.91613888900002 -1.8531138889999852, 105.9271 -1.8531138889999852, 105.9271 -1.8584000000000174, 105.94289166700003 -1.8584000000000174, 105.94289166700003 -1.8660333330000185, 105.94810000000001 -1.8660333330000185, 105.94810000000001 -1.8704138890000195, 105.976277778 -1.8704138890000195, 105.976277778 -1.8802222219999862, 106.000766667 -1.8802222219999862, 106.000766667 -1.884061110999994, 106.00935833300002 -1.884061110999994, 106.01020277800001 -1.884061110999994, 106.01020277800001 -1.9062833329999762, 106.02791111099998 -1.9062833329999762, 106.02791111099998 -1.910144444000025, 106.04206666699997 -1.910144444000025, 106.04206666699997 -1.9205055560000233, 106.047155556 -1.9205055560000233, 106.047155556 -1.9143611110000052, 106.055555556 -1.9143611110000052, 106.055555556 -1.9236111110000138, 106.05256111099999 -1.9236111110000138, 106.05256111099999 -1.9379999999999882, 106.06347222199997 -1.9379999999999882, 106.06347222199997 -1.9522611109999843, 106.07318055600001 -1.9522611109999843, 106.07318055600001 -1.958622221999974, 106.08120000000002 -1.958622221999974, 106.08120000000002 -1.9550833330000046, 106.08612499999998 -1.9550833330000046, 106.08612499999998 -1.950702777999993, 106.08326388900002 -1.950702777999993, 106.08326388900002 -1.9449500000000057, 106.08094999999997 -1.9449500000000057, 106.08094999999997 -1.9186444439999946, 106.066905556 -1.9186444439999946, 106.066905556 -1.9149499999999762, 106.06543055600002 -1.9149499999999762, 106.06543055600002 -1.9053555560000177, 106.05401388899998 -1.9053555560000177, 106.05401388899998 -1.8937944439999796, 106.05144722199998 -1.8937944439999796, 106.05144722199998 -1.8923277779999808, 106.06013055599999 -1.8923277779999808, 106.06013055599999 -1.882383333000007, 106.06633333299999 -1.882383333000007, 106.06633333299999 -1.895255555999995, 106.06385555600002 -1.895255555999995, 106.06385555600002 -1.8990999999999758, 106.06826388899998 -1.8990999999999758, 106.06826388899998 -1.9035138890000098, 106.07091111099999 -1.9035138890000098, 106.07091111099999 -1.911822222000012, 106.07626666700003 -1.911822222000012, 106.07626666700003 -1.8978805560000183, 106.08321111100003 -1.8978805560000183, 106.08321111100003 -1.8933833329999743, 106.08754166699998 -1.8933833329999743, 106.08754166699998 -1.8853916670000217, 106.089344444 -1.8853916670000217, 106.089344444 -1.8793722219999722, 106.08420833299999 -1.8793722219999722, 106.08420833299999 -1.8747138890000201, 106.08998333300002 -1.8747138890000201, 106.08998333300002 -1.8660277779999888, 106.084027778 -1.8660277779999888, 106.084027778 -1.8650388890000045, 106.079952778 -1.8650388890000045, 106.079952778 -1.8541500000000042, 106.09249722200002 -1.8541500000000042, 106.09249722200002 -1.8472694440000055, 106.09831111099999 -1.8472694440000055, 106.09831111099999 -1.8442027780000103, 106.10561944400001 -1.8442027780000103, 106.10561944400001 -1.8456444440000155, 106.110883333 -1.8456444440000155, 106.110883333 -1.8395277779999901, 106.10590277799997 -1.8395277779999901, 106.10590277799997 -1.8371666670000195, 106.075505556 -1.8371666670000195, 106.075505556 -1.829272221999986, 106.072263889 -1.829272221999986, 106.072263889 -1.8223555559999909, 106.068202778 -1.8223555559999909, 106.068202778 -1.8323138889999768, 106.041622222 -1.8323138889999768, 106.041622222 -1.8278666670000234, 106.025205556 -1.8278666670000234, 106.025205556 -1.8306972220000262, 106.01642777799998 -1.8306972220000262, 106.01642777799998 -1.8213833330000284, 105.98046111100001 -1.8213833330000284, 105.98046111100001 -1.8071833330000118, 105.97887500000002 -1.8071833330000118, 105.97887500000002 -1.79761944400002, 105.98507222199999 -1.79761944400002, 105.98507222199999 -1.793583333000015, 105.99022777800002 -1.793583333000015, 105.99022777800002 -1.780155556000011, 105.98509444400003 -1.780155556000011, 105.98509444400003 -1.786305556000002, 105.966738889 -1.786305556000002, 105.966738889 -1.7920500000000175, 105.956155556 -1.7920500000000175, 105.956155556 -1.7790833330000169, 105.94587222199999 -1.7790833330000169, 105.94587222199999 -1.7857527780000169, 105.94282777799998 -1.7857527780000169, 105.94282777799998 -1.7664611110000124, 105.936005556 -1.7664611110000124, 105.936005556 -1.769538888999989, 105.93577499999998 -1.769538888999989, 105.93577499999998 -1.7700222220000228, 105.93513055599999 -1.7700222220000228, 105.93513055599999 -1.7704972220000172, 105.93437222199998 -1.7704972220000172, 105.93437222199998 -1.7664611110000124, 105.93437222199998 -1.7534444440000243, 105.941827778 -1.7534444440000243, 105.941827778 -1.7473666669999943, 105.93172222200002 -1.7473666669999943, 105.93172222200002 -1.749050000000011, 105.90491111099999 -1.749050000000011, 105.90491111099999 -1.74096111099999, 105.89658888899999 -1.74096111099999, 105.89658888899999 -1.7452722219999828, 105.887041667 -1.7452722219999828, 105.887041667 -1.7472472219999986, 105.878811111 -1.7472472219999986, 105.878811111 -1.7564249999999788, 105.86960833299997 -1.7564249999999788, 105.86960833299997 -1.763475000000028, 105.86168055600001 -1.763475000000028, 105.86168055600001 -1.7954305559999852, 105.85383333300001 -1.7954305559999852, 105.85383333300001 -1.771069443999977, 105.85270000000003 -1.771069443999977, 105.85270000000003 -1.7635166669999762, 105.85632500000003 -1.7635166669999762, 105.85632500000003 -1.7514833330000101, 105.859388889 -1.7514833330000101, 105.859388889 -1.7438111110000136, 105.86390833299998 -1.7438111110000136, 105.86390833299998 -1.7351055560000077, 105.87523333299998 -1.7351055560000077, 105.87523333299998 -1.7324472220000189, 105.87523333299998 -1.731102777999979, 105.87975 -1.731102777999979, 105.87975 -1.728988888999993, 105.88353611100001 -1.728988888999993, 105.88353611100001 -1.7324499999999716, 105.88714166699998 -1.7324499999999716, 105.88714166699998 -1.7281166669999948, 105.89003611099997 -1.7281166669999948, 105.89003611099997 -1.7230694439999752, 105.894263889 -1.7230694439999752, 105.894263889 -1.7141861110000036, 105.89711666699998 -1.7141861110000036, 105.89711666699998 -1.6934722220000253), (106.02352777800002 -1.8380472220000001, 106.02688055599998 -1.8380472220000001, 106.02688055599998 -1.8368861110000125, 106.02912777799997 -1.8368861110000125, 106.02912777799997 -1.8354499999999803, 106.03445833299998 -1.8354499999999803, 106.03445833299998 -1.8381666669999959, 106.04966111099998 -1.8381666669999959, 106.04966111099998 -1.840138889000002, 106.06242222200001 -1.840138889000002, 106.06242222200001 -1.845269443999996, 106.04321666700002 -1.845269443999996, 106.04321666700002 -1.8659666670000092, 106.063333333 -1.8659666670000092, 106.063333333 -1.8722472219999986, 106.02825555599998 -1.8722472219999986, 106.02825555599998 -1.8670111110000107, 106.0315 -1.8670111110000107, 106.0315 -1.8643472219999921, 106.03478333300001 -1.8643472219999921, 106.03478333300001 -1.8587666669999976, 106.03066944400001 -1.8587666669999976, 106.03066944400001 -1.860336110999981, 106.02462777800002 -1.860336110999981, 106.02462777800002 -1.8662833330000126, 106.01576388900003 -1.8662833330000126, 106.01576388900003 -1.877608333000012, 106.00935833300002 -1.877608333000012, 106.00935833300002 -1.8729027780000251, 106.00585555599997 -1.8729027780000251, 106.00585555599997 -1.8697222220000072, 105.993466667 -1.8697222220000072, 105.993466667 -1.8571666670000013, 106.007633333 -1.8571666670000013, 106.007633333 -1.847180556000012, 106.02044444400002 -1.847180556000012, 106.02044444400002 -1.8505416670000159, 106.02887500000003 -1.8505416670000159, 106.02887500000003 -1.8526527779999924, 106.032361111 -1.8526527779999924, 106.032361111 -1.8476805560000003, 106.02789444400003 -1.8476805560000003, 106.02789444400003 -1.8455388890000108, 106.02446666700001 -1.8455388890000108, 106.02446666700001 -1.840488889000028, 106.02352777800002 -1.840488889000028, 106.02352777800002 -1.8380472220000001))",AKTIF
1317,SUMATERA,MENTERI,19,KEPULAUAN BANGKA BELITUNG,05,KABUPATEN BANGKA BARAT,IUP,PT,PT CIPTA MINERAL BUMI SELARAS,2119002112014200,01072200159940011                                                                                   ,2025-10-23,2035-10-23,OPERASI PRODUKSI,4394.0,TIMAH,2,11,CNC-1,,,JEBUS,"POLYGON ((105.242722222 -1.5108888890000003, 105.242722222 -1.579638889000023, 105.25799999999998 -1.579638889000023, 105.25799999999998 -1.534388889000013, 105.31733333300002 -1.534388889000013, 105.31733333300002 -1.4906666670000277, 105.27058333299999 -1.4906666670000277, 105.27058333299999 -1.5000277780000033, 105.255305556 -1.5000277780000033, 105.255305556 -1.5108888890000003, 105.242722222 -1.5108888890000003))",AKTIF
1375,SUMATERA,GUBERNUR,19,KEPULAUAN BANGKA BELITUNG,06,KABUPATEN BELITUNG TIMUR,IUP,PT,PT KARYA EMAS MULTISANI,3119064052014130,91202065119390005                                                                                   ,2024-12-02,2034-12-02,OPERASI PRODUKSI,487.0,PASIR KUARSA,6,11,CNC,,,LIMBONGAN,"POLYGON ((108.128333333 -3.1090277779999838, 108.128333333 -3.1182222219999858, 108.14138888899998 -3.1182222219999858, 108.14138888899998 -3.1225833330000228, 108.14988888900001 -3.1225833330000228, 108.14988888900001 -3.1164999999999736, 108.152888889 -3.1164999999999736, 108.152888889 -3.1100555560000203, 108.15566666699999 -3.1100555560000203, 108.15566666699999 -3.104249999999979, 108.15786111099999 -3.104249999999979, 108.15786111099999 -3.0972222220000276, 108.15944444399997 -3.0972222220000276, 108.15944444399997 -3.087750000000028, 108.15058333299999 -3.087750000000028, 108.15058333299999 -3.093277778000015, 108.15491666700001 -3.093277778000015, 108.15491666700001 -3.099944444000016, 108.15269444400002 -3.099944444000016, 108.15269444400002 -3.103888889000018, 108.145333333 -3.103888889000018, 108.145333333 -3.107250000000022, 108.14322222200002 -3.107250000000022, 108.14322222200002 -3.1137222219999785, 108.13916666699998 -3.1137222219999785, 108.13916666699998 -3.1090277779999838, 108.128333333 -3.1090277779999838))",AKTIF
1609,SUMATERA,GUBERNUR,19,KEPULAUAN BANGKA BELITUNG,06,KABUPATEN BELITUNG TIMUR,IUP,PT,PT FACIFIC DIPTA KARYA,3119064052014137,02201051212330002                                                                                   ,2024-09-06,2034-09-06,OPERASI PRODUKSI,197.0,PASIR KUARSA,6,11,CNC-17,,,DESA LENGGANG KEC. GANTUNG KABUPATEN BELITUNG TIMUR,"POLYGON ((108.150111111 -2.9363055559999793, 108.13911111099998 -2.9363055559999793, 108.13911111099998 -2.9422500000000014, 108.13666666699999 -2.9422500000000014, 108.13666666699999 -2.9457777779999788, 108.13244444399999 -2.9457777779999788, 108.13244444399999 -2.953555556000026, 108.13944444399999 -2.953555556000026, 108.13944444399999 -2.9485833329999878, 108.14522222199997 -2.9485833329999878, 108.14522222199997 -2.940861111000004, 108.150111111 -2.940861111000004, 108.150111111 -2.9363055559999793))",AKTIF
1746,SUMATERA,BUPATI,19,KEPULAUAN BANGKA BELITUNG,03,KABUPATEN BANGKA SELATAN,IUP,PT,PT SYNERGY MAJU BERSAMA,3119032112014051,188.45/106.A/DPE/2012                                                                               ,2012-03-30,2032-03-30,OPERASI PRODUKSI,1023.0,TIMAH,2,11,CNC-9,,,"WIL. LAUT PERMIS, KEC. SIMPANG RIMBA","POLYGON ((105.868016667 -2.514844444000005, 105.868016667 -2.5193722220000154, 105.86352499999998 -2.5193722220000154, 105.86352499999998 -2.5238972220000164, 105.859030556 -2.5238972220000164, 105.859030556 -2.5284083330000158, 105.877922222 -2.5284083330000158, 105.877922222 -2.5333805559999973, 105.88332777800002 -2.5333805559999973, 105.88332777800002 -2.5464888889999884, 105.89501944400001 -2.5464888889999884, 105.89501944400001 -2.541961110999978, 105.89951111099998 -2.541961110999978, 105.89951111099998 -2.537436110999977, 105.90175833299998 -2.537436110999977, 105.90175833299998 -2.5329138889999854, 105.90399722199999 -2.5329138889999854, 105.90399722199999 -2.5193499999999744, 105.89499999999998 -2.5193499999999744, 105.89499999999998 -2.5170916669999883, 105.89050277799998 -2.5170916669999883, 105.89050277799998 -2.514844444000005, 105.868016667 -2.514844444000005))",AKTIF
2157,SUMATERA,GUBERNUR,19,KEPULAUAN BANGKA BELITUNG,01,BANGKA,IUP,CV,CV BANGKA TIMAH MAKMUR,3119012112014150,188.4/285/ESDM/DPMPTSP/2018,2017-10-10,2027-10-10,OPERASI PRODUKSI,40.0,TIMAH,2,11,CNC-17, ,19010211OP266,"DESA RIDING PANJANG, KEC. MERAWANG","POLYGON ((106.13111836899998 -1.9628745219999928, 106.13111958600001 -1.9646836030000259, 106.127343666 -1.9646861699999931, 106.12734463700002 -1.9661334180000267, 106.129322484 -1.966132072999983, 106.12932394400002 -1.968302988000005, 106.13471809999999 -1.9682993050000164, 106.13471626699999 -1.965585687999976, 106.13651433799998 -1.9655844580000235, 106.13651311500001 -1.9637753819999944, 106.13516458200002 -1.963776304000021, 106.13516397199999 -1.9628717649999885, 106.13111836899998 -1.9628745219999928))",AKTIF
2170,SUMATERA,GUBERNUR,19,KEPULAUAN BANGKA BELITUNG,01,BANGKA,IUP,PT,PT MITRA STANIA PRIMA,3119012112014030,188.4/21/ESDM/DPMPTSP/2017 ,2017-10-12,2028-01-31,OPERASI PRODUKSI,234.0,TIMAH,2,11,CNC-14, ,19010110OP033,"DESA CIT, KEC. RIAU SILIP","POLYGON ((105.99400000000003 -1.690907999999979, 106.000606 -1.690907999999979, 106.000606 -1.6893220000000042, 106.00869699999998 -1.6893220000000042, 106.00869699999998 -1.6887189999999919, 106.00933600000002 -1.6887189999999919, 106.00933600000002 -1.6907110000000216, 106.011303 -1.6907110000000216, 106.011303 -1.687027999999998, 106.01408900000001 -1.687027999999998, 106.01408900000001 -1.6843220000000088, 106.01898599999998 -1.6843220000000088, 106.01898599999998 -1.6839330000000245, 106.018778 -1.6839330000000245, 106.018778 -1.6834890000000087, 106.01856700000002 -1.6834890000000087, 106.01856700000002 -1.683039000000008, 106.01835299999999 -1.683039000000008, 106.01835299999999 -1.6825810000000274, 106.01813099999998 -1.6825810000000274, 106.01813099999998 -1.6821110000000203, 106.01768099999998 -1.6821110000000203, 106.01768099999998 -1.681867000000011, 106.01792499999999 -1.681867000000011, 106.01792499999999 -1.6814749999999776, 106.01837799999998 -1.6814749999999776, 106.01837799999998 -1.6810889999999858, 106.01882499999999 -1.6810889999999858, 106.01882499999999 -1.680702999999994, 106.019275 -1.680702999999994, 106.019275 -1.6803140000000099, 106.019722 -1.6803140000000099, 106.019722 -1.679916999999989, 106.02018099999998 -1.679916999999989, 106.02018099999998 -1.6795309999999972, 106.02062799999999 -1.6795309999999972, 106.02062799999999 -1.6788310000000024, 106.02044699999999 -1.6788310000000024, 106.02044699999999 -1.6783419999999865, 106.02027199999998 -1.6783419999999865, 106.02027199999998 -1.6778810000000135, 106.020106 -1.6778810000000135, 106.020106 -1.6774310000000128, 106.019947 -1.6774310000000128, 106.019947 -1.6770030000000133, 106.01977799999997 -1.6770030000000133, 106.01977799999997 -1.6765530000000126, 106.019611 -1.6765530000000126, 106.019611 -1.6761000000000195, 106.01944200000003 -1.6761000000000195, 106.01944200000003 -1.6756470000000263, 106.01926700000001 -1.6756470000000263, 106.01926700000001 -1.6751810000000091, 106.01909699999999 -1.6751810000000091, 106.01909699999999 -1.6747250000000236, 106.01893100000001 -1.6747250000000236, 106.01893100000001 -1.6742830000000026, 106.01876099999998 -1.6742830000000026, 106.01876099999998 -1.673825000000022, 106.01859400000001 -1.673825000000022, 106.01859400000001 -1.6733780000000138, 106.01842499999998 -1.6733780000000138, 106.01842499999998 -1.6729250000000206, 106.01825600000001 -1.6729250000000206, 106.01825600000001 -1.6724689999999782, 106.01766900000001 -1.6724689999999782, 106.01766900000001 -1.6728110000000243, 106.01720799999998 -1.6728110000000243, 106.01720799999998 -1.6731439999999793, 106.01676700000002 -1.6731439999999793, 106.01676700000002 -1.673482999999976, 106.01631400000002 -1.673482999999976, 106.01631400000002 -1.673813999999993, 106.015875 -1.673813999999993, 106.015875 -1.6741559999999822, 106.01541700000001 -1.6741559999999822, 106.01541700000001 -1.674496999999974, 106.01495799999998 -1.674496999999974, 106.01495799999998 -1.6746669999999995, 106.014592 -1.6746669999999995, 106.014592 -1.6743690000000129, 106.01438100000001 -1.6743690000000129, 106.01438100000001 -1.673924999999997, 106.014161 -1.673924999999997, 106.014161 -1.673464000000024, 106.01374199999998 -1.673464000000024, 106.01374199999998 -1.673833000000002, 106.01327500000002 -1.673833000000002, 106.01327500000002 -1.6741830000000277, 106.012833 -1.6741830000000277, 106.012833 -1.6745359999999891, 106.01239199999998 -1.6745359999999891, 106.01239199999998 -1.6748919999999998, 106.01193899999998 -1.6748919999999998, 106.01193899999998 -1.675247000000013, 106.01149199999998 -1.675247000000013, 106.01149199999998 -1.6754750000000058, 106.01129700000001 -1.6754750000000058, 106.01129700000001 -1.6757470000000012, 106.01138600000002 -1.6757470000000012, 106.01138600000002 -1.6761999999999944, 106.01156700000001 -1.6761999999999944, 106.01156700000001 -1.6765609999999924, 106.01174700000001 -1.6765609999999924, 106.01174700000001 -1.6768329999999878, 106.01147800000001 -1.6768329999999878, 106.01147800000001 -1.6771059999999807, 106.01111700000001 -1.6771059999999807, 106.01111700000001 -1.6773749999999836, 106.01084700000001 -1.6773749999999836, 106.01084700000001 -1.6775559999999814, 106.01066700000001 -1.6775559999999814, 106.01066700000001 -1.677646999999979, 106.010489 -1.677646999999979, 106.010489 -1.6778279999999768, 106.01012800000001 -1.6778279999999768, 106.01012800000001 -1.6780999999999722, 106.009769 -1.6780999999999722, 106.009769 -1.6783720000000244, 106.009411 -1.6783720000000244, 106.009411 -1.6786440000000198, 106.00905 -1.6786440000000198, 106.00905 -1.6789140000000202, 106.008692 -1.6789140000000202, 106.008692 -1.6791860000000156, 106.008331 -1.6791860000000156, 106.008331 -1.679458000000011, 106.007972 -1.679458000000011, 106.007972 -1.6797310000000039, 106.00761399999999 -1.6797310000000039, 106.00761399999999 -1.6800000000000068, 106.00725299999999 -1.6800000000000068, 106.00725299999999 -1.6802720000000022, 106.00698299999999 -1.6802720000000022, 106.00698299999999 -1.680453, 106.00662499999999 -1.680453, 106.00662499999999 -1.6807249999999954, 106.00626399999999 -1.6807249999999954, 106.00626399999999 -1.6809969999999907, 106.00590599999998 -1.6809969999999907, 106.00590599999998 -1.6812689999999861, 106.00554699999998 -1.6812689999999861, 106.00554699999998 -1.6815389999999866, 106.00518599999998 -1.6815389999999866, 106.00518599999998 -1.681810999999982, 106.00482799999997 -1.681810999999982, 106.00482799999997 -1.6820829999999773, 106.00446699999998 -1.6820829999999773, 106.00446699999998 -1.682356000000027, 106.00410799999997 -1.682356000000027, 106.00410799999997 -1.6826249999999732, 106.00375000000003 -1.6826249999999732, 106.00375000000003 -1.6828970000000254, 106.00348100000002 -1.6828970000000254, 106.00348100000002 -1.6830780000000232, 106.00311900000003 -1.6830780000000232, 106.00311900000003 -1.6833500000000186, 106.00276100000002 -1.6833500000000186, 106.00276100000002 -1.683622000000014, 106.00240300000002 -1.683622000000014, 106.00240300000002 -1.6838940000000093, 106.00204200000002 -1.6838940000000093, 106.00204200000002 -1.6841640000000098, 106.00168300000001 -1.6841640000000098, 106.00168300000001 -1.6844360000000052, 106.00132200000002 -1.6844360000000052, 106.00132200000002 -1.6847080000000005, 106.00096400000001 -1.6847080000000005, 106.00096400000001 -1.6849809999999934, 106.000606 -1.6849809999999934, 106.000606 -1.688869000000011, 106.000156 -1.688869000000011, 106.000156 -1.6895420000000172, 105.995069 -1.6895420000000172, 105.995069 -1.6885639999999853, 105.99400000000003 -1.6885639999999853, 105.99400000000003 -1.690907999999979))",AKTIF
2178,SUMATERA,MENTERI,19,KEPULAUAN BANGKA BELITUNG,05,KABUPATEN BANGKA BARAT,IUP,PT,PT TIMAH TBK,3119052112014017,81201098819560172                                                                                   ,2024-11-21,2035-07-20,OPERASI PRODUKSI,255.8,TIMAH,2,11,CNC-2,,,JEBUS,"POLYGON ((105.61084444400001 -1.5846722219999947, 105.61084444400001 -1.5648749999999723, 105.61040277799998 -1.5648749999999723, 105.61040277799998 -1.5620000000000118, 105.60945833300002 -1.5620000000000118, 105.60945833300002 -1.5606111110000143, 105.60729166700003 -1.5606111110000143, 105.60729166700003 -1.560974999999985, 105.60763333300002 -1.560974999999985, 105.60763333300002 -1.5612861110000154, 105.60794166699998 -1.5612861110000154, 105.60794166699998 -1.5626777780000225, 105.606594444 -1.5626777780000225, 105.606594444 -1.5621944439999993, 105.60614166699997 -1.5621944439999993, 105.60614166699997 -1.5615694439999857, 105.605708333 -1.5615694439999857, 105.605708333 -1.5610222220000196, 105.60522777800003 -1.5610222220000196, 105.60522777800003 -1.5604444439999838, 105.60469999999998 -1.5604444439999838, 105.60469999999998 -1.5599138889999722, 105.604202778 -1.5599138889999722, 105.604202778 -1.5592888890000154, 105.60368888900001 -1.5592888890000154, 105.60368888900001 -1.558586111000011, 105.603208333 -1.558586111000011, 105.603208333 -1.5580861110000228, 105.602588889 -1.5580861110000228, 105.602588889 -1.5573694440000168, 105.60216944400003 -1.5573694440000168, 105.60216944400003 -1.5571194440000227, 105.59867777800002 -1.5571194440000227, 105.59867777800002 -1.5602083329999914, 105.59953055599999 -1.5602083329999914, 105.59953055599999 -1.5605277779999938, 105.59980000000002 -1.5605277779999938, 105.59980000000002 -1.560822222000013, 105.60011111099999 -1.560822222000013, 105.60011111099999 -1.5611749999999915, 105.60046666699998 -1.5611749999999915, 105.60046666699998 -1.5616055560000177, 105.60075277800001 -1.5616055560000177, 105.60075277800001 -1.5619500000000244, 105.60108888899998 -1.5619500000000244, 105.60108888899998 -1.562366666999992, 105.60136666699998 -1.562366666999992, 105.60136666699998 -1.5638694439999767, 105.60010277800001 -1.5638694439999767, 105.60010277800001 -1.5636861109999813, 105.599863889 -1.5636861109999813, 105.599863889 -1.563413889000003, 105.59957777800003 -1.563413889000003, 105.59957777800003 -1.5630944440000007, 105.59930000000003 -1.5630944440000007, 105.59930000000003 -1.5627999999999815, 105.59903888899998 -1.5627999999999815, 105.59903888899998 -1.5625194439999746, 105.59881388899998 -1.5625194439999746, 105.59881388899998 -1.562255556000025, 105.59856111099998 -1.562255556000025, 105.59856111099998 -1.5619916669999725, 105.59822777800002 -1.5619916669999725, 105.59822777800002 -1.5616222219999827, 105.59795000000003 -1.5616222219999827, 105.59795000000003 -1.561311111000009, 105.59766388899999 -1.561311111000009, 105.59766388899999 -1.5609666670000024, 105.59728055599999 -1.5609666670000024, 105.59728055599999 -1.5605583330000172, 105.595352778 -1.5605583330000172, 105.595352778 -1.5643249999999966, 105.59677777799999 -1.5643249999999966, 105.59677777799999 -1.565080555999998, 105.605325 -1.565080555999998, 105.605325 -1.5711416670000062, 105.59849444399998 -1.5711416670000062, 105.59849444399998 -1.5728333330000055, 105.60010277800001 -1.5728333330000055, 105.60010277800001 -1.5765888889999928, 105.60376388899999 -1.5765888889999928, 105.60376388899999 -1.5802638889999798, 105.60691666700001 -1.5802638889999798, 105.60691666700001 -1.583383332999972, 105.60834722200002 -1.583383332999972, 105.60834722200002 -1.5846722219999947, 105.61084444400001 -1.5846722219999947))",AKTIF
2290,SUMATERA,MENTERI,19,KEPULAUAN BANGKA BELITUNG,05,KABUPATEN BANGKA BARAT,IUP,PT,PT TIMAH TBK,3119052112014137,81201098819560193                                                                                   ,2025-04-23,2035-07-20,OPERASI PRODUKSI,680.3,TIMAH,2,11,CNC-2,,,JEBUS,"POLYGON ((105.379669444 -1.6919694439999944, 105.37344722199998 -1.6919694439999944, 105.37344722199998 -1.6933361110000078, 105.37083888900003 -1.6933361110000078, 105.37083888900003 -1.6995055560000196, 105.39282500000002 -1.6995055560000196, 105.39282500000002 -1.6898499999999785, 105.400680556 -1.6898499999999785, 105.400680556 -1.6858805559999723, 105.40543611099997 -1.6858805559999723, 105.40543611099997 -1.6815638890000173, 105.41714722199998 -1.6815638890000173, 105.41714722199998 -1.6793861109999852, 105.42174166699999 -1.6793861109999852, 105.42174166699999 -1.6731194440000081, 105.42694722200002 -1.6731194440000081, 105.42694722200002 -1.6697166669999888, 105.41674444400002 -1.6697166669999888, 105.41674444400002 -1.6756111110000234, 105.41088611100002 -1.6756111110000234, 105.41088611100002 -1.66964999999999, 105.40378611099999 -1.66964999999999, 105.40378611099999 -1.6747388890000252, 105.39885833300002 -1.6747388890000252, 105.39885833300002 -1.6805777779999858, 105.39565833299997 -1.6805777779999858, 105.39565833299997 -1.6830472220000274, 105.38622500000002 -1.6830472220000274, 105.38622500000002 -1.6878777779999723, 105.381536111 -1.6878777779999723, 105.381536111 -1.688938888999985, 105.379669444 -1.688938888999985, 105.379669444 -1.6919694439999944))",AKTIF
2577,SUMATERA,Bupati,19,KEPULAUAN BANGKA BELITUNG,05,KABUPATEN BANGKA BARAT,IUP,PT,PT TIMAH TBK,3119052112014138,188.45/ 098 /2.03.02/2010,2010-04-28,2027-07-20,OPERASI PRODUKSI,1461.0,TIMAH,2,11,CNC-3,,,LAUT BAKIT KEC. JEBUS,"POLYGON ((105.718816667 -1.6498555559999772, 105.718816667 -1.6542249999999967, 105.71637500000003 -1.6542249999999967, 105.71637500000003 -1.6570166669999935, 105.71321388899997 -1.6570166669999935, 105.71321388899997 -1.6607944439999756, 105.709672222 -1.6607944439999756, 105.709672222 -1.6638638890000266, 105.70685277799998 -1.6638638890000266, 105.70685277799998 -1.6665444440000101, 105.703166667 -1.6665444440000101, 105.703166667 -1.6723694440000259, 105.700691667 -1.6723694440000259, 105.700691667 -1.6764916669999934, 105.69681666700001 -1.6764916669999934, 105.69681666700001 -1.6789527779999958, 105.69252499999999 -1.6789527779999958, 105.69252499999999 -1.6831361110000103, 105.68795 -1.6831361110000103, 105.68795 -1.6864583330000187, 105.68238888899998 -1.6864583330000187, 105.68238888899998 -1.6918888889999835, 105.679775 -1.6918888889999835, 105.679775 -1.6934777779999877, 105.67705277800002 -1.6934777779999877, 105.67705277800002 -1.6950472220000279, 105.67390833299999 -1.6950472220000279, 105.67390833299999 -1.6966388889999848, 105.72446111099998 -1.6966388889999848, 105.72446111099998 -1.6498555559999772, 105.718816667 -1.6498555559999772))",AKTIF
2578,SUMATERA,MENTERI,19,KEPULAUAN BANGKA BELITUNG,05,KABUPATEN BANGKA BARAT,IUP,PT,PT TIMAH TBK,3119052112014101,81201098819560094                                                                                   ,2025-03-24,2035-07-20,OPERASI PRODUKSI,14570.0,TIMAH,2,11,CNC-3,,,LAUT RANGGAM / LAUT BELO KEC. MUNTOK,"POLYGON ((105.414005556 -2.1188361110000073, 105.41059999999999 -2.1188361110000073, 105.41059999999999 -2.1214222219999783, 105.40535277800001 -2.1214222219999783, 105.40535277800001 -2.1232166670000083, 105.40132222199998 -2.1232166670000083, 105.40132222199998 -2.125924999999995, 105.39683333300002 -2.125924999999995, 105.39683333300002 -2.1272166670000274, 105.39299444400001 -2.1272166670000274, 105.39299444400001 -2.129169444000013, 105.38189166699999 -2.129169444000013, 105.38189166699999 -2.1275611109999772, 105.37735277799999 -2.1275611109999772, 105.37735277799999 -2.125280556000007, 105.37566944399998 -2.125280556000007, 105.37566944399998 -2.123863889000006, 105.373213889 -2.123863889000006, 105.373213889 -2.121424999999988, 105.367577778 -2.121424999999988, 105.367577778 -2.1166527780000024, 105.354822222 -2.1166527780000024, 105.354822222 -2.1200361109999903, 105.34870555600003 -2.1200361109999903, 105.34870555600003 -2.12323055600001, 105.34648611099999 -2.12323055600001, 105.34648611099999 -2.1270999999999844, 105.34390555599998 -2.1270999999999844, 105.34390555599998 -2.129105556000013, 105.32706944400002 -2.129105556000013, 105.32706944400002 -2.133624999999995, 105.32015000000001 -2.133624999999995, 105.32015000000001 -2.1376999999999953, 105.31483888899999 -2.1376999999999953, 105.31483888899999 -2.1409888890000275, 105.31151666699998 -2.1409888890000275, 105.31151666699998 -2.144038889000001, 105.29543055599999 -2.144038889000001, 105.29543055599999 -2.1385555559999716, 105.292191667 -2.1385555559999716, 105.292191667 -2.1362027779999835, 105.2894 -2.1362027779999835, 105.2894 -2.133163889000002, 105.28278055599998 -2.133163889000002, 105.28278055599998 -2.126700000000028, 105.27644166699997 -2.126700000000028, 105.27644166699997 -2.121180556000013, 105.27049722200002 -2.121180556000013, 105.27049722200002 -2.1158722220000072, 105.26776666699999 -2.1158722220000072, 105.26776666699999 -2.1124333330000127, 105.26562777800001 -2.1124333330000127, 105.26562777800001 -2.108297221999976, 105.26328055599998 -2.108297221999976, 105.26328055599998 -2.103580555999997, 105.26170277799997 -2.103580555999997, 105.26170277799997 -2.0976361109999857, 105.25644722200002 -2.0976361109999857, 105.25644722200002 -2.0863388889999896, 105.25176944399999 -2.0863388889999896, 105.25176944399999 -2.0805611110000086, 105.24929444399999 -2.0805611110000086, 105.24929444399999 -2.077244443999973, 105.245105556 -2.077244443999973, 105.245105556 -2.0742611109999984, 105.24214999999998 -2.0742611109999984, 105.24214999999998 -2.0730138889999807, 105.236133333 -2.0730138889999807, 105.236133333 -2.0704694440000253, 105.22953611100002 -2.0704694440000253, 105.22953611100002 -2.066833332999977, 105.2167 -2.066833332999977, 105.2167 -2.0696805559999802, 105.208933333 -2.0696805559999802, 105.208933333 -2.070722221999972, 105.206355556 -2.070722221999972, 105.206355556 -2.071741667000026, 105.20378888900001 -2.071741667000026, 105.20378888900001 -2.072597222000013, 105.201683333 -2.072597222000013, 105.201683333 -2.0740805560000126, 105.17258611099999 -2.0740805560000126, 105.17258611099999 -2.072091666999995, 105.15100555599997 -2.072091666999995, 105.15100555599997 -2.07330555599998, 105.14813333299998 -2.07330555599998, 105.14813333299998 -2.0777138889999947, 105.14166111100002 -2.0777138889999947, 105.14166111100002 -2.0829166670000063, 105.134419444 -2.0829166670000063, 105.134419444 -2.0857388890000266, 105.125952778 -2.0857388890000266, 105.125952778 -2.1216583330000276, 105.24109722200001 -2.1216583330000276, 105.24109722200001 -2.1588638889999743, 105.414005556 -2.1588638889999743, 105.414005556 -2.1188361110000073))",AKTIF
2633,SUMATERA,Menteri,19,KEPULAUAN BANGKA BELITUNG,03,KABUPATEN BANGKA SELATAN,IUP,PT,PT BANGKA PRIMA TIN,3119032112014052,23022200148190006,2023-11-08,2033-11-07,OPERASI PRODUKSI,102.0,TIMAH,2,11,CNC-2,,,"DESA BENCAH, KEC. AIRGEGAS, KABUPATEN BANGKA SELATAN","POLYGON ((106.38782805599999 -2.7807544440000243, 106.38782805599999 -2.786162778000005, 106.40316388899998 -2.786162778000005, 106.40316388899998 -2.7807544440000243, 106.38782805599999 -2.7807544440000243))",AKTIF
2661,SUMATERA,MENTERI,19,KEPULAUAN BANGKA BELITUNG,01,KABUPATEN BANGKA,IUP,PT,PT SEJAHTERA LOGINDO ALAM,3119012112014110,02760009213070004                                                                                   ,2023-12-06,2033-06-06,OPERASI PRODUKSI,40.0,TIMAH,2,11,CNC-17,,,SUNGAILIAT,"POLYGON ((106.19426083299999 -1.880047778000005, 106.19426083299999 -1.8877519440000015, 106.19848694400002 -1.8877519440000015, 106.19848694400002 -1.880047778000005, 106.19426083299999 -1.880047778000005))",AKTIF
2732,SUMATERA,GUBERNUR,19,KEPULAUAN BANGKA BELITUNG,01,KABUPATEN BANGKA,IUP,PT,PT PRIMA TIMAH UTAMA ,3119012112014195,188.4/089/ESDM/DPMPTSP/2020                                                                         ,2021-11-30,2031-11-30,OPERASI PRODUKSI,58.7,TIMAH,2,11,CNC-16,,,"DESA MAPUR, KEC. RIAU SILIP","POLYGON ((105.99506944400002 -1.6895416670000145, 105.99767500000002 -1.6895416670000145, 105.99767500000002 -1.6892333330000042, 105.998188889 -1.6892333330000042, 105.998188889 -1.6888694439999767, 105.99878888900002 -1.6888694439999767, 105.99878888900002 -1.6885972219999985, 106.00015555599998 -1.6885972219999985, 106.00015555599998 -1.68824444400002, 106.00060555599998 -1.68824444400002, 106.00060277799997 -1.6849805560000277, 106.00096388899999 -1.6849805560000277, 106.00096388899999 -1.6847083330000032, 106.001322222 -1.6847083330000032, 106.001322222 -1.684436111000025, 106.00168333300002 -1.684436111000025, 106.00168333300002 -1.68416388899999, 106.00204166700001 -1.68416388899999, 106.00204166700001 -1.683894443999975, 106.00240000000002 -1.683894443999975, 106.00240000000002 -1.6836222219999968, 106.00276111099998 -1.6836222219999968, 106.00276111099998 -1.6833500000000186, 106.00311944399999 -1.6833500000000186, 106.00311944399999 -1.6830777779999835, 106.003480556 -1.6830777779999835, 106.003480556 -1.6828972220000082, 106.00375000000003 -1.6828972220000082, 106.00375000000003 -1.6826249999999732, 106.00410833299998 -1.6826249999999732, 106.00410833299998 -1.6823555560000045, 106.00446666699997 -1.6823555560000045, 106.00446666699997 -1.68208333299998, 106.00482777799999 -1.68208333299998, 106.00482777799999 -1.6818111110000018, 106.005186111 -1.6818111110000018, 106.005186111 -1.6815388890000236, 106.00554722200002 -1.6815388890000236, 106.00554722200002 -1.6812694440000087, 106.00590555600002 -1.6812694440000087, 106.00590555600002 -1.6809972219999736, 106.00626388900002 -1.6809972219999736, 106.00626388900002 -1.6807249999999954, 106.00662499999999 -1.6807249999999954, 106.00662499999999 -1.6804527780000171, 106.006983333 -1.6804527780000171, 106.006983333 -1.680272221999985, 106.00725277800001 -1.680272221999985, 106.00725277800001 -1.6800000000000068, 106.00761388900003 -1.6800000000000068, 106.00761388900003 -1.6797305559999813, 106.00797222199998 -1.6797305559999813, 106.00797222199998 -1.6794583330000137, 106.00833055599998 -1.6794583330000137, 106.00833055599998 -1.6791861109999786, 106.008691667 -1.6791861109999786, 106.008691667 -1.6789138890000004, 106.00905 -1.6789138890000004, 106.00905 -1.6786444439999855, 106.00941111100002 -1.6786444439999855, 106.00941111100002 -1.6783722220000072, 106.00976944400003 -1.6783722220000072, 106.00976944400003 -1.6780999999999722, 106.01012777800003 -1.6780999999999722, 106.01012777800003 -1.677827777999994, 106.01048888899999 -1.677827777999994, 106.01048888899999 -1.6776472220000187, 106.01066666700001 -1.6776472220000187, 106.01066666700001 -1.6775555560000157, 106.010847222 -1.6775555560000157, 106.010847222 -1.6773749999999836, 106.01111666700001 -1.6773749999999836, 106.01111666700001 -1.677105556000015, 106.01147777800003 -1.677105556000015, 106.01147777800003 -1.6768333329999905, 106.011747222 -1.6768333329999905, 106.011747222 -1.6765611110000123, 106.01156666700001 -1.6765611110000123, 106.01156666700001 -1.6761999999999944, 106.01138611099998 -1.6761999999999944, 106.01138611099998 -1.675747221999984, 106.011297222 -1.675747221999984, 106.011297222 -1.6754750000000058, 106.01093611099998 -1.6754750000000058, 106.01093611099998 -1.6755666669999982, 106.01038888900001 -1.6755666669999982, 106.01038888900001 -1.6757583329999761, 106.01003888899999 -1.6757583329999761, 106.01003888899999 -1.6760750000000257, 106.00958888899999 -1.6760750000000257, 106.00958888899999 -1.676400000000001, 106.00913888899998 -1.676400000000001, 106.00913888899998 -1.6767166669999938, 106.00868888899998 -1.6767166669999938, 106.00868888899998 -1.6770416670000259, 106.008241667 -1.6770416670000259, 106.008241667 -1.6773583329999724, 106.00779166699999 -1.6773583329999724, 106.00779166699999 -1.677675000000022, 106.00734166699999 -1.677675000000022, 106.00734166699999 -1.6780027780000069, 106.00689166699999 -1.6780027780000069, 106.00689166699999 -1.6783194440000102, 106.00644444400001 -1.6783194440000102, 106.00644444400001 -1.678636111000003, 106.00599444400001 -1.678636111000003, 106.00599444400001 -1.6789611109999782, 106.00554444400001 -1.6789611109999782, 106.00554444400001 -1.6792777780000279, 106.00509444400001 -1.6792777780000279, 106.00509444400001 -1.6796055560000127, 106.00464722200002 -1.6796055560000127, 106.00464722200002 -1.679922222000016, 106.00419722200002 -1.679922222000016, 106.00419722200002 -1.6802388890000088, 106.00374722200002 -1.6802388890000088, 106.00374722200002 -1.680563888999984, 106.00329722200001 -1.680563888999984, 106.00329722200001 -1.6808805559999769, 106.00285000000002 -1.6808805559999769, 106.00285000000002 -1.6811972219999802, 106.00240000000002 -1.6811972219999802, 106.00240000000002 -1.6815222220000123, 106.00195000000002 -1.6815222220000123, 106.00195000000002 -1.6818416670000147, 106.00150000000002 -1.6818416670000147, 106.00150000000002 -1.68216666699999, 106.00105277799997 -1.68216666699999, 106.00105277799997 -1.6824833329999933, 106.00060277799997 -1.6824833329999933, 106.00060277799997 -1.682799999999986, 106.00015277799997 -1.682799999999986, 106.00015277799997 -1.6831250000000182, 105.99970277800003 -1.6831250000000182, 105.99970277800003 -1.683441667000011, 105.99925555599998 -1.683441667000011, 105.99925555599998 -1.6838416670000242, 105.99880555599998 -1.6838416670000242, 105.99880555599998 -1.684238889000028, 105.99835555599998 -1.684238889000028, 105.99835555599998 -1.6846277779999923, 105.99790555599998 -1.6846277779999923, 105.99790555599998 -1.6850277780000056, 105.997458333 -1.6850277780000056, 105.997458333 -1.6854250000000093, 105.997008333 -1.6854250000000093, 105.997008333 -1.685822222000013, 105.996558333 -1.685822222000013, 105.996558333 -1.6862222220000262, 105.996111111 -1.6862222220000262, 105.996111111 -1.6866111109999906, 105.995661111 -1.6866111109999906, 105.995661111 -1.6868277780000085, 105.99539166699998 -1.6868277780000085, 105.99539166699998 -1.6870888889999947, 105.99506944400002 -1.6870888889999947, 105.99506944400002 -1.6895416670000145))",AKTIF
2796,SUMATERA,GUBERNUR,19,KEPULAUAN BANGKA BELITUNG,06,KABUPATEN BELITUNG TIMUR,IUP,CV,CV IRPAU HERO,3119064242014036,91202161907870011                                                                                   ,2024-01-16,2030-04-27,OPERASI PRODUKSI,188.0,KAOLIN,4,24,CNC-17,,,"DESA JANGKAR ASAM, KEC GANTUNG","POLYGON ((108.100334444 -3.0191877780000027, 108.100334444 -3.0254183330000046, 108.0955525 -3.0254183330000046, 108.0955525 -3.0297705560000168, 108.09448083299998 -3.0297705560000168, 108.09448083299998 -3.0337188889999993, 108.10786611100002 -3.0337188889999993, 108.10786611100002 -3.0191877780000027, 108.100334444 -3.0191877780000027))",AKTIF
3373,SUMATERA,Menteri,19,KEPULAUAN BANGKA BELITUNG,02,KABUPATEN BELITUNG,IUP,PT,PT STI BINA SEJAHTERA,3119022112014025,81203101719560003,2023-06-17,2033-06-16,OPERASI PRODUKSI,193.0,TIMAH,2,11,CNC-14,,,DESA SUNGAI PADANG KEC. SIJUK KABUPATEN BELITUNG,"POLYGON ((107.884472222 -2.5926111109999965, 107.884472222 -2.593611110999973, 107.88383333299998 -2.593611110999973, 107.88383333299998 -2.594805555999983, 107.88305555599999 -2.594805555999983, 107.88305555599999 -2.596027778000007, 107.882277778 -2.596027778000007, 107.882277778 -2.5973055559999807, 107.88144444400001 -2.5973055559999807, 107.88144444400001 -2.598472221999998, 107.88069444400003 -2.598472221999998, 107.88069444400003 -2.5994999999999777, 107.87997222199999 -2.5994999999999777, 107.87997222199999 -2.6004166669999904, 107.87941666699999 -2.6004166669999904, 107.87941666699999 -2.6033333330000232, 107.895361111 -2.6033333330000232, 107.895361111 -2.5952777780000247, 107.89847222200001 -2.5952777780000247, 107.89847222200001 -2.5926111109999965, 107.884472222 -2.5926111109999965))",AKTIF
3374,SUMATERA,BUPATI,19,KEPULAUAN BANGKA BELITUNG,03,BANGKA SELATAN,IUP,PT,PT BANGKA PRIMA TIN,3119032112014020,188.45/245.C/DPE/2013,2013-11-08,2033-11-08,OPERASI PRODUKSI,498.6,BIJIH TIMAH,2,11,CNC-2, ,KB01,"DESA TOBOALI, KEC. TOBOALI, KABUPATEN BANGKA SELATAN","POLYGON ((106.49473599999999 -3.1192030000000273, 106.49473599999999 -3.139413999999988, 106.52104400000002 -3.139413999999988, 106.52104400000002 -3.1265389999999798, 106.505806 -3.1265389999999798, 106.505806 -3.1228439999999864, 106.501328 -3.1228439999999864, 106.501328 -3.1192030000000273, 106.49473599999999 -3.1192030000000273))",AKTIF
3694,SUMATERA,MENTERI,19,KEPULAUAN BANGKA BELITUNG,05,KABUPATEN BANGKA BARAT,IUP,PT,PT TIMAH TBK,3119052112014044,81201098819560108                                                                                   ,2024-08-09,2035-07-20,OPERASI PRODUKSI,1695.0,TIMAH,2,11,CNC-3,,,MUNTOK,"POLYGON ((105.27191388900002 -2.090075000000013, 105.27678888899999 -2.090075000000013, 105.27678888899999 -2.0634000000000015, 105.27424722199999 -2.0634000000000015, 105.27424722199999 -2.0528527779999877, 105.27844166699998 -2.0528527779999877, 105.27844166699998 -2.0490388889999736, 105.28313611099998 -2.0490388889999736, 105.28313611099998 -2.0361805559999766, 105.28048055599999 -2.0361805559999766, 105.28048055599999 -2.020027777999985, 105.275138889 -2.020027777999985, 105.275138889 -2.027097222000009, 105.27205277799999 -2.027097222000009, 105.27205277799999 -2.032919444000015, 105.27424166700001 -2.032919444000015, 105.27424166700001 -2.0361861110000063, 105.276461111 -2.0361861110000063, 105.276461111 -2.0406444440000087, 105.27834722199998 -2.0406444440000087, 105.27834722199998 -2.042997221999997, 105.274291667 -2.042997221999997, 105.274291667 -2.0381833330000063, 105.26720277800001 -2.0381833330000063, 105.26720277800001 -2.0302416669999843, 105.25888333300003 -2.0302416669999843, 105.25888333300003 -2.024774999999977, 105.26420555599998 -2.024774999999977, 105.26420555599998 -2.019405555999981, 105.26971111099999 -2.019405555999981, 105.26971111099999 -2.013086111000007, 105.26186666699999 -2.013086111000007, 105.26186666699999 -2.0100194440000223, 105.25605000000002 -2.0100194440000223, 105.25605000000002 -2.011063889000013, 105.25271666700002 -2.011063889000013, 105.25271666700002 -2.008130556000026, 105.25490277799997 -2.008130556000026, 105.25490277799997 -2.0032749999999737, 105.248702778 -2.0032749999999737, 105.248702778 -2.006872222000027, 105.24500555600002 -2.006872222000027, 105.24500555600002 -2.0154888889999825, 105.24783333300002 -2.0154888889999825, 105.24783333300002 -2.01822222200002, 105.250780556 -2.01822222200002, 105.250780556 -2.028786110999988, 105.25321111099998 -2.028786110999988, 105.25321111099998 -2.0541999999999803, 105.260480556 -2.0541999999999803, 105.260480556 -2.0605416669999954, 105.266311111 -2.0605416669999954, 105.266311111 -2.0638833329999784, 105.26750833300002 -2.0638833329999784, 105.26750833300002 -2.0654027780000206, 105.26806388900002 -2.0654027780000206, 105.26806388900002 -2.0663527780000095, 105.27000277799999 -2.0663527780000095, 105.27000277799999 -2.0678027779999866, 105.266313889 -2.0678027779999866, 105.266313889 -2.072924999999998, 105.26402777800001 -2.072924999999998, 105.26402777800001 -2.0793611110000256, 105.269305556 -2.0793611110000256, 105.269305556 -2.0864916670000184, 105.27191388900002 -2.0864916670000184, 105.27191388900002 -2.090075000000013))",AKTIF
3695,SUMATERA,MENTERI,19,KEPULAUAN BANGKA BELITUNG,02,KABUPATEN BELITUNG,IUP,PT,PT TIMAH TBK,3119022112014054,81201098819560180                                                                                   ,2025-05-19,2036-07-20,OPERASI PRODUKSI,3767.0,TIMAH,2,11,CNC-17,,,MEMBALONG,"POLYGON ((107.612975 -2.946544443999983, 107.612975 -2.948122221999995, 107.612497222 -2.948122221999995, 107.612497222 -2.949869444000001, 107.61188333299998 -2.949869444000001, 107.61188333299998 -2.950544444000002, 107.61166666700001 -2.950544444000002, 107.61166666700001 -2.9514500000000226, 107.611427778 -2.9514500000000226, 107.611427778 -2.9521777780000207, 107.611186111 -2.9521777780000207, 107.611186111 -2.952641667000023, 107.611027778 -2.952641667000023, 107.611027778 -2.953386110999986, 107.610791667 -2.953386110999986, 107.610791667 -2.9541416669999876, 107.61056944400002 -2.9541416669999876, 107.61056944400002 -2.954855555999984, 107.61034722199997 -2.954855555999984, 107.61034722199997 -2.955436110999983, 107.61013333300002 -2.955436110999983, 107.61013333300002 -2.95660277799999, 107.60977777800002 -2.95660277799999, 107.60977777800002 -2.9572972220000224, 107.609533333 -2.9572972220000224, 107.609533333 -2.962413889000004, 107.607786111 -2.962413889000004, 107.607786111 -2.9701833330000227, 107.60528055600003 -2.9701833330000227, 107.60528055600003 -2.977577778000011, 107.60285555600001 -2.977577778000011, 107.60285555600001 -2.9807555560000196, 107.60134166699999 -2.9807555560000196, 107.60134166699999 -2.9834388890000128, 107.599569444 -2.9834388890000128, 107.599569444 -2.983741667000004, 107.59922222199998 -2.983741667000004, 107.59922222199998 -2.9841222219999963, 107.598511111 -2.9841222219999963, 107.598511111 -2.9845111110000175, 107.59805277800001 -2.9845111110000175, 107.59805277800001 -2.9851361109999743, 107.59736388900001 -2.9851361109999743, 107.59736388900001 -2.985500000000002, 107.59661388900003 -2.985500000000002, 107.59661388900003 -2.985888889000023, 107.59604999999999 -2.985888889000023, 107.59604999999999 -2.9865944439999907, 107.59500000000003 -2.9865944439999907, 107.59500000000003 -2.9869888889999743, 107.594466667 -2.9869888889999743, 107.594466667 -2.9871972220000202, 107.59416666700002 -2.9871972220000202, 107.59416666700002 -2.9875277780000147, 107.59363888899998 -2.9875277780000147, 107.59363888899998 -2.987811110999985, 107.593130556 -2.987811110999985, 107.593130556 -2.988252778000003, 107.592572222 -2.988252778000003, 107.592572222 -2.9885694440000066, 107.592216667 -2.9885694440000066, 107.592216667 -2.98882500000002, 107.591791667 -2.98882500000002, 107.591791667 -2.9889777779999918, 107.591527778 -2.9889777779999918, 107.591527778 -2.9892861110000126, 107.59096111100001 -2.9892861110000126, 107.59096111100001 -2.9900388890000045, 107.58946666700001 -2.9900388890000045, 107.58946666700001 -2.9913833329999875, 107.58772499999998 -2.9913833329999875, 107.58772499999998 -2.993499999999983, 107.585361111 -2.993499999999983, 107.585361111 -2.9946277779999946, 107.584658333 -2.9946277779999946, 107.584658333 -2.9963444439999876, 107.583019444 -2.9963444439999876, 107.583019444 -3.0364777780000054, 107.62723055599997 -3.0364777780000054, 107.62723055599997 -3.0320500000000266, 107.622736111 -3.0320500000000266, 107.622736111 -3.0248222220000116, 107.62589722199999 -3.0248222220000116, 107.62589722199999 -3.0076138890000266, 107.595761111 -3.0076138890000266, 107.595761111 -2.9994916669999725, 107.62186111099999 -2.9994916669999725, 107.62186111099999 -2.982325000000003, 107.64614999999998 -2.982325000000003, 107.64614999999998 -2.977905555999996, 107.65289722199998 -2.977905555999996, 107.65289722199998 -2.9723694439999804, 107.62591944399998 -2.9723694439999804, 107.62591944399998 -2.9646944439999743, 107.64840833300002 -2.9646944439999743, 107.64840833300002 -2.9524749999999926, 107.63026388899999 -2.9524749999999926, 107.63026388899999 -2.946544443999983, 107.612975 -2.946544443999983))",AKTIF
3698,SUMATERA,MENTERI,19,KEPULAUAN BANGKA BELITUNG,01,KABUPATEN BANGKA,IUP,PT,PT TIMAH TBK,3119012112014207,81201098819560126                                                                                   ,2025-05-21,2037-08-17,OPERASI PRODUKSI,713.0,TIMAH,2,11,CNC-2,,,"DAERAH LAUT TANJUNG TERENTANG KELABAT, KABUPATEN BANGKA","POLYGON ((105.71952222200002 -1.617277778000016, 105.74119999999999 -1.617277778000016, 105.74119999999999 -1.611891667000009, 105.740022222 -1.611891667000009, 105.740022222 -1.6097777780000229, 105.73801666700001 -1.6097777780000229, 105.73801666700001 -1.6085388889999876, 105.73587777799997 -1.6085388889999876, 105.73587777799997 -1.6066749999999956, 105.734572222 -1.6066749999999956, 105.734572222 -1.6034916670000143, 105.73328611099998 -1.6034916670000143, 105.73328611099998 -1.6013027779999902, 105.731955556 -1.6013027779999902, 105.731955556 -1.5979916669999739, 105.72933888900002 -1.5979916669999739, 105.72933888900002 -1.595694444000003, 105.72672222199998 -1.595694444000003, 105.72672222199998 -1.591905555999972, 105.72291666699999 -1.591905555999972, 105.72291666699999 -1.5866416669999808, 105.720641667 -1.5866416669999808, 105.720641667 -1.5848944439999855, 105.72000000000003 -1.5848944439999855, 105.72000000000003 -1.5747722219999787, 105.72050000000002 -1.5747722219999787, 105.72050000000002 -1.5691305560000046, 105.70830555600003 -1.5691305560000046, 105.70830555600003 -1.5840499999999906, 105.71952222200002 -1.5840499999999906, 105.71952222200002 -1.617277778000016))",AKTIF
3701,SUMATERA,MENTERI,19,KEPULAUAN BANGKA BELITUNG,01,KABUPATEN BANGKA,IUP,PT,PT TIMAH TBK,3119012112014208,81201098819560174                                                                                   ,2025-04-30,2035-07-20,OPERASI PRODUKSI,52.41,TIMAH,2,11,CNC-2,,,BELINYU,"POLYGON ((105.749072222 -1.5776944439999738, 105.75023333299998 -1.5776944439999738, 105.75023333299998 -1.5763638889999925, 105.75113055600002 -1.5763638889999925, 105.75113055600002 -1.5738194439999802, 105.75285555599999 -1.5738194439999802, 105.75285555599999 -1.5695333329999812, 105.75230555600001 -1.5695333329999812, 105.75230555600001 -1.5691222219999759, 105.74396111099998 -1.5691222219999759, 105.74396111099998 -1.5697083329999941, 105.744416667 -1.5697083329999941, 105.744416667 -1.5703972219999969, 105.745066667 -1.5703972219999969, 105.745066667 -1.5710861109999996, 105.74564444399999 -1.5710861109999996, 105.74564444399999 -1.5720222219999869, 105.74621111099998 -1.5720222219999869, 105.74621111099998 -1.5732861110000158, 105.74744166699998 -1.5732861110000158, 105.74744166699998 -1.5739111109999726, 105.74821111099999 -1.5739111109999726, 105.74821111099999 -1.5747722219999787, 105.74860555599997 -1.5747722219999787, 105.74860555599997 -1.5758916670000076, 105.749072222 -1.5758916670000076, 105.749072222 -1.5776944439999738))",AKTIF
3703,SUMATERA,MENTERI,19,KEPULAUAN BANGKA BELITUNG,03,KABUPATEN BANGKA SELATAN,IUP,PT,PT TIMAH TBK,3119032112014003,81201098819560187                                                                                   ,2025-04-30,2035-07-20,OPERASI PRODUKSI,51.25,TIMAH,2,11,CNC-14,,,TOBOALI,"POLYGON ((106.643852778 -3.0645250000000033, 106.64584444399998 -3.0645250000000033, 106.64584444399998 -3.065872221999996, 106.64765277800001 -3.065872221999996, 106.64765277800001 -3.0673499999999763, 106.64935277799998 -3.0673499999999763, 106.64935277799998 -3.06857500000001, 106.65474444400002 -3.06857500000001, 106.65474444400002 -3.06338333299999, 106.643852778 -3.06338333299999, 106.643852778 -3.0645250000000033))",AKTIF
3713,SUMATERA,MENTERI,19,KEPULAUAN BANGKA BELITUNG,02,KABUPATEN BELITUNG,IUP,PT,PT TIMAH TBK,3119022112014004,81201098819560162                                                                                   ,2025-07-01,2035-07-21,OPERASI PRODUKSI,2470.0,TIMAH,2,11,CNC-17,,,DESA SIJUK,"POLYGON ((107.809272222 -2.5387249999999995, 107.80388333299999 -2.5387249999999995, 107.80388333299999 -2.5457611109999903, 107.796119444 -2.5457611109999903, 107.796119444 -2.547094443999981, 107.79626944400002 -2.547094443999981, 107.79626944400002 -2.548105555999996, 107.79658055599998 -2.548105555999996, 107.79658055599998 -2.548930556000016, 107.798080556 -2.548930556000016, 107.798080556 -2.550374999999974, 107.799361111 -2.550374999999974, 107.799361111 -2.5513055559999884, 107.799863889 -2.5513055559999884, 107.799863889 -2.5518111110000063, 107.800541667 -2.5518111110000063, 107.800541667 -2.552697222000006, 107.80085000000003 -2.552697222000006, 107.80085000000003 -2.5531166669999834, 107.80123888899999 -2.5531166669999834, 107.80123888899999 -2.5536194439999917, 107.80166944400003 -2.5536194439999917, 107.80166944400003 -2.5546861110000236, 107.802086111 -2.5546861110000236, 107.802086111 -2.5558416669999815, 107.80347499999999 -2.5558416669999815, 107.80347499999999 -2.5571611110000276, 107.80429444399999 -2.5571611110000276, 107.80429444399999 -2.558552777999978, 107.80511944400001 -2.558552777999978, 107.80511944400001 -2.5599222220000115, 107.80333888899997 -2.5599222220000115, 107.80333888899997 -2.5615888890000065, 107.80082222200002 -2.5615888890000065, 107.80082222200002 -2.563055555999995, 107.79828055600001 -2.563055555999995, 107.79828055600001 -2.56426944399999, 107.793369444 -2.56426944399999, 107.793369444 -2.5743249999999875, 107.79942499999999 -2.5743249999999875, 107.79942499999999 -2.5786305560000073, 107.79336388899998 -2.5786305560000073, 107.79336388899998 -2.5922333330000242, 107.80791388900002 -2.5922333330000242, 107.80791388900002 -2.5812944439999796, 107.81074722199997 -2.5812944439999796, 107.81074722199997 -2.573663888999988, 107.81599444400001 -2.573663888999988, 107.81599444400001 -2.5869333329999904, 107.81918611100002 -2.5869333329999904, 107.81918611100002 -2.5955583329999854, 107.82838333299998 -2.5955583329999854, 107.82838333299998 -2.589947221999978, 107.88036111100001 -2.589947221999978, 107.88036111100001 -2.585847221999984, 107.87415833300003 -2.585847221999984, 107.87415833300003 -2.5849138890000063, 107.86892499999999 -2.5849138890000063, 107.86892499999999 -2.5830555559999766, 107.87571944400003 -2.5830555559999766, 107.87571944400003 -2.583902777999981, 107.88025555600001 -2.583902777999981, 107.88025555600001 -2.579272221999986, 107.86570277800001 -2.579272221999986, 107.86570277800001 -2.576000000000022, 107.85411944399999 -2.576000000000022, 107.85411944399999 -2.571427777999986, 107.852361111 -2.571427777999986, 107.852361111 -2.571077778000017, 107.84976666699998 -2.571077778000017, 107.84976666699998 -2.5705083330000207, 107.846527778 -2.5705083330000207, 107.846527778 -2.5696194440000113, 107.842386111 -2.5696194440000113, 107.842386111 -2.568691666999996, 107.83789999999999 -2.568691666999996, 107.83789999999999 -2.5668583330000274, 107.83546944400001 -2.5668583330000274, 107.83546944400001 -2.5660055559999932, 107.830744444 -2.5660055559999932, 107.830744444 -2.5644638890000238, 107.826155556 -2.5644638890000238, 107.826155556 -2.5631083330000024, 107.82247222199999 -2.5631083330000024, 107.82247222199999 -2.561800000000005, 107.82161111099998 -2.561800000000005, 107.82161111099998 -2.5602388890000043, 107.82112222199999 -2.5602388890000043, 107.82112222199999 -2.5592416669999807, 107.81998611099999 -2.5592416669999807, 107.81998611099999 -2.556666667000002, 107.81872777799998 -2.556666667000002, 107.81872777799998 -2.554533332999995, 107.81802222200002 -2.554533332999995, 107.81802222200002 -2.5525611109999886, 107.81731944400002 -2.5525611109999886, 107.81731944400002 -2.5516361109999934, 107.816311111 -2.5516361109999934, 107.816311111 -2.5522944439999833, 107.815622222 -2.5522944439999833, 107.815622222 -2.552786110999989, 107.81375555599999 -2.552786110999989, 107.81375555599999 -2.550113888999988, 107.81457222199998 -2.550113888999988, 107.81457222199998 -2.5487638889999857, 107.81533333300001 -2.5487638889999857, 107.81533333300001 -2.5470861109999987, 107.81603888900003 -2.5470861109999987, 107.81603888900003 -2.546061110999972, 107.81501666700001 -2.546061110999972, 107.81501666700001 -2.5455138890000057, 107.81461388899999 -2.5455138890000057, 107.81461388899999 -2.5452305559999786, 107.81372777799999 -2.5452305559999786, 107.81372777799999 -2.5461916670000164, 107.81332777799997 -2.5461916670000164, 107.81332777799997 -2.5479555559999767, 107.81216388899998 -2.5479555559999767, 107.81216388899998 -2.54895555600001, 107.81053888899999 -2.54895555600001, 107.81053888899999 -2.5475638890000027, 107.809802778 -2.5475638890000027, 107.809802778 -2.5458777779999764, 107.808888889 -2.5458777779999764, 107.808888889 -2.5439694440000267, 107.80816666700002 -2.5439694440000267, 107.80816666700002 -2.5418861109999966, 107.808463889 -2.5418861109999966, 107.808463889 -2.539338889000021, 107.809272222 -2.539338889000021, 107.809272222 -2.5387249999999995), (107.85411944399999 -2.5817222219999962, 107.85582777799999 -2.5817222219999962, 107.85582777799999 -2.584688889000006, 107.844477778 -2.584688889000006, 107.844477778 -2.579180555999983, 107.847188889 -2.579180555999983, 107.847188889 -2.5817222219999962, 107.85411944399999 -2.5817222219999962))",AKTIF
3714,SUMATERA,MENTERI,19,KEPULAUAN BANGKA BELITUNG,02,KABUPATEN BELITUNG,IUP,PT,PT TIMAH TBK,3119022112014122,81201098819560201                                                                                   ,2025-05-21,2035-07-21,OPERASI PRODUKSI,309.0,TIMAH,2,11,CNC-14,,,SIJUK,"POLYGON ((107.79158055599999 -2.5935361109999917, 107.79158055599999 -2.6188583329999915, 107.806586111 -2.6188583329999915, 107.806586111 -2.613755556000001, 107.805516667 -2.613755556000001, 107.805516667 -2.6136444439999877, 107.80514722200002 -2.6136444439999877, 107.80514722200002 -2.613344444000006, 107.80482222199998 -2.613344444000006, 107.80482222199998 -2.6130583330000263, 107.80442222200003 -2.6130583330000263, 107.80442222200003 -2.6126416669999912, 107.80403888900003 -2.6126416669999912, 107.80403888900003 -2.612252778000027, 107.80366944399998 -2.612252778000027, 107.80366944399998 -2.611891667000009, 107.803358333 -2.611891667000009, 107.803358333 -2.611547222000013, 107.80290000000002 -2.611547222000013, 107.80290000000002 -2.611111111000014, 107.80268055599998 -2.611111111000014, 107.80268055599998 -2.6105305560000147, 107.80245277799997 -2.6105305560000147, 107.80245277799997 -2.6098138890000087, 107.79831944400001 -2.6098138890000087, 107.79831944400001 -2.602580556000021, 107.800116667 -2.602580556000021, 107.800116667 -2.5935361109999917, 107.79158055599999 -2.5935361109999917))",AKTIF
3718,SUMATERA,GUBERNUR,19,KEPULAUAN BANGKA BELITUNG,04,KABUPATEN BANGKA TENGAH,IUP,PT,PT TIMAH TBK,3119042112014020,81201098819560147                                                                                   ,2024-08-23,2035-07-20,OPERASI PRODUKSI,3101.0,TIMAH,2,11,CNC-1,,,SUNGAI SELAN,"POLYGON ((106.14377777800001 -2.4112499999999955, 106.12783333300001 -2.4112499999999955, 106.12783333300001 -2.412224999999978, 106.12835277800002 -2.412224999999978, 106.12835277800002 -2.413030556000024, 106.12906666700002 -2.413030556000024, 106.12906666700002 -2.4158083329999727, 106.127725 -2.4158083329999727, 106.127725 -2.413286110999991, 106.12733611099998 -2.413286110999991, 106.12733611099998 -2.4125888890000056, 106.12644444400001 -2.4125888890000056, 106.12644444400001 -2.4112499999999955, 106.12200000000001 -2.4112499999999955, 106.12200000000001 -2.410394444000019, 106.11998055599997 -2.410394444000019, 106.11998055599997 -2.409388889000013, 106.11680555599997 -2.409388889000013, 106.11680555599997 -2.4077722220000055, 106.115330556 -2.4077722220000055, 106.115330556 -2.4043888890000176, 106.11316666699997 -2.4043888890000176, 106.11316666699997 -2.388444444000015, 106.118055556 -2.388444444000015, 106.118055556 -2.3736111110000024, 106.12088888900001 -2.3736111110000024, 106.12088888900001 -2.366833332999988, 106.126138889 -2.366833332999988, 106.126138889 -2.343999999999994, 106.11258333299998 -2.343999999999994, 106.11258333299998 -2.3482500000000073, 106.11722222200001 -2.3482500000000073, 106.11722222200001 -2.3521944440000198, 106.12058333300001 -2.3521944440000198, 106.12058333300001 -2.3587777779999897, 106.11605555599999 -2.3587777779999897, 106.11605555599999 -2.353027778000012, 106.10927777799998 -2.353027778000012, 106.10927777799998 -2.349666667000008, 106.10180555599999 -2.349666667000008, 106.10180555599999 -2.3571111109999947, 106.10752777800002 -2.3571111109999947, 106.10752777800002 -2.362666666999985, 106.11180555599998 -2.362666666999985, 106.11180555599998 -2.3843611109999756, 106.108833333 -2.3843611109999756, 106.108833333 -2.3884722220000185, 106.10725000000002 -2.3884722220000185, 106.10725000000002 -2.409749999999974, 106.11152777799998 -2.409749999999974, 106.11152777799998 -2.4136666669999727, 106.116888889 -2.4136666669999727, 106.116888889 -2.4242499999999723, 106.11458333299998 -2.4242499999999723, 106.11458333299998 -2.428555555999992, 106.087861111 -2.428555555999992, 106.087861111 -2.425333333000026, 106.081694444 -2.425333333000026, 106.081694444 -2.429027777999977, 106.07680555600001 -2.429027777999977, 106.07680555600001 -2.4356388890000176, 106.10733333299999 -2.4356388890000176, 106.10733333299999 -2.4374444439999934, 106.130505556 -2.4374444439999934, 106.130505556 -2.4270833329999846, 106.14605555600002 -2.4270833329999846, 106.14605555600002 -2.417500000000018, 106.15105555600002 -2.417500000000018, 106.15105555600002 -2.3770000000000095, 106.148694444 -2.3770000000000095, 106.148694444 -2.3536666670000272, 106.14347222200001 -2.3536666670000272, 106.14347222200001 -2.3469722219999767, 106.14111111099999 -2.3469722219999767, 106.14111111099999 -2.3389999999999986, 106.13805555599998 -2.3389999999999986, 106.13805555599998 -2.332083333000014, 106.13413888899998 -2.332083333000014, 106.13413888899998 -2.3284555559999944, 106.13128611100001 -2.3284555559999944, 106.13128611100001 -2.32724166700001, 106.13197777800002 -2.32724166700001, 106.13197777800002 -2.3264805559999786, 106.133319444 -2.3264805559999786, 106.133319444 -2.326011111000014, 106.13413888899998 -2.326011111000014, 106.13413888899998 -2.31680555600002, 106.13183333299997 -2.31680555600002, 106.13183333299997 -2.3108611110000083, 106.129694444 -2.3108611110000083, 106.129694444 -2.3037499999999795, 106.12433333299998 -2.3037499999999795, 106.12433333299998 -2.3000000000000114, 106.11880555599998 -2.3000000000000114, 106.11880555599998 -2.3086666670000113, 106.12577777799999 -2.3086666670000113, 106.12577777799999 -2.3124722219999967, 106.12261111100003 -2.3124722219999967, 106.12261111100003 -2.3198055560000057, 106.129194444 -2.3198055560000057, 106.129194444 -2.323500000000024, 106.125991667 -2.323500000000024, 106.125991667 -2.3264916670000275, 106.129694444 -2.3264916670000275, 106.129694444 -2.3343888890000244, 106.13091666700001 -2.3343888890000244, 106.13091666700001 -2.3516666670000177, 106.13916666699998 -2.3516666670000177, 106.13916666699998 -2.354138889000012, 106.14097222200002 -2.354138889000012, 106.14097222200002 -2.357027777999974, 106.14299999999997 -2.357027777999974, 106.14299999999997 -2.3667500000000246, 106.13816666700001 -2.3667500000000246, 106.13816666700001 -2.37077777799999, 106.14333333299999 -2.37077777799999, 106.14333333299999 -2.38580555599998, 106.14111111099999 -2.38580555599998, 106.14111111099999 -2.3950555559999884, 106.14505555599999 -2.3950555559999884, 106.14505555599999 -2.400416667000002, 106.14377777800001 -2.400416667000002, 106.14377777800001 -2.4112499999999955))",AKTIF
3727,SUMATERA,MENTERI,19,KEPULAUAN BANGKA BELITUNG,"04,03","KABUPATEN BANGKA TENGAH,KABUPATEN BANGKA SELATAN",IUP,PT,PT TIMAH TBK,2119002112014036,81201098819560107                                                                                   ,2025-04-22,2035-07-20,OPERASI PRODUKSI,56539.0,TIMAH,2,11,CNC-1,,,TOBOALI,"MULTIPOLYGON (((106.45555555599998 -2.6315555560000234, 106.46674999999999 -2.6315555560000234, 106.46674999999999 -2.6249722219999967, 106.42972222200001 -2.6249722219999967, 106.42972222200001 -2.6578888889999917, 106.43644444400002 -2.6578888889999917, 106.43644444400002 -2.6769166670000004, 106.44608333299999 -2.6769166670000004, 106.44608333299999 -2.6881666670000186, 106.44991666700002 -2.6881666670000186, 106.44991666700002 -2.7196388890000094, 106.44430555600002 -2.7196388890000094, 106.44430555600002 -2.723944443999983, 106.42491666699999 -2.723944443999983, 106.42491666699999 -2.723083332999977, 106.42399999999998 -2.723083332999977, 106.42399999999998 -2.7220833330000005, 106.42316666699998 -2.7220833330000005, 106.42316666699998 -2.7212222219999944, 106.42247222200001 -2.7212222219999944, 106.42247222200001 -2.720444444000009, 106.42180555599998 -2.720444444000009, 106.42180555599998 -2.7197499999999764, 106.420722222 -2.7197499999999764, 106.420722222 -2.7185833330000264, 106.420222222 -2.7185833330000264, 106.420222222 -2.7180555560000244, 106.4185 -2.7180555560000244, 106.4185 -2.716222221999999, 106.41083333300003 -2.716222221999999, 106.41083333300003 -2.7112222220000035, 106.405694444 -2.7112222220000035, 106.405694444 -2.703944444000001, 106.40908333300001 -2.703944444000001, 106.40908333300001 -2.6975555559999975, 106.410972222 -2.6975555559999975, 106.410972222 -2.6884999999999764, 106.41375 -2.6884999999999764, 106.41375 -2.6818888889999926, 106.417416667 -2.6818888889999926, 106.417416667 -2.673999999999978, 106.407111111 -2.673999999999978, 106.407111111 -2.6913333329999887, 106.40050000000002 -2.6913333329999887, 106.40050000000002 -2.6865555559999734, 106.39636111099998 -2.6865555559999734, 106.39636111099998 -2.6778888889999735, 106.39280555599998 -2.6778888889999735, 106.39280555599998 -2.6757499999999936, 106.39125000000001 -2.6757499999999936, 106.39125000000001 -2.659388889000013, 106.39755555599999 -2.659388889000013, 106.39755555599999 -2.654194443999984, 106.40077777800002 -2.654194443999984, 106.40077777800002 -2.650055555999984, 106.40422222199999 -2.650055555999984, 106.40422222199999 -2.6457777780000242, 106.39716666700002 -2.6457777780000242, 106.39716666700002 -2.6489722219999976, 106.39238888900002 -2.6489722219999976, 106.39238888900002 -2.653500000000008, 106.38913888899998 -2.653500000000008, 106.38913888899998 -2.6583611109999765, 106.38647222200001 -2.6583611109999765, 106.38647222200001 -2.6669166670000095, 106.373916667 -2.6669166670000095, 106.373916667 -2.6693611110000006, 106.36675000000002 -2.6693611110000006, 106.36675000000002 -2.670749999999998, 106.36333333300001 -2.670749999999998, 106.36333333300001 -2.676027777999991, 106.36827777799999 -2.676027777999991, 106.36827777799999 -2.673861111000008, 106.38383333299998 -2.673861111000008, 106.38383333299998 -2.675222222000002, 106.38436111099998 -2.675222222000002, 106.38436111099998 -2.676527777999979, 106.38494444399998 -2.676527777999979, 106.38494444399998 -2.6778888889999735, 106.38547222199998 -2.6778888889999735, 106.38547222199998 -2.679166667000004, 106.38638888899999 -2.679166667000004, 106.38638888899999 -2.6813888890000044, 106.38716666699997 -2.6813888890000044, 106.38716666699997 -2.6833055559999934, 106.388138889 -2.6833055559999934, 106.388138889 -2.685694443999978, 106.39002777799999 -2.685694443999978, 106.39002777799999 -2.6902222219999885, 106.39125000000001 -2.6902222219999885, 106.39125000000001 -2.693194444000028, 106.39350000000002 -2.693194444000028, 106.39350000000002 -2.6985833329999878, 106.39605555600002 -2.6985833329999878, 106.39605555600002 -2.7047222219999867, 106.39877777800001 -2.7047222219999867, 106.39877777800001 -2.7114166669999804, 106.39952777799999 -2.7114166669999804, 106.39952777799999 -2.7131944440000098, 106.39244444399998 -2.7131944440000098, 106.39244444399998 -2.716833333000011, 106.39544444400002 -2.716833333000011, 106.39544444400002 -2.7189444439999875, 106.39658333300002 -2.7189444439999875, 106.39658333300002 -2.72844444399999, 106.40055555599997 -2.72844444399999, 106.40055555599997 -2.7205000000000155, 106.40227777799998 -2.7205000000000155, 106.40227777799998 -2.718500000000006, 106.40713888900001 -2.718500000000006, 106.40713888900001 -2.719805555999983, 106.41066666699999 -2.719805555999983, 106.41066666699999 -2.7214722219999885, 106.41222222200003 -2.7214722219999885, 106.41222222200003 -2.7221944440000243, 106.41391666700002 -2.7221944440000243, 106.41391666700002 -2.730722221999997, 106.39888888899998 -2.730722221999997, 106.39888888899998 -2.7345555559999752, 106.38752777799999 -2.7345555559999752, 106.38752777799999 -2.7280833329999723, 106.38163888899999 -2.7280833329999723, 106.38163888899999 -2.736722222000026, 106.37402777800003 -2.736722222000026, 106.37402777800003 -2.7327777780000133, 106.37766666700003 -2.7327777780000133, 106.37766666700003 -2.7262777779999965, 106.38150000000002 -2.7262777779999965, 106.38150000000002 -2.716000000000008, 106.375833333 -2.716000000000008, 106.375833333 -2.7222777779999774, 106.37083333300001 -2.7222777779999774, 106.37083333300001 -2.7282500000000027, 106.36544444399999 -2.7282500000000027, 106.36544444399999 -2.7329444439999975, 106.36347222199998 -2.7329444439999975, 106.36347222199998 -2.744055555999978, 106.34130555600001 -2.744055555999978, 106.34130555600001 -2.732194444000015, 106.33688888900002 -2.732194444000015, 106.33688888900002 -2.7143055559999993, 106.332916667 -2.7143055559999993, 106.332916667 -2.709694443999979, 106.32774999999998 -2.709694443999979, 106.32774999999998 -2.688111111000012, 106.322 -2.688111111000012, 106.322 -2.682055556000023, 106.31747222199999 -2.682055556000023, 106.31747222199999 -2.6802222219999976, 106.31511111100002 -2.6802222219999976, 106.31511111100002 -2.6767222220000235, 106.30877777799998 -2.6767222220000235, 106.30877777799998 -2.671833332999995, 106.305805556 -2.671833332999995, 106.305805556 -2.652888888999996, 106.27155555600001 -2.652888888999996, 106.27155555600001 -2.6708333330000187, 106.29497222200001 -2.6708333330000187, 106.29497222200001 -2.675444443999993, 106.30208333299998 -2.675444443999993, 106.30208333299998 -2.6799722220000035, 106.30652777799997 -2.6799722220000035, 106.30652777799997 -2.6833333330000073, 106.312222222 -2.6833333330000073, 106.312222222 -2.6875277780000033, 106.31455555600002 -2.6875277780000033, 106.31455555600002 -2.6939166669999963, 106.31969444399999 -2.6939166669999963, 106.31969444399999 -2.705897221999976, 106.323666667 -2.705897221999976, 106.323666667 -2.7072111109999923, 106.32622222200001 -2.7072111109999923, 106.32622222200001 -2.709583333000012, 106.32263888900002 -2.709583333000012, 106.32263888900002 -2.7154166669999995, 106.32475 -2.7154166669999995, 106.32475 -2.7436666670000136, 106.33280555599998 -2.7436666670000136, 106.33280555599998 -2.7621111110000243, 106.337888889 -2.7621111110000243, 106.337888889 -2.7765555560000053, 106.334555556 -2.7765555560000053, 106.334555556 -2.779694443999972, 106.33047222200003 -2.779694443999972, 106.33047222200003 -2.783777778000001, 106.32513888900002 -2.783777778000001, 106.32513888900002 -2.788138888999981, 106.319472222 -2.788138888999981, 106.319472222 -2.7924166669999977, 106.31383333299999 -2.7924166669999977, 106.31383333299999 -2.796305555999993, 106.28186111100001 -2.796305555999993, 106.28186111100001 -2.810305556000003, 106.27300000000002 -2.810305556000003, 106.27300000000002 -2.8447499999999764, 106.31069444399998 -2.8447499999999764, 106.31069444399998 -2.821944443999996, 106.315305556 -2.821944443999996, 106.315305556 -2.801027777999991, 106.32205555600001 -2.801027777999991, 106.32205555600001 -2.7957777780000015, 106.328666667 -2.7957777780000015, 106.328666667 -2.7903611109999815, 106.33547222200002 -2.7903611109999815, 106.33547222200002 -2.785583332999977, 106.341472222 -2.785583332999977, 106.341472222 -2.7821944440000266, 106.345694444 -2.7821944440000266, 106.345694444 -2.7792777779999938, 106.34938888900001 -2.7792777779999938, 106.34938888900001 -2.76191666699998, 106.356583333 -2.76191666699998, 106.356583333 -2.751555556000028, 106.37074999999999 -2.751555556000028, 106.37074999999999 -2.745888889000014, 106.38433333299997 -2.745888889000014, 106.38433333299997 -2.7396666669999945, 106.39691666700003 -2.7396666669999945, 106.39691666700003 -2.7418055559999743, 106.40080555600002 -2.7418055559999743, 106.40080555600002 -2.754666666999981, 106.40277777799997 -2.754666666999981, 106.40277777799997 -2.7730000000000246, 106.38805555599998 -2.7730000000000246, 106.38805555599998 -2.7806666669999913, 106.403722222 -2.7806666669999913, 106.403722222 -2.7995277780000265, 106.41580555600001 -2.7995277780000265, 106.41580555600001 -2.7734722220000094, 106.40930555599999 -2.7734722220000094, 106.40930555599999 -2.7413666670000225, 106.41173333299997 -2.7413666670000225, 106.41173333299997 -2.7426777779999725, 106.41435555599998 -2.7426777779999725, 106.41435555599998 -2.744933333000006, 106.42336111100002 -2.744933333000006, 106.42336111100002 -2.7476944439999897, 106.43394444400002 -2.7476944439999897, 106.43394444400002 -2.7506666670000186, 106.44319444400003 -2.7506666670000186, 106.44319444400003 -2.7563333329999864, 106.46686111100001 -2.7563333329999864, 106.46686111100001 -2.772416667000016, 106.47252777800003 -2.772416667000016, 106.47252777800003 -2.781805555999995, 106.45999999999998 -2.781805555999995, 106.45999999999998 -2.7745833330000096, 106.455666667 -2.7745833330000096, 106.455666667 -2.7687777780000147, 106.447527778 -2.7687777780000147, 106.447527778 -2.7652777779999838, 106.43855555599998 -2.7652777779999838, 106.43855555599998 -2.759888889000024, 106.43155555599998 -2.759888889000024, 106.43155555599998 -2.7564722220000135, 106.425444444 -2.7564722220000135, 106.425444444 -2.765222221999977, 106.43241666699998 -2.765222221999977, 106.43241666699998 -2.7691388889999757, 106.43819444399998 -2.7691388889999757, 106.43819444399998 -2.7720277779999947, 106.42533333300003 -2.7720277779999947, 106.42533333300003 -2.777249999999981, 106.43188888899999 -2.777249999999981, 106.43188888899999 -2.781472221999991, 106.45108333299999 -2.781472221999991, 106.45108333299999 -2.790888888999973, 106.46719444399997 -2.790888888999973, 106.46719444399997 -2.796333333000007, 106.473805556 -2.796333333000007, 106.473805556 -2.8499722220000194, 106.46313888899999 -2.8499722220000194, 106.46313888899999 -2.8393611110000165, 106.46116666699999 -2.8393611110000165, 106.46116666699999 -2.8291666669999813, 106.45530555599998 -2.8291666669999813, 106.45530555599998 -2.825083333000009, 106.44547222199998 -2.825083333000009, 106.44547222199998 -2.8323055559999943, 106.45100000000002 -2.8323055559999943, 106.45100000000002 -2.835222222000027, 106.455333333 -2.835222222000027, 106.455333333 -2.843500000000006, 106.44891666699999 -2.843500000000006, 106.44891666699999 -2.853027778000012, 106.46136111099997 -2.853027778000012, 106.46136111099997 -2.8640833329999964, 106.470111111 -2.8640833329999964, 106.470111111 -2.8708333330000073, 106.48833333300001 -2.8708333330000073, 106.48833333300001 -2.9333055559999934, 106.466805556 -2.9333055559999934, 106.466805556 -2.9314444440000216, 106.465138889 -2.9314444440000216, 106.465138889 -2.9291388890000007, 106.46311111099999 -2.9291388890000007, 106.46311111099999 -2.926388889000009, 106.46194444399998 -2.926388889000009, 106.46194444399998 -2.924805556000024, 106.461194444 -2.924805556000024, 106.461194444 -2.9237777779999874, 106.460333333 -2.9237777779999874, 106.460333333 -2.9226111109999806, 106.45958333300001 -2.9226111109999806, 106.45958333300001 -2.921583333000001, 106.45875000000001 -2.921583333000001, 106.45875000000001 -2.920472222000001, 106.45752777799999 -2.920472222000001, 106.45752777799999 -2.9188055559999952, 106.45633333299998 -2.9188055559999952, 106.45633333299998 -2.9171666670000036, 106.45527777799998 -2.9171666670000036, 106.45527777799998 -2.9157500000000027, 106.454194444 -2.9157500000000027, 106.454194444 -2.9142499999999814, 106.45294444400002 -2.9142499999999814, 106.45294444400002 -2.9125833329999864, 106.451444444 -2.9125833329999864, 106.451444444 -2.9105277780000165, 106.44966666699997 -2.9105277780000165, 106.44966666699997 -2.9081111109999824, 106.44772222199998 -2.9081111109999824, 106.44772222199998 -2.9054722220000144, 106.445611111 -2.9054722220000144, 106.445611111 -2.902611110999999, 106.44258333300002 -2.902611110999999, 106.44258333300002 -2.8984722220000094, 106.44008333300002 -2.8984722220000094, 106.44008333300002 -2.8950833330000023, 106.42644444400003 -2.8950833330000023, 106.42644444400003 -2.8995277779999924, 106.42083333300002 -2.8995277779999924, 106.42083333300002 -2.9034444440000016, 106.41194444400003 -2.9034444440000016, 106.41194444400003 -2.9142777779999847, 106.42958333299998 -2.9142777779999847, 106.42958333299998 -2.9071388890000094, 106.44119444400002 -2.9071388890000094, 106.44119444400002 -2.911111111000025, 106.44208333300003 -2.911111111000025, 106.44208333300003 -2.912249999999972, 106.443638889 -2.912249999999972, 106.443638889 -2.9136944439999866, 106.44541666700002 -2.9136944439999866, 106.44541666700002 -2.9166944439999725, 106.44713888899997 -2.9166944439999725, 106.44713888899997 -2.918333333000021, 106.44983333300002 -2.918333333000021, 106.44983333300002 -2.922527778000017, 106.45244444399998 -2.922527778000017, 106.45244444399998 -2.9258055560000003, 106.45499999999998 -2.9258055560000003, 106.45499999999998 -2.929388888999995, 106.457583333 -2.929388888999995, 106.457583333 -2.932833333000019, 106.46061111099999 -2.932833333000019, 106.46061111099999 -2.9369166669999913, 106.46383333300003 -2.9369166669999913, 106.46383333300003 -2.941138889000001, 106.47533333299998 -2.941138889000001, 106.47533333299998 -2.9641388890000258, 106.48061111099997 -2.9641388890000258, 106.48061111099997 -2.9607222220000153, 106.48763888899998 -2.9607222220000153, 106.48763888899998 -2.9649166670000113, 106.49005555600002 -2.9649166670000113, 106.49005555600002 -2.9750555559999725, 106.49208333299998 -2.9750555559999725, 106.49208333299998 -2.987833333000026, 106.49566666700002 -2.987833333000026, 106.49566666700002 -2.980305556000019, 106.498833333 -2.980305556000019, 106.498833333 -2.9767777779999847, 106.49650000000003 -2.9767777779999847, 106.49650000000003 -2.9567499999999995, 106.498916667 -2.9567499999999995, 106.498916667 -2.9436111109999956, 106.50563888900001 -2.9436111109999956, 106.50563888900001 -2.9472222219999935, 106.509222222 -2.9472222219999935, 106.509222222 -2.9828055560000166, 106.51361111099999 -2.9828055560000166, 106.51361111099999 -2.9860555559999966, 106.52024999999998 -2.9860555559999966, 106.52024999999998 -2.9764166670000236, 106.51908333300003 -2.9764166670000236, 106.51908333300003 -2.970833332999973, 106.52300000000002 -2.970833332999973, 106.52300000000002 -2.957527777999985, 106.52866666699998 -2.957527777999985, 106.52866666699998 -2.9622777779999865, 106.53388888900002 -2.9622777779999865, 106.53388888900002 -2.958250000000021, 106.53663888900002 -2.958250000000021, 106.53663888900002 -2.960777778000022, 106.54149999999998 -2.960777778000022, 106.54149999999998 -2.957083333000014, 106.54447222200002 -2.957083333000014, 106.54447222200002 -2.9538055560000203, 106.54719444400001 -2.9538055560000203, 106.54719444400001 -2.9588055560000157, 106.54561111100003 -2.9588055560000157, 106.54561111100003 -2.962555555999984, 106.55102777799999 -2.962555555999984, 106.55102777799999 -2.9576111110000056, 106.55466666699999 -2.9576111110000056, 106.55466666699999 -2.9626944440000216, 106.56097222199998 -2.9626944440000216, 106.56097222199998 -2.9673611110000024, 106.56377777799997 -2.9673611110000024, 106.56377777799997 -2.9691944439999816, 106.56177777800002 -2.9691944439999816, 106.56177777800002 -2.971138888999974, 106.55288888899997 -2.971138888999974, 106.55288888899997 -2.9804444439999997, 106.55483333299998 -2.9804444439999997, 106.55483333299998 -2.983722221999983, 106.55402777799998 -2.983722221999983, 106.55402777799998 -2.9876111109999783, 106.54708333299999 -2.9876111109999783, 106.54708333299999 -3.0060833329999923, 106.54152777799999 -3.0060833329999923, 106.54152777799999 -3.012277777999998, 106.53455555599999 -3.012277777999998, 106.53455555599999 -3.0104444439999725, 106.53205555599999 -3.0104444439999725, 106.53205555599999 -3.015083333000007, 106.53330555600002 -3.015083333000007, 106.53330555600002 -3.022583333, 106.52436111100002 -3.022583333, 106.52436111100002 -3.0180833329999928, 106.520666667 -3.0180833329999928, 106.520666667 -3.0130555559999834, 106.51491666700002 -3.0130555559999834, 106.51491666700002 -3.0100833330000114, 106.50886111099999 -3.0100833330000114, 106.50886111099999 -3.0129722219999735, 106.50475 -3.0129722219999735, 106.50475 -3.0180833329999928, 106.49897222200002 -3.0180833329999928, 106.49897222200002 -3.014861111000016, 106.49677777800002 -3.014861111000016, 106.49677777800002 -3.011666666999986, 106.493833333 -3.011666666999986, 106.493833333 -3.0147777779999956, 106.48825 -3.0147777779999956, 106.48825 -3.0180277779999756, 106.48458333299999 -3.0180277779999756, 106.48458333299999 -3.0094722219999994, 106.48275000000001 -3.0094722219999994, 106.48275000000001 -3.0036944440000184, 106.48641666700001 -3.0036944440000184, 106.48641666700001 -2.998833332999993, 106.50069444399998 -2.998833332999993, 106.50069444399998 -3.000222221999991, 106.509444444 -3.000222221999991, 106.509444444 -2.996638888999996, 106.50475 -2.996638888999996, 106.50475 -2.9945277780000197, 106.49238888899998 -2.9945277780000197, 106.49238888899998 -2.992138888999989, 106.48616666700002 -2.992138888999989, 106.48616666700002 -2.989138889000003, 106.48212222199999 -2.989138889000003, 106.48212222199999 -2.991833332999988, 106.47983333299999 -2.991833332999988, 106.47983333299999 -2.9995555560000184, 106.47438888900001 -2.9995555560000184, 106.47438888900001 -3.0034444440000243, 106.48038333300002 -3.0034444440000243, 106.48038333300002 -3.0053194440000084, 106.47577777800001 -3.0053194440000084, 106.47577777800001 -3.0067305559999795, 106.47763888899999 -3.0067305559999795, 106.47763888899999 -3.011305556000025, 106.475219444 -3.011305556000025, 106.475219444 -3.0123944439999946, 106.47289999999998 -3.0123944439999946, 106.47289999999998 -3.0114638890000265, 106.47121666700002 -3.0114638890000265, 106.47121666700002 -3.0122277780000104, 106.46998611100003 -3.0122277780000104, 106.46998611100003 -3.013458333000017, 106.469030556 -3.013458333000017, 106.469030556 -3.0215833330000237, 106.46674166700001 -3.0215833330000237, 106.46674166700001 -3.0223722220000013, 106.46795555599999 -3.0223722220000013, 106.46795555599999 -3.02318333300002, 106.46949722199997 -3.02318333300002, 106.46949722199997 -3.024883332999991, 106.47023611100002 -3.024883332999991, 106.47023611100002 -3.025658333000024, 106.472188889 -3.025658333000024, 106.472188889 -3.027355555999975, 106.47361388899998 -3.027355555999975, 106.47361388899998 -3.0279611110000246, 106.474558333 -3.0279611110000246, 106.474558333 -3.0286555559999897, 106.47551388900001 -3.0286555559999897, 106.47551388900001 -3.029405555999972, 106.47663888900001 -3.029405555999972, 106.47663888900001 -3.0305416670000227, 106.477388889 -3.0305416670000227, 106.477388889 -3.031499999999994, 106.48041111100002 -3.031499999999994, 106.48041111100002 -3.029433332999986, 106.483502778 -3.029433332999986, 106.483502778 -3.028438888999972, 106.48597222199999 -3.028438888999972, 106.48597222199999 -3.0275722220000034, 106.48996388900002 -3.0275722220000034, 106.48996388900002 -3.027977777999979, 106.492644444 -3.027977777999979, 106.492644444 -3.029497221999975, 106.49692777799999 -3.029497221999975, 106.49692777799999 -3.031569444000013, 106.50155555600003 -3.031569444000013, 106.50155555600003 -3.034119443999998, 106.50480555600001 -3.034119443999998, 106.50480555600001 -3.0368833329999916, 106.50606388900002 -3.0368833329999916, 106.50606388900002 -3.0426499999999805, 106.507302778 -3.0426499999999805, 106.507302778 -3.046316666999985, 106.508336111 -3.046316666999985, 106.508336111 -3.0494638889999806, 106.50961666699999 -3.0494638889999806, 106.50961666699999 -3.0531444439999973, 106.51115833300003 -3.0531444439999973, 106.51115833300003 -3.0574361110000154, 106.512833333 -3.0574361110000154, 106.512833333 -3.0623805559999937, 106.51536666700002 -3.0623805559999937, 106.51536666700002 -3.0693388889999937, 106.51846111100002 -3.0693388889999937, 106.51846111100002 -3.073466666999991, 106.52256111100002 -3.073466666999991, 106.52256111100002 -3.077513888999988, 106.52856111099999 -3.077513888999988, 106.52856111099999 -3.075680556000009, 106.53265555600001 -3.075680556000009, 106.53265555600001 -3.073849999999993, 106.536394444 -3.073849999999993, 106.536394444 -3.071858333000023, 106.54062777799999 -3.071858333000023, 106.54062777799999 -3.070144443999993, 106.54438333299998 -3.070144443999993, 106.54438333299998 -3.068613889000005, 106.54755 -3.068613889000005, 106.54755 -3.0670749999999884, 106.55073333299998 -3.0670749999999884, 106.55073333299998 -3.064975000000004, 106.55533888899998 -3.064975000000004, 106.55533888899998 -3.0628638890000275, 106.55986944400001 -3.0628638890000275, 106.55986944400001 -3.059972221999999, 106.57302499999997 -3.059972221999999, 106.57302499999997 -3.058530555999994, 106.601555556 -3.058530555999994, 106.601555556 -3.0550833330000273, 106.60888888900001 -3.0550833330000273, 106.60888888900001 -3.0586527780000097, 106.61328611099998 -3.0586527780000097, 106.61328611099998 -3.05819444399998, 106.62299999999999 -3.05819444399998, 106.62299999999999 -3.0466111110000043, 106.629472222 -3.0466111110000043, 106.629472222 -3.0519166670000004, 106.63375000000002 -3.0519166670000004, 106.63375000000002 -3.045749999999998, 106.63958333300002 -3.045749999999998, 106.63958333300002 -3.0307222220000085, 106.645638889 -3.0307222220000085, 106.645638889 -3.0495277780000265, 106.657333333 -3.0495277780000265, 106.657333333 -3.025333332999992, 106.66311111099998 -3.025333332999992, 106.66311111099998 -3.0374166670000022, 106.66638888900002 -3.0374166670000022, 106.66638888900002 -3.0470555559999752, 106.67258333299998 -3.0470555559999752, 106.67258333299998 -3.0398611109999933, 106.68011111099997 -3.0398611109999933, 106.68011111099997 -3.0532499999999914, 106.685555556 -3.0532499999999914, 106.685555556 -3.041888889000006, 106.68975 -3.041888889000006, 106.68975 -3.054444444000012, 106.69911111099998 -3.054444444000012, 106.69911111099998 -3.059722222000005, 106.697305556 -3.059722222000005, 106.697305556 -3.0669166669999868, 106.70069444400002 -3.0669166669999868, 106.70069444400002 -3.062388888999976, 106.70333333299999 -3.062388888999976, 106.70333333299999 -3.059361110999987, 106.70736111100001 -3.059361110999987, 106.70736111100001 -3.0538611110000033, 106.71075000000002 -3.0538611110000033, 106.71075000000002 -3.0508055560000003, 106.72055555600002 -3.0508055560000003, 106.72055555600002 -3.042805556000019, 106.73149999999998 -3.042805556000019, 106.73149999999998 -3.0381944439999984, 106.729916667 -3.0381944439999984, 106.729916667 -3.0267222219999894, 106.73291666699998 -3.0267222219999894, 106.73291666699998 -3.021000000000015, 106.73825 -3.021000000000015, 106.73825 -3.0161111109999865, 106.74288888900003 -3.0161111109999865, 106.74288888900003 -3.008555555999976, 106.74063888900002 -3.008555555999976, 106.74063888900002 -3.0067222220000076, 106.69766666700002 -3.0067222220000076, 106.69766666700002 -3.022555555999986, 106.69574999999998 -3.022555555999986, 106.69574999999998 -3.0186111109999842, 106.69213888899998 -3.0186111109999842, 106.69213888899998 -3.0156388890000017, 106.694444444 -3.0156388890000017, 106.694444444 -3.0099166670000272, 106.689722222 -3.0099166670000272, 106.689722222 -3.0140277780000133, 106.68713888899998 -3.0140277780000133, 106.68713888899998 -3.017861111000002, 106.68366666700001 -3.017861111000002, 106.68366666700001 -3.025250000000028, 106.67877777799998 -3.025250000000028, 106.67877777799998 -3.01400000000001, 106.67166666700001 -3.01400000000001, 106.67166666700001 -3.0004444439999816, 106.66766666699999 -3.0004444439999816, 106.66766666699999 -2.9841388890000076, 106.67086111100002 -2.9841388890000076, 106.67086111100002 -2.978749999999991, 106.65563888899999 -2.978749999999991, 106.65563888899999 -2.9942500000000223, 106.65891666700003 -2.9942500000000223, 106.65891666700003 -3.010972222000021, 106.60958333299999 -3.010972222000021, 106.60958333299999 -3.0022222220000003, 106.59447222199998 -3.0022222220000003, 106.59447222199998 -2.9970277780000174, 106.59222222199998 -2.9970277780000174, 106.59222222199998 -2.9929444439999884, 106.58916666699997 -2.9929444439999884, 106.58916666699997 -2.9685555560000125, 106.60370833299999 -2.9685555560000125, 106.60370833299999 -2.9653277780000167, 106.59949722200002 -2.9653277780000167, 106.59949722200002 -2.9613638889999834, 106.59653611099998 -2.9613638889999834, 106.59653611099998 -2.9579944440000077, 106.59373333299999 -2.9579944440000077, 106.59373333299999 -2.9549277780000125, 106.590680556 -2.9549277780000125, 106.590680556 -2.9516944439999975, 106.57466666699997 -2.9516944439999975, 106.57466666699997 -2.9606111109999915, 106.57244444399998 -2.9606111109999915, 106.57244444399998 -2.96550000000002, 106.57549999999998 -2.96550000000002, 106.57549999999998 -2.963583332999974, 106.58338888899999 -2.963583332999974, 106.58338888899999 -2.9678333329999873, 106.577583333 -2.9678333329999873, 106.577583333 -2.976722221999978, 106.566972222 -2.976722221999978, 106.566972222 -2.977833332999978, 106.56494444399999 -2.977833332999978, 106.56494444399999 -2.9712499999999977, 106.56938888899998 -2.9712499999999977, 106.56938888899998 -2.9642222219999894, 106.56630555599997 -2.9642222219999894, 106.56630555599997 -2.96016666700001, 106.568638889 -2.96016666700001, 106.568638889 -2.953583332999983, 106.56313888900002 -2.953583332999983, 106.56313888900002 -2.947638889000018, 106.54780555600001 -2.947638889000018, 106.54780555600001 -2.9446388889999753, 106.55141666700001 -2.9446388889999753, 106.55141666700001 -2.9405555559999925, 106.555277778 -2.9405555559999925, 106.555277778 -2.936416667000003, 106.56536111100002 -2.936416667000003, 106.56536111100002 -2.927472222000006, 106.58338611099998 -2.927472222000006, 106.58338611099998 -2.9069055560000265, 106.574472222 -2.9069055560000265, 106.574472222 -2.89544444400002, 106.55900000000003 -2.89544444400002, 106.55900000000003 -2.859083333000001, 106.5455 -2.859083333000001, 106.5455 -2.817583333000016, 106.53622222199999 -2.817583333000016, 106.53622222199999 -2.793694443999982, 106.532083333 -2.793694443999982, 106.532083333 -2.759388888999979, 106.52413888900003 -2.759388888999979, 106.52413888900003 -2.785972221999998, 106.51627777800002 -2.785972221999998, 106.51627777800002 -2.780277778000027, 106.50597222200003 -2.780277778000027, 106.50597222200003 -2.7906111109999756, 106.51333333299999 -2.7906111109999756, 106.51333333299999 -2.794027777999986, 106.51972222199998 -2.794027777999986, 106.51972222199998 -2.8013333330000023, 106.52530555599998 -2.8013333330000023, 106.52530555599998 -2.8066388889999985, 106.518138889 -2.8066388889999985, 106.518138889 -2.828583332999983, 106.527666667 -2.828583332999983, 106.527666667 -2.859527777999972, 106.50680555600002 -2.859527777999972, 106.50680555600002 -2.851972221999972, 106.492722222 -2.851972221999972, 106.492722222 -2.818444444000022, 106.489388889 -2.818444444000022, 106.489388889 -2.775722222000013, 106.491388889 -2.775722222000013, 106.491388889 -2.7643888889999744, 106.49372222199997 -2.7643888889999744, 106.49372222199997 -2.756611110999984, 106.49683333299998 -2.756611110999984, 106.49683333299998 -2.7468055560000266, 106.49280555600001 -2.7468055560000266, 106.49280555600001 -2.7531944439999734, 106.491361111 -2.7531944439999734, 106.491361111 -2.7564722220000135, 106.48897222199997 -2.7564722220000135, 106.48897222199997 -2.76191666699998, 106.486861111 -2.76191666699998, 106.486861111 -2.7756944440000098, 106.48505555600002 -2.7756944440000098, 106.48505555600002 -2.764722221999989, 106.47986111099999 -2.764722221999989, 106.47986111099999 -2.7513611109999943, 106.48116666700002 -2.7513611109999943, 106.48116666700002 -2.7481111110000143, 106.48252777800002 -2.7481111110000143, 106.48252777800002 -2.745166666999978, 106.48372222199998 -2.745166666999978, 106.48372222199998 -2.741694444000018, 106.48516666699999 -2.741694444000018, 106.48516666699999 -2.7372777780000206, 106.48697222200002 -2.7372777780000206, 106.48697222200002 -2.734416667000005, 106.48816666699997 -2.734416667000005, 106.48816666699997 -2.7266388890000144, 106.49144444400002 -2.7266388890000144, 106.49144444400002 -2.7323333329999855, 106.49683333299998 -2.7323333329999855, 106.49683333299998 -2.726722221999978, 106.49572222199998 -2.726722221999978, 106.49572222199998 -2.7120277779999924, 106.49836111100001 -2.7120277779999924, 106.49836111100001 -2.714027778000002, 106.50119444400002 -2.714027778000002, 106.50119444400002 -2.7183055560000184, 106.50408333299998 -2.7183055560000184, 106.50408333299998 -2.7211666669999772, 106.507222222 -2.7211666669999772, 106.507222222 -2.730583333000027, 106.51474999999999 -2.730583333000027, 106.51474999999999 -2.7346388889999957, 106.522638889 -2.7346388889999957, 106.522638889 -2.742027778000022, 106.53216666700001 -2.742027778000022, 106.53216666700001 -2.747916667000027, 106.53783333299998 -2.747916667000027, 106.543805556 -2.747916667000027, 106.543805556 -2.738749999999982, 106.55200000000002 -2.738749999999982, 106.55200000000002 -2.7283055560000093, 106.565861111 -2.7283055560000093, 106.565861111 -2.7318333329999973, 106.57038888900001 -2.7318333329999973, 106.57038888900001 -2.7358611110000197, 106.58233333300001 -2.7358611110000197, 106.58233333300001 -2.742638888999977, 106.601027778 -2.742638888999977, 106.601027778 -2.752277778000007, 106.61394999999999 -2.752277778000007, 106.61394999999999 -2.742605556000001, 106.61846111099999 -2.742605556000001, 106.61846111099999 -2.7296388890000003, 106.60563888899998 -2.7296388890000003, 106.60563888899998 -2.721416667000028, 106.60091666699998 -2.721416667000028, 106.60091666699998 -2.713583332999974, 106.58880555600001 -2.713583332999974, 106.58880555600001 -2.710416667000004, 106.58472222199998 -2.710416667000004, 106.58472222199998 -2.705972222000014, 106.58380555600002 -2.705972222000014, 106.572277778 -2.705972222000014, 106.572277778 -2.7054444440000225, 106.571944444 -2.7054444440000225, 106.571944444 -2.7049722219999808, 106.570888889 -2.7049722219999808, 106.570888889 -2.703444444000013, 106.570055556 -2.703444444000013, 106.570055556 -2.7022499999999923, 106.56922222200001 -2.7022499999999923, 106.56922222200001 -2.7010833329999855, 106.56830555599998 -2.7010833329999855, 106.56830555599998 -2.699777777999998, 106.56747222199999 -2.699777777999998, 106.56747222199999 -2.698611110999991, 106.56655555600003 -2.698611110999991, 106.56655555600003 -2.697277778, 106.56569444399997 -2.697277778, 106.56569444399997 -2.696055555999976, 106.565 -2.696055555999976, 106.565 -2.695111111000017, 106.56400000000002 -2.695111111000017, 106.56400000000002 -2.6936666670000022, 106.562777778 -2.6936666670000022, 106.562777778 -2.6919444440000007, 106.56241666699998 -2.6919444440000007, 106.56241666699998 -2.6914166669999986, 106.56127777799998 -2.6914166669999986, 106.56127777799998 -2.689777778000007, 106.55977777800001 -2.689777778000007, 106.55977777800001 -2.687638889000027, 106.55786111100002 -2.687638889000027, 106.55786111100002 -2.6849444439999957, 106.55452777800002 -2.6849444439999957, 106.55452777800002 -2.6778888889999735, 106.56877777800003 -2.6778888889999735, 106.56877777800003 -2.6850277780000056, 106.57527777799999 -2.6850277780000056, 106.57527777799999 -2.691250000000025, 106.585111111 -2.691250000000025, 106.585111111 -2.7002499999999827, 106.61241666699999 -2.7002499999999827, 106.61241666699999 -2.7142222219999894, 106.62683333299998 -2.7142222219999894, 106.62683333299998 -2.7087888890000045, 106.633613889 -2.7087888890000045, 106.633613889 -2.6849444439999957, 106.63047222199998 -2.6849444439999957, 106.63047222199998 -2.68319444399998, 106.63047222199998 -2.6747777780000206, 106.60508333299998 -2.6747777780000206, 106.60508333299998 -2.6582500000000095, 106.595166667 -2.6582500000000095, 106.595166667 -2.669638888999998, 106.58411111100003 -2.669638888999998, 106.58411111100003 -2.6433250000000044, 106.58130833299998 -2.6433250000000044, 106.58130833299998 -2.647100000000023, 106.57774999999998 -2.647100000000023, 106.57774999999998 -2.6494638890000033, 106.5711 -2.6494638890000033, 106.5711 -2.6522444440000186, 106.56300833300003 -2.6522444440000186, 106.56300833300003 -2.6551055560000236, 106.55480833299998 -2.6551055560000236, 106.55480833299998 -2.65773333300001, 106.54732777800001 -2.65773333300001, 106.54732777800001 -2.661066667, 106.53807222199998 -2.661066667, 106.53807222199998 -2.658305556000016, 106.534133333 -2.658305556000016, 106.534133333 -2.654583333000005, 106.53046111100002 -2.654583333000005, 106.53046111100002 -2.6524833330000206, 106.52780555599998 -2.6524833330000206, 106.52780555599998 -2.650655556000004, 106.525111111 -2.650655556000004, 106.525111111 -2.6711944439999797, 106.52141666699998 -2.6711944439999797, 106.52141666699998 -2.680000000000007, 106.52016666700001 -2.680000000000007, 106.52016666700001 -2.6831111110000165, 106.51155555600002 -2.6831111110000165, 106.51155555600002 -2.6812777779999806, 106.508083333 -2.6812777779999806, 106.508083333 -2.6869166669999913, 106.506138889 -2.6869166669999913, 106.506138889 -2.692472221999992, 106.499944444 -2.692472221999992, 106.499944444 -2.6865833329999873, 106.49797222199999 -2.6865833329999873, 106.49797222199999 -2.6772222220000117, 106.49577777799999 -2.6772222220000117, 106.49577777799999 -2.671805555999981, 106.49113888900001 -2.671805555999981, 106.49113888900001 -2.6898055560000103, 106.49430555599997 -2.6898055560000103, 106.49430555599997 -2.698805556000025, 106.49061111100002 -2.698805556000025, 106.49061111100002 -2.691750000000013, 106.486333333 -2.691750000000013, 106.486333333 -2.708138888999997, 106.48338888900003 -2.708138888999997, 106.48338888900003 -2.7172222219999753, 106.484944444 -2.7172222219999753, 106.484944444 -2.7224444440000184, 106.48230555599997 -2.7224444440000184, 106.48230555599997 -2.7364444440000284, 106.48075 -2.7364444440000284, 106.48075 -2.738277777999997, 106.47994444400001 -2.738277777999997, 106.47994444400001 -2.7396666669999945, 106.479333333 -2.7396666669999945, 106.479333333 -2.7424722220000035, 106.47808333299997 -2.7424722220000035, 106.47808333299997 -2.7466944440000134, 106.47622222199999 -2.7466944440000134, 106.47622222199999 -2.7500833330000205, 106.472111111 -2.7500833330000205, 106.472111111 -2.748833332999993, 106.469305556 -2.748833332999993, 106.469305556 -2.7475000000000023, 106.466472222 -2.7475000000000023, 106.466472222 -2.7461111110000047, 106.46408333300002 -2.7461111110000047, 106.46408333300002 -2.7431666670000254, 106.46494444400003 -2.7431666670000254, 106.46494444400003 -2.739972222000006, 106.46641666699998 -2.739972222000006, 106.46641666699998 -2.737083332999987, 106.46777777800003 -2.737083332999987, 106.46777777800003 -2.73488888899999, 106.468805556 -2.73488888899999, 106.468805556 -2.732138888999998, 106.47008333299999 -2.732138888999998, 106.47008333299999 -2.730000000000018, 106.47108333300002 -2.730000000000018, 106.47108333300002 -2.728749999999991, 106.47166666700002 -2.728749999999991, 106.47166666700002 -2.7280000000000086, 106.47202777799998 -2.7280000000000086, 106.47202777799998 -2.726833333000002, 106.47258333299999 -2.726833333000002, 106.47258333299999 -2.7254166669999904, 106.473222222 -2.7254166669999904, 106.473222222 -2.723555556000008, 106.47411111100001 -2.723555556000008, 106.47411111100001 -2.7213055560000043, 106.475166667 -2.7213055560000043, 106.475166667 -2.719305555999995, 106.47608333300002 -2.719305555999995, 106.47608333300002 -2.716583333000017, 106.477361111 -2.716583333000017, 106.477361111 -2.712972222000019, 106.47905555599999 -2.712972222000019, 106.47905555599999 -2.7107222220000153, 106.48011111099999 -2.7107222220000153, 106.48011111099999 -2.709583333000012, 106.47838888899997 -2.709583333000012, 106.47838888899997 -2.7063888889999816, 106.47927777799998 -2.7063888889999816, 106.47927777799998 -2.704194443999995, 106.48038888899998 -2.704194443999995, 106.48038888899998 -2.7022499999999923, 106.48138888900002 -2.7022499999999923, 106.48138888900002 -2.6956944440000257, 106.48372222199998 -2.6956944440000257, 106.48372222199998 -2.690027778000001, 106.47947222200003 -2.690027778000001, 106.47947222200003 -2.6939722220000135, 106.47719444400002 -2.6939722220000135, 106.47719444400002 -2.701999999999998, 106.473805556 -2.701999999999998, 106.473805556 -2.706916666999973, 106.470138889 -2.706916666999973, 106.470138889 -2.717444444000023, 106.46586111099998 -2.717444444000023, 106.46586111099998 -2.731333333000009, 106.462638889 -2.731333333000009, 106.462638889 -2.738416667000024, 106.45947222199999 -2.738416667000024, 106.45947222199999 -2.7155555560000266, 106.461777778 -2.7155555560000266, 106.461777778 -2.707083333000014, 106.46480555599999 -2.707083333000014, 106.46480555599999 -2.6945277780000083, 106.46841666699999 -2.6945277780000083, 106.46841666699999 -2.665388888999985, 106.45555555599998 -2.665388888999985, 106.45555555599998 -2.6315555560000234), (106.53611111100003 -2.7040555560000143, 106.531 -2.7040555560000143, 106.531 -2.701388888999986, 106.52697222199998 -2.701388888999986, 106.52697222199998 -2.6958888890000026, 106.52227777799999 -2.6958888890000026, 106.52227777799999 -2.6946388889999753, 106.52055555599998 -2.6946388889999753, 106.52055555599998 -2.688555555999983, 106.52333333299998 -2.688555555999983, 106.52333333299998 -2.6865555559999734, 106.52724999999998 -2.6865555559999734, 106.52724999999998 -2.67780555600001, 106.53674999999998 -2.67780555600001, 106.53674999999998 -2.681472222000025, 106.543 -2.681472222000025, 106.543 -2.6838055559999816, 106.55227777800002 -2.6838055559999816, 106.55227777800002 -2.6858888890000117, 106.55322222199999 -2.6858888890000117, 106.55322222199999 -2.6871944439999993, 106.553861111 -2.6871944439999993, 106.553861111 -2.688055555999995, 106.55461111099999 -2.688055555999995, 106.55461111099999 -2.689083332999985, 106.55541666699997 -2.689083332999985, 106.55541666699997 -2.690166667000028, 106.55641666700001 -2.690166667000028, 106.55641666700001 -2.691500000000019, 106.55775 -2.691500000000019, 106.55775 -2.693333332999998, 106.55950000000001 -2.693333332999998, 106.55950000000001 -2.6956944440000257, 106.56130555599998 -2.6956944440000257, 106.56130555599998 -2.698138889000006, 106.563583333 -2.698138889000006, 106.563583333 -2.7012222220000126, 106.565861111 -2.7012222220000126, 106.565861111 -2.7043055560000084, 106.56788888900002 -2.7043055560000084, 106.56788888900002 -2.707083333000014, 106.57036111100001 -2.707083333000014, 106.57036111100001 -2.710416667000004, 106.57269444399998 -2.710416667000004, 106.57269444399998 -2.713583332999974, 106.57519444399998 -2.713583332999974, 106.57519444399998 -2.7169722219999812, 106.58380555600002 -2.7169722219999812, 106.58380555600002 -2.7216111110000156, 106.58863888899998 -2.7216111110000156, 106.58863888899998 -2.7248333329999923, 106.577305556 -2.7248333329999923, 106.577305556 -2.7216666670000222, 106.570833333 -2.7216666670000222, 106.570833333 -2.7183055560000184, 106.56522222199999 -2.7183055560000184, 106.56522222199999 -2.7146944439999743, 106.55683333299999 -2.7146944439999743, 106.55683333299999 -2.7103611109999974, 106.549361111 -2.7103611109999974, 106.549361111 -2.7119722219999858, 106.53938888900001 -2.7119722219999858, 106.53938888900001 -2.7074722219999785, 106.53611111100003 -2.7074722219999785, 106.53611111100003 -2.7040555560000143), (106.50536111100001 -2.710416667000004, 106.51291666700001 -2.710416667000004, 106.51291666700001 -2.707638889000009, 106.51627777800002 -2.707638889000009, 106.51627777800002 -2.7054444440000225, 106.52563888899999 -2.7054444440000225, 106.52563888899999 -2.7089444439999966, 106.52955555599999 -2.7089444439999966, 106.52955555599999 -2.7160277780000115, 106.53783333299998 -2.7160277780000115, 106.53783333299998 -2.7294444440000234, 106.52350000000001 -2.7294444440000234, 106.52350000000001 -2.7265277779999906, 106.51749999999998 -2.7265277779999906, 106.51749999999998 -2.7223055559999807, 106.513416667 -2.7223055559999807, 106.513416667 -2.7173888890000057, 106.508416667 -2.7173888890000057, 106.508416667 -2.714027778000002, 106.50536111100001 -2.714027778000002, 106.50536111100001 -2.710416667000004)), ((106.65241666700001 -2.658194444000003, 106.64613888899999 -2.658194444000003, 106.64613888899999 -2.668444443999988, 106.65016666700001 -2.668444443999988, 106.65016666700001 -2.6758888890000208, 106.644805556 -2.6758888890000208, 106.644805556 -2.68319444399998, 106.64883333300003 -2.68319444399998, 106.64883333300003 -2.68128055599999, 106.65007777800002 -2.68128055599999, 106.65007777800002 -2.6789666669999974, 106.65135833300002 -2.6789666669999974, 106.65135833300002 -2.6769388889999846, 106.65265833299998 -2.6769388889999846, 106.65265833299998 -2.6752944439999737, 106.65370555599998 -2.6752944439999737, 106.65370555599998 -2.6732972219999738, 106.65480277799998 -2.6732972219999738, 106.65480277799998 -2.6714972220000277, 106.655841667 -2.6714972220000277, 106.655841667 -2.669516666999982, 106.65719444400003 -2.669516666999982, 106.65719444400003 -2.664333333000002, 106.65241666700001 -2.664333333000002, 106.65241666700001 -2.658194444000003)))",AKTIF
3744,SUMATERA,GUBERNUR,19,KEPULAUAN BANGKA BELITUNG,00,4-12 MIL LAUT,IUP,PT,PT MITRA SUKSES GLOBALINDO,2119002112014107,188.44/111/DPE/2012,2012-01-27,2031-12-19,OPERASI PRODUKSI,1397.0,TIMAH DMP,2,11,CNC-1, ,BLOK RAMBAT A.1,NO. 33 (4 MIL S.D 12 MIL DARI GARIS PANTAI) KEP. BANGKA BELITUNG (LAUT TANJUNG CEBIA),"POLYGON ((105.24472200000002 -1.7624999999999886, 105.24472200000002 -1.7894440000000031, 105.28666700000002 -1.7894440000000031, 105.28666700000002 -1.7624999999999886, 105.24472200000002 -1.7624999999999886))",AKTIF
3837,SUMATERA,GUBERNUR,19,KEPULAUAN BANGKA BELITUNG,02,BELITUNG,IUP,PT,PT BUMI HERO PERKASA,3119022112014104,188.4/441/ESDM/DPMPTSP/2019,2019-08-11,2029-08-11,OPERASI PRODUKSI,138.2,PASIR TIMAH,2,11,CNC-6, , ,"DESA BANTAN, KEC.MEMBALONG. KABUPATENBELITUNG","POLYGON ((107.65261238900001 -2.897691473000009, 107.64298611100003 -2.897694444000024, 107.64298611100003 -2.9018111109999722, 107.640147222 -2.9018111109999722, 107.640147222 -2.902836110999999, 107.63822466800002 -2.9028314820000105, 107.63822499999998 -2.9058972220000214, 107.63970555600002 -2.9058972220000214, 107.63970555600002 -2.907711111000026, 107.640230556 -2.907711111000026, 107.640230556 -2.9061555559999874, 107.64306111100001 -2.9061555559999874, 107.64306111100001 -2.909463888999994, 107.64415555599999 -2.909463888999994, 107.64415555599999 -2.906749999999988, 107.64484722200001 -2.906749999999988, 107.64484722200001 -2.905574999999999, 107.64755277799998 -2.905574999999999, 107.64755277799998 -2.9062000000000126, 107.64840833300002 -2.9062000000000126, 107.64840833300002 -2.9070111109999743, 107.64953333300002 -2.9070111109999743, 107.64953333300002 -2.9098111110000104, 107.64994444400003 -2.9098111110000104, 107.64994028299998 -2.908181171000024, 107.65200833300003 -2.908183333000011, 107.65200833300003 -2.9097666669999853, 107.65261388900001 -2.9097666669999853, 107.65261238900001 -2.897691473000009))",AKTIF
3850,SUMATERA,MENTERI,19,KEPULAUAN BANGKA BELITUNG,03,KABUPATEN BANGKA SELATAN,IUP,PT,PT TIMAH TBK,3119032112014041,81201098819560137                                                                                   ,2025-05-06,2035-06-12,OPERASI PRODUKSI,199.85,TIMAH,2,11,CNC-17,,,PERMIS,"POLYGON ((105.84227222200002 -2.5579027780000274, 105.84227222200002 -2.5703694439999936, 105.85043611100002 -2.5703694439999936, 105.85043611100002 -2.5666194440000254, 105.857322222 -2.5666194440000254, 105.857322222 -2.5579027780000274, 105.84227222200002 -2.5579027780000274))",AKTIF
3867,SUMATERA,MENTERI,19,KEPULAUAN BANGKA BELITUNG,03,KABUPATEN BANGKA SELATAN,IUP,PT,PT TIMAH TBK,3119032112014006,81201098819560114                                                                                   ,2024-10-01,2035-07-20,OPERASI PRODUKSI,10660.0,TIMAH,2,11,CNC-17,,,AIR GEGAS,"POLYGON ((106.26359722199999 -2.6803305560000013, 106.26359722199999 -2.692672221999999, 106.27011944399999 -2.692672221999999, 106.27011944399999 -2.6945611109999845, 106.27818611100002 -2.6945611109999845, 106.27818611100002 -2.7005833329999973, 106.28102777800001 -2.7005833329999973, 106.28102777800001 -2.703619444000026, 106.28333055600001 -2.703619444000026, 106.28333055600001 -2.743880556000022, 106.279186111 -2.743880556000022, 106.279186111 -2.7546500000000265, 106.27663611100002 -2.7546500000000265, 106.27663611100002 -2.7621388890000276, 106.27156388899999 -2.7621388890000276, 106.27156388899999 -2.7677555559999973, 106.26638333300002 -2.7677555559999973, 106.26638333300002 -2.7638583329999733, 106.26900833299999 -2.7638583329999733, 106.26900833299999 -2.756044443999997, 106.273127778 -2.756044443999997, 106.273127778 -2.7235055560000205, 106.23448611100002 -2.7235055560000205, 106.23448611100002 -2.7190749999999753, 106.24245277799997 -2.7190749999999753, 106.24245277799997 -2.708891666999989, 106.236677778 -2.708891666999989, 106.236677778 -2.7029138890000013, 106.2353 -2.7029138890000013, 106.2353 -2.700347222000005, 106.24040000000002 -2.700347222000005, 106.24040000000002 -2.696666666999988, 106.231425 -2.696666666999988, 106.231425 -2.7045888889999787, 106.23260555600001 -2.7045888889999787, 106.23260555600001 -2.7112527780000164, 106.235736111 -2.7112527780000164, 106.235736111 -2.7150083330000143, 106.22493888899999 -2.7150083330000143, 106.22493888899999 -2.7331194440000104, 106.26083888900001 -2.7331194440000104, 106.26083888900001 -2.7457527779999964, 106.26664166699999 -2.7457527779999964, 106.26664166699999 -2.7516499999999837, 106.26483333300001 -2.7516499999999837, 106.26483333300001 -2.756119443999978, 106.258386111 -2.756119443999978, 106.258386111 -2.7532472220000273, 106.24902500000002 -2.7532472220000273, 106.24902500000002 -2.759277778000012, 106.255663889 -2.759277778000012, 106.255663889 -2.76191666699998, 106.259883333 -2.76191666699998, 106.259883333 -2.7726499999999987, 106.25606388900002 -2.7726499999999987, 106.25606388900002 -2.7867499999999836, 106.24921388899998 -2.7867499999999836, 106.24921388899998 -2.7994638889999806, 106.24427500000002 -2.7994638889999806, 106.24427500000002 -2.7868138889999727, 106.23955277800002 -2.7868138889999727, 106.23955277800002 -2.791138889000024, 106.23542777799997 -2.791138889000024, 106.23542777799997 -2.80249444399999, 106.23919444400002 -2.80249444399999, 106.23919444400002 -2.820455556000013, 106.233263889 -2.820455556000013, 106.233263889 -2.8268416669999965, 106.22477777799998 -2.8268416669999965, 106.22477777799998 -2.786963888999992, 106.21534166700002 -2.786963888999992, 106.21534166700002 -2.7788249999999834, 106.21064722199998 -2.7788249999999834, 106.21064722199998 -2.7707777780000242, 106.20258055599999 -2.7707777780000242, 106.20258055599999 -2.7882583329999875, 106.20979722200002 -2.7882583329999875, 106.20979722200002 -2.8101166669999884, 106.20080555599998 -2.8101166669999884, 106.20080555599998 -2.7954055559999915, 106.19204444399998 -2.7954055559999915, 106.19204444399998 -2.8079027780000274, 106.18766111100001 -2.8079027780000274, 106.18766111100001 -2.7755111110000144, 106.17754166700001 -2.7755111110000144, 106.17754166700001 -2.759377777999987, 106.19041666700002 -2.759377777999987, 106.19041666700002 -2.7506944439999756, 106.20591944400002 -2.7506944439999756, 106.20591944400002 -2.742444444, 106.21594722200001 -2.742444444, 106.21594722200001 -2.736208332999979, 106.20096388899998 -2.736208332999979, 106.20096388899998 -2.739955555999984, 106.17585000000003 -2.739955555999984, 106.17585000000003 -2.749813888999995, 106.16338333300001 -2.749813888999995, 106.16338333300001 -2.7995305559999792, 106.16864166699997 -2.7995305559999792, 106.16864166699997 -2.8524527779999858, 106.20835833299998 -2.8524527779999858, 106.20835833299998 -2.8592027779999967, 106.23789722200002 -2.8592027779999967, 106.23789722200002 -2.832813889000022, 106.24987222200002 -2.832813889000022, 106.24987222200002 -2.8082972220000215, 106.25242500000002 -2.8082972220000215, 106.25242500000002 -2.802391666999995, 106.26370833300001 -2.802391666999995, 106.26370833300001 -2.7830749999999966, 106.27044999999998 -2.7830749999999966, 106.27044999999998 -2.7728555560000245, 106.27858611099998 -2.7728555560000245, 106.27858611099998 -2.7655111110000234, 106.28273055599999 -2.7655111110000234, 106.28273055599999 -2.754658333000009, 106.28540833300002 -2.754658333000009, 106.28540833300002 -2.7487444440000104, 106.28984722199999 -2.7487444440000104, 106.28984722199999 -2.7235305560000143, 106.29854999999998 -2.7235305560000143, 106.29854999999998 -2.720841667000002, 106.309944444 -2.720841667000002, 106.309944444 -2.70150000000001, 106.30303333299997 -2.70150000000001, 106.30303333299997 -2.6933444439999903, 106.29820555600003 -2.6933444439999903, 106.29820555600003 -2.7015833329999737, 106.28966944400003 -2.7015833329999737, 106.28966944400003 -2.700119443999995, 106.28674722199997 -2.700119443999995, 106.28674722199997 -2.6974611109999955, 106.28542222200002 -2.6974611109999955, 106.28542222200002 -2.6803305560000013, 106.26359722199999 -2.6803305560000013))",AKTIF
3916,SUMATERA,MENTERI,19,KEPULAUAN BANGKA BELITUNG,03,KABUPATEN BANGKA SELATAN,IUP,PT,PT TIMAH TBK,3119032112014037,81201098819560188                                                                                   ,2024-11-17,2035-07-20,OPERASI PRODUKSI,272.9,TIMAH,2,11,CNC-14,,,TOBOALI,"POLYGON ((106.71366388899997 -3.0861555559999942, 106.71366388899997 -3.083652777999987, 106.71693333299999 -3.083652777999987, 106.71693333299999 -3.081322221999983, 106.72402499999998 -3.081322221999983, 106.72402499999998 -3.075550000000021, 106.71591388899998 -3.075550000000021, 106.71591388899998 -3.071938889000023, 106.71051666699998 -3.071938889000023, 106.71051666699998 -3.0764611110000146, 106.707819444 -3.0764611110000146, 106.707819444 -3.073977778000028, 106.70062222199999 -3.073977778000028, 106.70062222199999 -3.080308333000005, 106.70377500000001 -3.080308333000005, 106.70377500000001 -3.0837000000000216, 106.70062777800001 -3.0837000000000216, 106.70062777800001 -3.085544443999993, 106.70392222200002 -3.085544443999993, 106.70392222200002 -3.085922222000022, 106.705375 -3.085922222000022, 106.705375 -3.0861555559999942, 106.71366388899997 -3.0861555559999942))",AKTIF
3919,SUMATERA,MENTERI,19,KEPULAUAN BANGKA BELITUNG,03,KABUPATEN BANGKA SELATAN,IUP,PT,PT TIMAH TBK,3119032112014056,81201098819560191                                                                                   ,2025-04-30,2035-07-20,OPERASI PRODUKSI,3155.0,TIMAH,2,11,CNC-2,,,KEC.TOBOALI,"POLYGON ((106.55365833299999 -2.7494138889999817, 106.55365833299999 -2.758905556000002, 106.56468888900002 -2.758905556000002, 106.56468888900002 -2.7833249999999907, 106.55591666700002 -2.7833249999999907, 106.55591666700002 -2.774961110999982, 106.54984999999999 -2.774961110999982, 106.54984999999999 -2.7851388889999953, 106.54198611100003 -2.7851388889999953, 106.54198611100003 -2.8018638890000034, 106.55278333299998 -2.8018638890000034, 106.55278333299998 -2.8140694439999834, 106.557961111 -2.8140694439999834, 106.557961111 -2.8298861110000075, 106.57594722200002 -2.8298861110000075, 106.57594722200002 -2.7903249999999957, 106.60109999999997 -2.7903249999999957, 106.60109999999997 -2.75821111099998, 106.573216667 -2.75821111099998, 106.573216667 -2.7494138889999817, 106.55365833299999 -2.7494138889999817))",AKTIF
3927,SUMATERA,MENTERI,19,KEPULAUAN BANGKA BELITUNG,03,KABUPATEN BANGKA SELATAN,IUP,PT,PT TIMAH TBK,3119032112014032,81201098819560099                                                                                   ,2025-03-03,2035-07-20,OPERASI PRODUKSI,5199.0,TIMAH,2,11,CNC-16,,,"DESA AIR BARA, RANGGAS, PAKU DAN PAYUNG","POLYGON ((106.18044444399999 -2.5853888890000007, 106.18044444399999 -2.5859166669999922, 106.17919444400002 -2.5859166669999922, 106.17919444400002 -2.587722222000025, 106.17847222199998 -2.587722222000025, 106.17847222199998 -2.5889999999999986, 106.17766666699998 -2.5889999999999986, 106.17766666699998 -2.590250000000026, 106.176666667 -2.590250000000026, 106.176666667 -2.591694443999984, 106.17613888900001 -2.591694443999984, 106.17613888900001 -2.5934166669999854, 106.17558333300002 -2.5934166669999854, 106.17558333300002 -2.5944166670000186, 106.17488888899999 -2.5944166670000186, 106.17488888899999 -2.595333332999985, 106.17397222199997 -2.595333332999985, 106.17397222199997 -2.5960555560000103, 106.17308333300002 -2.5960555560000103, 106.17308333300002 -2.597138889000007, 106.17397222199997 -2.597138889000007, 106.17397222199997 -2.5976666669999986, 106.17452777800003 -2.5976666669999986, 106.17452777800003 -2.5985000000000014, 106.17649999999998 -2.5985000000000014, 106.17649999999998 -2.600388888999987, 106.17847222199998 -2.600388888999987, 106.17847222199998 -2.6011944439999866, 106.17947222200002 -2.6011944439999866, 106.17947222200002 -2.6041944439999725, 106.18063888900002 -2.6041944439999725, 106.18063888900002 -2.605916666999974, 106.181611111 -2.605916666999974, 106.181611111 -2.60663888900001, 106.18269444399999 -2.60663888900001, 106.18269444399999 -2.606888889000004, 106.18422222200002 -2.606888889000004, 106.18422222200002 -2.6074166669999954, 106.187472222 -2.6074166669999954, 106.187472222 -2.6084444439999857, 106.19061111100001 -2.6084444439999857, 106.19061111100001 -2.609055555999987, 106.191694444 -2.609055555999987, 106.191694444 -2.610527778000005, 106.19 -2.610527778000005, 106.19 -2.60988888899999, 106.187472222 -2.60988888899999, 106.187472222 -2.609444444000019, 106.18586111100001 -2.609444444000019, 106.18586111100001 -2.6125000000000114, 106.25070555600001 -2.612305556000024, 106.25070555600001 -2.6218749999999886, 106.286383333 -2.6218749999999886, 106.286383333 -2.612472222000008, 106.313361111 -2.612472222000008, 106.313361111 -2.5943888890000153, 106.304388889 -2.5943888890000153, 106.304388889 -2.589888889000008, 106.29988888899999 -2.589888889000008, 106.29988888899999 -2.571777778000012, 106.29088888899997 -2.571777778000012, 106.29088888899997 -2.5708888890000026, 106.28280555600003 -2.5708888890000026, 106.28280555600003 -2.5763055560000225, 106.27738888900001 -2.5763055560000225, 106.27738888900001 -2.5853611109999974, 106.272888889 -2.5853611109999974, 106.272888889 -2.5799444439999775, 106.268416667 -2.5799444439999775, 106.268416667 -2.5781388890000017, 106.264805556 -2.5781388890000017, 106.264805556 -2.5799444439999775, 106.26299999999998 -2.5799444439999775, 106.26299999999998 -2.5835555560000216, 106.26122222200001 -2.5835555560000216, 106.26122222200001 -2.5853888890000007, 106.18044444399999 -2.5853888890000007))",AKTIF
3943,SUMATERA,BUPATI,19,KEPULAUAN BANGKA BELITUNG,02,KABUPATEN BELITUNG,IUP,PT,PT BELITUNG INDUSTRI SEJAHTERA,3119022112014116,188.44/1165.J/DPE/2016,2016-10-25,2036-10-25,OPERASI PRODUKSI,179.8,TIMAH,2,11,CNC-14,,,DESA BANTAN KEC. MEMBALONG KABUPATEN BELITUNG,"POLYGON ((107.74312500000002 -2.9166060000000016, 107.74311111100002 -2.916646281999988, 107.74311111100002 -2.9175277780000215, 107.742807175 -2.9175277780000215, 107.74255555600001 -2.9175277780000215, 107.74255555600001 -2.918257541999992, 107.74255555600001 -2.91927777799998, 107.74220378199999 -2.91927777799998, 107.74177777800003 -2.91927777799998, 107.74177777800003 -2.920513303000007, 107.74177777800003 -2.9216944440000248, 107.74222222200001 -2.9216944440000248, 107.74222222200001 -2.9223611109999865, 107.74263888899998 -2.9223611109999865, 107.74263888899998 -2.923249999999996, 107.74308333300002 -2.923249999999996, 107.74308333300002 -2.9241944440000225, 107.74352777799999 -2.9241944440000225, 107.74352777799999 -2.9251111109999783, 107.74402777799997 -2.9251111109999783, 107.74402777799997 -2.9262222219999785, 107.74430555599997 -2.9262222219999785, 107.74430555599997 -2.926888888999997, 107.74402777799997 -2.926888888999997, 107.74402777799997 -2.9276944439999966, 107.74369444400003 -2.9276944439999966, 107.74369444400003 -2.928944444000024, 107.74327777799999 -2.928944444000024, 107.74327777799999 -2.9304444439999884, 107.74286111100002 -2.9304444439999884, 107.74286111100002 -2.931111111000007, 107.742444444 -2.931111111000007, 107.742444444 -2.9306944439999825, 107.74152777799998 -2.9306944439999825, 107.74152777799998 -2.9301944439999943, 107.74041666699998 -2.9301944439999943, 107.74041666699998 -2.9295000000000186, 107.739111111 -2.9295000000000186, 107.739111111 -2.9288611110000033, 107.73791666699998 -2.9288611110000033, 107.73791666699998 -2.928305555999998, 107.73700000000002 -2.928305555999998, 107.73700000000002 -2.923249999999996, 107.73517650000002 -2.923249999999996, 107.72949999999997 -2.923249999999996, 107.72949999999997 -2.9263055559999884, 107.729784693 -2.9263055559999884, 107.73036111099998 -2.9263055559999884, 107.73036111099998 -2.926835591999975, 107.73036111099998 -2.9274166669999886, 107.730993034 -2.9274166669999886, 107.73191666700001 -2.9274166669999886, 107.73191666700001 -2.928265978000013, 107.73191666700001 -2.9287499999999795, 107.73244304399998 -2.9287499999999795, 107.73325 -2.9287499999999795, 107.73325 -2.9294920219999767, 107.73325 -2.930111110999974, 107.73392326499999 -2.930111110999974, 107.734944444 -2.930111110999974, 107.734944444 -2.9310501179999733, 107.734944444 -2.9316388889999985, 107.73558473999998 -2.9316388889999985, 107.73641666700001 -2.9316388889999985, 107.73641666700001 -2.9324038710000195, 107.73641666700001 -2.9331111110000165, 107.73718579899997 -2.9331111110000165, 107.738 -2.9331111110000165, 107.738 -2.9338597930000105, 107.738 -2.934138888999996, 107.73830352099998 -2.934138888999996, 107.738833333 -2.934138888999996, 107.738833333 -2.934626066000021, 107.738833333 -2.9350833330000228, 107.739330618 -2.9350833330000228, 107.74002777800001 -2.9350833330000228, 107.74002777800001 -2.935724391000008, 107.74002777800001 -2.936194444000023, 107.74053896800001 -2.936194444000023, 107.74122222199998 -2.936194444000023, 107.74122222199998 -2.9368227150000052, 107.74122222199998 -2.937111110999979, 107.74153585800002 -2.937111110999979, 107.74263244399998 -2.937111110999979, 107.74458333299998 -2.937111110999979, 107.74458333299998 -2.937053488999993, 107.74458333299998 -2.9360555559999852, 107.744893736 -2.9360555559999852, 107.74505555600001 -2.9360555559999852, 107.74505555600001 -2.9355353130000026, 107.74505555600001 -2.933749999999975, 107.74561086900002 -2.933749999999975, 107.74586111100001 -2.933749999999975, 107.74586111100001 -2.9329454769999757, 107.74586111100001 -2.9323888889999807, 107.74603423500002 -2.9323888889999807, 107.74644444400002 -2.9323888889999807, 107.74644444400002 -2.931070076000026, 107.74644444400002 -2.929638888999989, 107.74688960700001 -2.929638888999989, 107.74716666699999 -2.929638888999989, 107.74716666699999 -2.9287481470000216, 107.74716666699999 -2.9287210670000263, 107.74716666699999 -2.9279999999999973, 107.74677951199999 -2.9279999999999973, 107.74644444400002 -2.9279999999999973, 107.74644444400002 -2.9273759430000155, 107.74644444400002 -2.923749999999984, 107.74547222199999 -2.923749999999984, 107.74547222199999 -2.924111111000002, 107.744691499 -2.924111111000002, 107.74425000000002 -2.924111111000002, 107.74425000000002 -2.9226111109999806, 107.74480518299998 -2.9226111109999806, 107.74536111100002 -2.9226111109999806, 107.74536111100002 -2.9219137599999954, 107.74536111100002 -2.9211666670000227, 107.74595669399997 -2.9211666670000227, 107.74650000000003 -2.9211666670000227, 107.74650000000003 -2.9204851480000116, 107.74650000000003 -2.919777778000025, 107.74706391500001 -2.919777778000025, 107.74755555600001 -2.919777778000025, 107.74755555600001 -2.9191610670000046, 107.74755555600001 -2.918444443999988, 107.748126845 -2.918444443999988, 107.748611111 -2.918444443999988, 107.748611111 -2.9178369840000187, 107.748611111 -2.917222222000021, 107.74910119700002 -2.917222222000021, 107.749610991 -2.917222222000021, 107.74960600000003 -2.9165889999999877, 107.74312500000002 -2.9166060000000016))",AKTIF
3950,SUMATERA,GUBERNUR,19,KEPULAUAN BANGKA BELITUNG,02,KABUPATEN BELITUNG,IUP,PT,PT BELITUNG INDUSTRI SEJAHTERA,3119022112014091,188.4/302/ESDM/DPMPTSP/2018,2018-07-23,2028-07-02,OPERASI PRODUKSI,174.0,TIMAH,2,11,CNC-14,,,DESA LASSAR KEC. MEMBALONG KABUPATEN BELITUNG,"POLYGON ((107.626261 -2.9721329999999853, 107.64558333299999 -2.9720860329999823, 107.64558333299999 -2.971777777999989, 107.64578296100001 -2.971777777999989, 107.646194444 -2.971777777999989, 107.646194444 -2.971095762999994, 107.646194444 -2.970416666999995, 107.64660416499999 -2.970416666999995, 107.64697222199999 -2.970416666999995, 107.64697222199999 -2.9698066290000042, 107.64697222199999 -2.9692777779999915, 107.647291295 -2.9692777779999915, 107.647638889 -2.9692777779999915, 107.647638889 -2.968701655000018, 107.647638889 -2.968250000000012, 107.64791138700002 -2.968250000000012, 107.64825000000002 -2.968250000000012, 107.64825000000002 -2.9676111109999965, 107.64748004400002 -2.9676111109999965, 107.64711111100002 -2.9676111109999965, 107.64711111100002 -2.9674553159999846, 107.64711111100002 -2.967166667000015, 107.64642756900002 -2.967166667000015, 107.64502777799999 -2.967166667000015, 107.64502777799999 -2.9665755560000093, 107.64502777799999 -2.966305556000009, 107.64438840000003 -2.966305556000009, 107.64305555599998 -2.966305556000009, 107.64305555599998 -2.965742714999976, 107.64305555599998 -2.965388888999996, 107.64221767200002 -2.965388888999996, 107.64108333299998 -2.965388888999996, 107.64108333299998 -2.964999999999975, 107.62625000000003 -2.964999999999975, 107.626244133 -2.9650033899999926, 107.626261 -2.9721329999999853))",AKTIF
3954,SUMATERA,GUBERNUR,19,KEPULAUAN BANGKA BELITUNG,02,BELITUNG,IUP,PT,PT BABEL INTI PERKASA,3119022112014059,188.4/421/ESDM/DPMPTSP/2019,2019-01-07,2027-01-07,OPERASI PRODUKSI,48.7,TIMAH,2,11,CNC-1, , ,DESA BULUH TUMBANG KEC. TANJUNGPANDAN KABUPATEN BELITUNG,"POLYGON ((107.70069444400002 -2.7715833330000237, 107.700866437 -2.7715833330000237, 107.70113888899999 -2.7715833330000237, 107.70113888899999 -2.7723611110000093, 107.70113934099999 -2.7723779930000205, 107.706342 -2.7723669999999743, 107.70632799999998 -2.7669970000000035, 107.69597499999998 -2.767021999999997, 107.69598100000002 -2.7688719999999876, 107.69994400000002 -2.7688640000000078, 107.69994444399998 -2.768865310000024, 107.69994444399998 -2.7692499999999995, 107.70007493700001 -2.7692499999999995, 107.70027777799999 -2.7692499999999995, 107.70027777799999 -2.769847973000026, 107.70027777799999 -2.770388889000003, 107.70046126400001 -2.770388889000003, 107.70069444400002 -2.770388889000003, 107.70069444400002 -2.7710763009999937, 107.70069444400002 -2.7715833330000237))",AKTIF
3955,SUMATERA,GUBERNUR,19,KEPULAUAN BANGKA BELITUNG,02,KABUPATEN BELITUNG,IUP,CV,CV IRPAU HERO,3119025402014074,91202161907870003                                                                                   ,2022-10-13,2033-08-23,OPERASI PRODUKSI,91.59,PASIR KUARSA,6,11,CNC-1,,,DESA PADANG KANDIS KECAMATAN MEMBALONG,"POLYGON ((107.65238055600003 -3.197499999999991, 107.65194444399998 -3.197499999999991, 107.65194444399998 -3.1977777779999883, 107.65166666699997 -3.1977777779999883, 107.65166666699997 -3.1980555559999857, 107.65138888899997 -3.1980555559999857, 107.65138888899997 -3.1983333329999937, 107.65083333299998 -3.1983333329999937, 107.65083333299998 -3.198611110999991, 107.65055555599997 -3.198611110999991, 107.65055555599997 -3.1988888889999885, 107.64999999999998 -3.1988888889999885, 107.64999999999998 -3.199166666999986, 107.64972222199998 -3.199166666999986, 107.64972222199998 -3.199444443999994, 107.64916666699997 -3.199444443999994, 107.64916666699997 -3.1997222219999912, 107.64888888899998 -3.1997222219999912, 107.64888888899998 -3.1999999999999886, 107.64833333299998 -3.1999999999999886, 107.64833333299998 -3.200277777999986, 107.64805555599997 -3.200277777999986, 107.64805555599997 -3.200486110999975, 107.64765555600002 -3.200486110999975, 107.64765555600002 -3.2006666670000072, 107.64729444400001 -3.2006666670000072, 107.64729444400001 -3.204091667, 107.64206388899999 -3.204091667, 107.64206388899999 -3.2101527780000083, 107.648363889 -3.2101527780000083, 107.648363889 -3.206805556000006, 107.65238055600003 -3.206805556000006, 107.65238055600003 -3.197499999999991))",AKTIF
3961,SUMATERA,Gubernur,19,KEPULAUAN BANGKA BELITUNG,02,KABUPATEN BELITUNG,IUP,PT,PT BONANZA,3119024242014111,12820001123260004,2023-06-15,2029-07-16,OPERASI PRODUKSI,58.49,KAOLIN,4,24,CNC-6,,,DESA AIK RAYAK  KEC. TANJUNGPANDAN KABUPATEN BELITUNG,"POLYGON ((107.69008333300002 -2.7324722220000126, 107.68826388899998 -2.7324722220000126, 107.68826388899998 -2.731702777999999, 107.688002778 -2.731702777999999, 107.688002778 -2.7319722220000244, 107.68719722200001 -2.7319722220000244, 107.68719722200001 -2.732361110999989, 107.686416667 -2.732361110999989, 107.686416667 -2.732730833000005, 107.68549999999999 -2.732730833000005, 107.68549999999999 -2.733265000000017, 107.68469388900002 -2.733265000000017, 107.68469388900002 -2.7335277779999956, 107.684166667 -2.7335277779999956, 107.684166667 -2.737916666999979, 107.68491666699998 -2.737916666999979, 107.68491666699998 -2.7375000000000114, 107.68772222199999 -2.7375000000000114, 107.68772222199999 -2.7371388889999935, 107.68875000000003 -2.7371388889999935, 107.68875000000003 -2.7367499999999723, 107.690055556 -2.7367499999999723, 107.690055556 -2.7362777779999874, 107.691166667 -2.7362777779999874, 107.691166667 -2.735855000000015, 107.692277778 -2.735855000000015, 107.692277778 -2.7354166669999813, 107.693375833 -2.7354166669999813, 107.693375833 -2.7350000000000136, 107.694493056 -2.7350000000000136, 107.694493056 -2.7347869440000068, 107.69422222200001 -2.7347869440000068, 107.69422222200001 -2.73386111100001, 107.69377083299997 -2.73386111100001, 107.69377083299997 -2.7330555560000107, 107.69327777799998 -2.7330555560000107, 107.69327777799998 -2.732361110999989, 107.69290694400001 -2.732361110999989, 107.69290694400001 -2.7319869440000275, 107.69335999999998 -2.7319869440000275, 107.69335999999998 -2.7314658330000157, 107.69391388899999 -2.7314658330000157, 107.69391388899999 -2.7309722219999912, 107.69432499999999 -2.7309722219999912, 107.69432499999999 -2.7302777780000156, 107.693881944 -2.7302777780000156, 107.693881944 -2.729861110999991, 107.69344444400002 -2.729861110999991, 107.69344444400002 -2.729361111000003, 107.69297222199998 -2.729361111000003, 107.69297222199998 -2.7296499999999924, 107.69233333300002 -2.7296499999999924, 107.69233333300002 -2.7300277780000215, 107.69162222199998 -2.7300277780000215, 107.69162222199998 -2.730416666999986, 107.691311111 -2.730416666999986, 107.691311111 -2.730805556000007, 107.69166666699999 -2.730805556000007, 107.69166666699999 -2.7313611110000124, 107.69133888900001 -2.7313611110000124, 107.69133888900001 -2.7318138890000228, 107.69008333300002 -2.7318138890000228, 107.69008333300002 -2.7324722220000126))",AKTIF
3965,SUMATERA,MENTERI,19,KEPULAUAN BANGKA BELITUNG,02,KABUPATEN BELITUNG,IUP,PT,PT JABEL TRI BERSAUDARA,3119025402014040,691/1/IUP/PMDN/2021                                                                                 ,2021-07-23,2026-11-11,OPERASI PRODUKSI,151.64,KERIKIL BERPASIR ALAMI (SIRTU),5,40,CNC-17,,,DESA MENTIGI KEC. MEMBALONG KABUPATEN BELITUNG,"POLYGON ((107.67608333300001 -3.1995000000000005, 107.67608333300001 -3.1992777780000097, 107.675805556 -3.1992777780000097, 107.675805556 -3.199166666999986, 107.67558333300002 -3.199166666999986, 107.67558333300002 -3.199055556000019, 107.67527777800001 -3.199055556000019, 107.67527777800001 -3.1989166669999918, 107.67502777800001 -3.1989166669999918, 107.67502777800001 -3.1987777780000215, 107.67472222200001 -3.1987777780000215, 107.67472222200001 -3.1986666669999977, 107.67450000000002 -3.1986666669999977, 107.67450000000002 -3.1985277780000274, 107.67419444400002 -3.1985277780000274, 107.67419444400002 -3.1983888890000003, 107.67388888900001 -3.1983888890000003, 107.67388888900001 -3.1982222220000267, 107.673527778 -3.1982222220000267, 107.673527778 -3.1980555559999857, 107.673277778 -3.1980555559999857, 107.673277778 -3.1979444439999725, 107.672972222 -3.1979444439999725, 107.672972222 -3.1978055559999916, 107.672694444 -3.1978055559999916, 107.672694444 -3.1976666670000213, 107.672444444 -3.1976666670000213, 107.672444444 -3.1975555559999975, 107.67222222200002 -3.1975555559999975, 107.67222222200002 -3.1974166670000272, 107.67197222200002 -3.1974166670000272, 107.67197222200002 -3.1973055560000034, 107.67174999999997 -3.1973055560000034, 107.67174999999997 -3.19719444399999, 107.67152777799998 -3.19719444399999, 107.67152777799998 -3.1970833330000232, 107.671333333 -3.1970833330000232, 107.671333333 -3.1970000000000027, 107.67116666700002 -3.1970000000000027, 107.67116666700002 -3.1969166669999822, 107.66791666699999 -3.1969166669999822, 107.66791666699999 -3.1956944440000257, 107.662666667 -3.1956944440000257, 107.662666667 -3.2093888890000244, 107.66305555600002 -3.2093888890000244, 107.66305555600002 -3.211138888999983, 107.66327777800001 -3.211138888999983, 107.66327777800001 -3.2110000000000127, 107.66358333300002 -3.2110000000000127, 107.66358333300002 -3.2107222220000153, 107.66399999999999 -3.2107222220000153, 107.66438888900001 -3.2107222220000153, 107.66438888900001 -3.210444444000018, 107.66472222200002 -3.210444444000018, 107.66472222200002 -3.210222222000027, 107.66513888899999 -3.210222222000027, 107.66513888899999 -3.2099722219999762, 107.66550000000001 -3.2099722219999762, 107.66550000000001 -3.2094444439999847, 107.66586111100003 -3.2094444439999847, 107.66586111100003 -3.2091944439999907, 107.666277778 -3.2091944439999907, 107.666277778 -3.2089444439999966, 107.666583333 -3.2089444439999966, 107.666583333 -3.208750000000009, 107.66691666700001 -3.208750000000009, 107.66691666700001 -3.208500000000015, 107.66736111099999 -3.208500000000015, 107.66736111099999 -3.2082222220000176, 107.667694444 -3.2082222220000176, 107.667694444 -3.20794444400002, 107.66816666699998 -3.20794444400002, 107.66816666699998 -3.2076111110000056, 107.66869444399998 -3.2076111110000056, 107.66869444399998 -3.2073055559999943, 107.669111111 -3.2073055559999943, 107.669111111 -3.2070555560000003, 107.66955555599998 -3.2070555560000003, 107.66955555599998 -3.2067499999999995, 107.66994444400001 -3.2067499999999995, 107.66994444400001 -3.2063611109999783, 107.670222222 -3.2063611109999783, 107.670222222 -3.2060000000000173, 107.67055555600001 -3.2060000000000173, 107.67055555600001 -3.2056666670000027, 107.67083333300002 -3.2056666670000027, 107.67083333300002 -3.205305555999985, 107.67113888900002 -3.205305555999985, 107.67113888900002 -3.2049444439999775, 107.67144444399997 -3.2049444439999775, 107.67144444399997 -3.204527777999999, 107.67177777799998 -3.204527777999999, 107.67177777799998 -3.2042222219999985, 107.67208333299999 -3.2042222219999985, 107.67208333299999 -3.2038611109999806, 107.67236111099999 -3.2038611109999806, 107.67236111099999 -3.2035000000000196, 107.67263888899998 -3.2035000000000196, 107.67263888899998 -3.2031388890000017, 107.672972222 -3.2031388890000017, 107.672972222 -3.202805555999987, 107.67322222199999 -3.202805555999987, 107.67322222199999 -3.2024999999999864, 107.67347222199999 -3.2024999999999864, 107.67347222199999 -3.2021666669999718, 107.67374999999998 -3.2021666669999718, 107.67374999999998 -3.2018333330000246, 107.67405555599998 -3.2018333330000246, 107.67405555599998 -3.20150000000001, 107.67433333299999 -3.20150000000001, 107.67433333299999 -3.2011944440000093, 107.67461111099999 -3.2011944440000093, 107.67461111099999 -3.2008611109999947, 107.67483333299998 -3.2008611109999947, 107.67483333299998 -3.2006111110000006, 107.67505555600002 -3.2006111110000006, 107.67505555600002 -3.2003611110000065, 107.67527777800001 -3.2003611110000065, 107.67527777800001 -3.2000555559999952, 107.675527778 -3.2000555559999952, 107.675527778 -3.199805556000001, 107.67575 -3.199805556000001, 107.67575 -3.1995000000000005, 107.67608333300001 -3.1995000000000005))",AKTIF
3982,SUMATERA,MENTERI,19,KEPULAUAN BANGKA BELITUNG,01,KABUPATEN BANGKA,IUP,PT,PT BERKAT BERJAYA SEJAHTERA,3119012112014018,11042200497860002                                                                                   ,2022-12-27,2032-12-27,OPERASI PRODUKSI,35.0,TIMAH,2,11,CNC-14,,,"DESA AIR ANYIR, KEC. MERAWANG, KABUPATEN BANGKA","POLYGON ((106.114969444 -2.013538889000017, 106.114969444 -2.0167000000000144, 106.12396111100003 -2.0167000000000144, 106.12396111100003 -2.013538889000017, 106.114969444 -2.013538889000017))",AKTIF
4011,SUMATERA,GUBERNUR,19,KEPULAUAN BANGKA BELITUNG,01,BANGKA,IUP,PT,PT SUMBER ALAM TIMAH JAYA,3119012112014108,188.4/286/ESDM/DPMPTSP/2018,2018-06-22,2028-08-08,OPERASI PRODUKSI,32.5,TIMAH,2,11,CNC-14, ,19010110OP082,"KEL. BUKIT KETOK, KEC. BELINY*","POLYGON ((105.79560600000002 -1.5888219999999933, 105.79560800000002 -1.5957859999999755, 105.79830600000003 -1.5957859999999755, 105.79830299999998 -1.5930720000000065, 105.80010299999998 -1.5930720000000065, 105.80009999999999 -1.5888190000000009, 105.79560600000002 -1.5888219999999933))",AKTIF
4254,SUMATERA,MENTERI,19,KEPULAUAN BANGKA BELITUNG,05,KABUPATEN BANGKA BARAT,IUP,PT,PT TIMAH TBK,3119052112014135,81201098819560194                                                                                   ,2025-05-27,2035-07-20,OPERASI PRODUKSI,1049.0,TIMAH,2,11,CNC-2,,,JEBUS,"POLYGON ((105.417866667 -1.619519443999991, 105.417866667 -1.6205027780000023, 105.41500555599998 -1.6205027780000023, 105.41500555599998 -1.6214277779999975, 105.41208888900002 -1.6214277779999975, 105.41208888900002 -1.6254305560000262, 105.41682500000002 -1.6254305560000262, 105.41682500000002 -1.6217888890000154, 105.42017777799998 -1.6217888890000154, 105.42017777799998 -1.625063888999989, 105.42342777800002 -1.625063888999989, 105.42342777800002 -1.6296888890000218, 105.43306111099997 -1.6296888890000218, 105.43306111099997 -1.6330166669999926, 105.435555556 -1.6330166669999926, 105.435555556 -1.639063888999999, 105.42772777800002 -1.639063888999999, 105.42772777800002 -1.6443888890000267, 105.42485833299997 -1.6443888890000267, 105.42485833299997 -1.6501888889999918, 105.433027778 -1.6501888889999918, 105.433027778 -1.6480833329999882, 105.435752778 -1.6480833329999882, 105.435752778 -1.6433722219999822, 105.43851388899998 -1.6433722219999822, 105.43851388899998 -1.6399916670000039, 105.44170000000003 -1.6399916670000039, 105.44170000000003 -1.6480666670000232, 105.443611111 -1.6480666670000232, 105.443611111 -1.6564694439999812, 105.44654722199999 -1.6564694439999812, 105.44654722199999 -1.6644638889999896, 105.45196944399999 -1.6644638889999896, 105.45196944399999 -1.650088889000017, 105.45016666700002 -1.650088889000017, 105.45016666700002 -1.6440000000000055, 105.44769722199999 -1.6440000000000055, 105.44769722199999 -1.6389722220000067, 105.446269444 -1.6389722220000067, 105.446269444 -1.6328777780000223, 105.45090833299997 -1.6328777780000223, 105.45090833299997 -1.6310333330000049, 105.45232499999997 -1.6310333330000049, 105.45232499999997 -1.6434055560000047, 105.455402778 -1.6434055560000047, 105.455402778 -1.6481999999999744, 105.46248888899999 -1.6481999999999744, 105.46248888899999 -1.6408944440000255, 105.45720555600002 -1.6408944440000255, 105.45720555600002 -1.6329444439999747, 105.46406388899999 -1.6329444439999747, 105.46406388899999 -1.6346111110000265, 105.470283333 -1.6346111110000265, 105.470283333 -1.629419444000007, 105.46508888900001 -1.629419444000007, 105.46508888900001 -1.6273361109999769, 105.45523333300002 -1.6273361109999769, 105.45523333300002 -1.6242222220000144, 105.44706388899999 -1.6242222220000144, 105.44706388899999 -1.6273055560000103, 105.44012500000002 -1.6273055560000103, 105.44012500000002 -1.6255222219999723, 105.43701666700002 -1.6255222219999723, 105.43701666700002 -1.6226250000000277, 105.43065555599998 -1.6226250000000277, 105.43065555599998 -1.6200472219999824, 105.42616388900001 -1.6200472219999824, 105.42616388900001 -1.6177999999999884, 105.42202777799997 -1.6177999999999884, 105.42202777799997 -1.619519443999991, 105.417866667 -1.619519443999991))",AKTIF
4257,SUMATERA,MENTERI,19,KEPULAUAN BANGKA BELITUNG,05,KABUPATEN BANGKA BARAT,IUP,PT,PT TIMAH TBK,3119052112014019,81201098819560105                                                                                   ,2025-05-06,2035-07-20,OPERASI PRODUKSI,3800.0,TIMAH,2,11,CNC-3,,,SIMPANG TERITIP,"POLYGON ((105.273708333 -1.9159166669999763, 105.26741944399998 -1.9159194439999965, 105.26741944399998 -1.9180499999999938, 105.27018055600001 -1.9180499999999938, 105.27018055600001 -1.9251388889999816, 105.27451111099998 -1.9251388889999816, 105.27451111099998 -1.9320111110000084, 105.28428888899998 -1.9320111110000084, 105.28428888899998 -1.9370305560000247, 105.288330556 -1.9370305560000247, 105.288330556 -1.9425194440000269, 105.284161111 -1.9425194440000269, 105.284161111 -1.9460805560000267, 105.28151111099999 -1.9460805560000267, 105.28151111099999 -1.9609388889999764, 105.27988055600002 -1.9609388889999764, 105.27988055600002 -1.965511111000012, 105.27811944400003 -1.965511111000012, 105.27811944400003 -1.968080556000018, 105.27811944400003 -1.9811000000000263, 105.27653055600001 -1.9811000000000263, 105.27653055600001 -1.9904111110000144, 105.26960000000003 -1.9904111110000144, 105.26960000000003 -1.9924888890000148, 105.26603888900001 -1.9924888890000148, 105.26603888900001 -1.9975305560000152, 105.262861111 -1.9975305560000152, 105.262861111 -2.000588889000028, 105.26748055600001 -2.000588889000028, 105.26748055600001 -1.9977888889999917, 105.26985000000002 -1.9977888889999917, 105.26985000000002 -1.9951611110000158, 105.27693055600002 -1.9951611110000158, 105.27693055600002 -2.0062305559999913, 105.26928055600001 -2.0062305559999913, 105.26928055600001 -2.0095888889999856, 105.27488888900001 -2.0095888889999856, 105.27488888900001 -2.0154111109999917, 105.281330556 -2.0154111109999917, 105.281330556 -2.009900000000016, 105.28556111099999 -2.009900000000016, 105.28556111099999 -2.0013888889999976, 105.28971111099997 -2.0013888889999976, 105.28971111099997 -2.014219443999991, 105.29536944400002 -2.014219443999991, 105.29536944400002 -2.0073305559999994, 105.298038889 -2.0073305559999994, 105.298038889 -2.012619443999995, 105.30033888899999 -2.012619443999995, 105.30033888899999 -2.014530556000011, 105.308730556 -2.014530556000011, 105.308730556 -2.010400000000004, 105.312011111 -2.010400000000004, 105.312011111 -2.0046111109999742, 105.30829999999997 -2.0046111109999742, 105.30829999999997 -2.000150000000019, 105.31513888900002 -2.000150000000019, 105.31513888900002 -2.0060888890000115, 105.32418055599999 -2.0060888890000115, 105.32418055599999 -1.997611111000026, 105.32248055600002 -1.997611111000026, 105.32248055600002 -1.978680555999972, 105.321138889 -1.978680555999972, 105.321138889 -1.9695111109999743, 105.325861111 -1.9695111109999743, 105.325861111 -1.9713388889999806, 105.32956944400001 -1.9713388889999806, 105.32956944400001 -1.9733694440000136, 105.33153055600002 -1.9733694440000136, 105.33153055600002 -1.9751694440000165, 105.333788889 -1.9751694440000165, 105.333788889 -1.9852388890000157, 105.3401 -1.9852388890000157, 105.3401 -1.9748805560000164, 105.34521111100003 -1.9748805560000164, 105.34521111100003 -1.9716194439999981, 105.34861944400001 -1.9716194439999981, 105.34861944400001 -1.969319444000007, 105.35143055600003 -1.969319444000007, 105.35143055600003 -1.9653111110000054, 105.35523888900002 -1.9653111110000054, 105.35523888900002 -1.959730556000011, 105.35693055600001 -1.959730556000011, 105.35693055600001 -1.9565805560000058, 105.36271111100001 -1.9565805560000058, 105.36271111100001 -1.9517111110000087, 105.35553055600002 -1.9517111110000087, 105.35553055600002 -1.9542999999999893, 105.35163888900001 -1.9542999999999893, 105.35163888900001 -1.959938889, 105.34996111100003 -1.959938889, 105.34996111100003 -1.9645611110000232, 105.345919444 -1.9645611110000232, 105.345919444 -1.9666500000000156, 105.34306944399998 -1.9666500000000156, 105.34306944399998 -1.9529694440000185, 105.346530556 -1.9529694440000185, 105.346530556 -1.9505388889999722, 105.35036944400002 -1.9505388889999722, 105.35036944400002 -1.94588055600002, 105.341288889 -1.94588055600002, 105.341288889 -1.957311111000024, 105.33895000000001 -1.957311111000024, 105.33895000000001 -1.9668194440000093, 105.33681111099997 -1.9668194440000093, 105.33681111099997 -1.9693388890000278, 105.33331944399998 -1.9693388890000278, 105.33331944399998 -1.9671388890000117, 105.32724999999999 -1.9671388890000117, 105.32724999999999 -1.9650500000000193, 105.32458888899998 -1.9650500000000193, 105.32458888899998 -1.9636305559999983, 105.32100000000003 -1.9636305559999983, 105.32100000000003 -1.958500000000015, 105.3143 -1.958500000000015, 105.3143 -1.954038889000003, 105.31063055599998 -1.954038889000003, 105.31063055599998 -1.950288888999978, 105.30441944400002 -1.950288888999978, 105.30441944400002 -1.945361111000011, 105.29883055599998 -1.945361111000011, 105.29883055599998 -1.9390888890000042, 105.294111111 -1.9390888890000042, 105.294111111 -1.933499999999981, 105.2892 -1.933499999999981, 105.2892 -1.922788889000003, 105.27768888899999 -1.922788889000003, 105.27768888899999 -1.9166000000000167, 105.273708333 -1.9166000000000167, 105.273708333 -1.9159166669999763), (105.299269444 -1.9587694439999837, 105.30916111099998 -1.9587694439999837, 105.30916111099998 -1.9633000000000038, 105.315438889 -1.9633000000000038, 105.315438889 -1.971430555999973, 105.31361944399998 -1.971430555999973, 105.31361944399998 -1.978680555999972, 105.300619444 -1.978680555999972, 105.300619444 -1.9709805559999722, 105.299269444 -1.9709805559999722, 105.299269444 -1.9587694439999837), (105.285311111 -1.968080556000018, 105.28893888900001 -1.968080556000018, 105.28893888900001 -1.9474611109999955, 105.29298055599997 -1.9474611109999955, 105.29298055599997 -1.9628305559999717, 105.29073055600003 -1.9628305559999717, 105.29073055600003 -1.971430555999973, 105.292969444 -1.971430555999973, 105.292969444 -1.9868000000000166, 105.28848055600002 -1.9868000000000166, 105.28848055600002 -1.976850000000013, 105.285311111 -1.976850000000013, 105.285311111 -1.968080556000018))",AKTIF
4258,SUMATERA,MENTERI,19,KEPULAUAN BANGKA BELITUNG,05,KABUPATEN BANGKA BARAT,IUP,PT,PT TIMAH TBK,3119052112014147,81201098819560098                                                                                   ,2024-08-09,2035-07-20,OPERASI PRODUKSI,2655.0,TIMAH,2,11,CNC-14,,,SIMPANG TERITIP,"POLYGON ((105.38890277799999 -1.8677000000000135, 105.38890277799999 -1.8751250000000255, 105.391802778 -1.8751250000000255, 105.391802778 -1.882705556000019, 105.38828611100001 -1.882705556000019, 105.38828611100001 -1.886980556000026, 105.39330000000001 -1.886980556000026, 105.39330000000001 -1.8930055559999914, 105.39047499999998 -1.8930055559999914, 105.39047499999998 -1.8967388890000052, 105.38753333300002 -1.8967388890000052, 105.38753333300002 -1.900275000000022, 105.396752778 -1.900275000000022, 105.396752778 -1.9098111110000104, 105.39816111099998 -1.9098111110000104, 105.39816111099998 -1.9147388889999775, 105.39701111099998 -1.9147388889999775, 105.39701111099998 -1.9192583330000161, 105.39454999999998 -1.9192583330000161, 105.39454999999998 -1.9218722219999904, 105.39389722200002 -1.9218722219999904, 105.39389722200002 -1.934000000000026, 105.38456388899999 -1.934000000000026, 105.38456388899999 -1.9356138890000238, 105.38196388900002 -1.9356138890000238, 105.38196388900002 -1.9374027779999778, 105.36183888900001 -1.9374027779999778, 105.36183888900001 -1.9356694439999842, 105.35331111099998 -1.9356694439999842, 105.35331111099998 -1.9397166670000274, 105.356822222 -1.9397166670000274, 105.356822222 -1.9410916670000233, 105.36253055600002 -1.9410916670000233, 105.36253055600002 -1.941827778000004, 105.369602778 -1.941827778000004, 105.369602778 -1.9426000000000272, 105.381072222 -1.9426000000000272, 105.381072222 -1.941319443999987, 105.38522499999999 -1.941319443999987, 105.38522499999999 -1.9508805560000155, 105.38211111099997 -1.9508805560000155, 105.38211111099997 -1.9568472220000217, 105.378891667 -1.9568472220000217, 105.378891667 -1.9641638890000195, 105.37219166699998 -1.9641638890000195, 105.37219166699998 -1.9697027779999985, 105.37883333299999 -1.9697027779999985, 105.37883333299999 -1.9734861109999997, 105.37328611100003 -1.9734861109999997, 105.37328611100003 -1.9775000000000205, 105.38266666700002 -1.9775000000000205, 105.38266666700002 -1.9710000000000036, 105.386138889 -1.9710000000000036, 105.386138889 -1.9570666669999923, 105.38797777799999 -1.9570666669999923, 105.38797777799999 -1.9526638890000072, 105.39159444400002 -1.9526638890000072, 105.39159444400002 -1.9649, 105.39681944400002 -1.9649, 105.39681944400002 -1.9491388889999826, 105.39529722200001 -1.9491388889999826, 105.39529722200001 -1.9410166669999853, 105.39840277799999 -1.9410166669999853, 105.39840277799999 -1.9263333330000023, 105.401472222 -1.9263333330000023, 105.401472222 -1.9190444440000078, 105.40786666700001 -1.9190444440000078, 105.40786666700001 -1.9217861110000172, 105.41269166699999 -1.9217861110000172, 105.41269166699999 -1.9267083330000219, 105.40999166699999 -1.9267083330000219, 105.40999166699999 -1.9335083330000202, 105.414636111 -1.9335083330000202, 105.414636111 -1.9298194439999747, 105.41911388900002 -1.9298194439999747, 105.41911388900002 -1.9340083330000084, 105.42062222200002 -1.9340083330000084, 105.42062222200002 -1.938449999999989, 105.4176 -1.938449999999989, 105.4176 -1.9435666670000273, 105.41329444399997 -1.9435666670000273, 105.41329444399997 -1.9487666669999726, 105.41464166700001 -1.9487666669999726, 105.41464166700001 -1.9592388890000052, 105.41918611099999 -1.9592388890000052, 105.41918611099999 -1.9487500000000182, 105.424069444 -1.9487500000000182, 105.424069444 -1.9407972220000147, 105.42726388900002 -1.9407972220000147, 105.42726388900002 -1.9334777779999968, 105.423436111 -1.9334777779999968, 105.423436111 -1.9251027779999959, 105.41908055599998 -1.9251027779999959, 105.41908055599998 -1.9175666670000169, 105.41537222199997 -1.9175666670000169, 105.41537222199997 -1.9106499999999755, 105.41135555599999 -1.9106499999999755, 105.41135555599999 -1.9081694440000092, 105.40794166699999 -1.9081694440000092, 105.40794166699999 -1.9053555560000177, 105.41280555600002 -1.9053555560000177, 105.41280555600002 -1.9076444440000273, 105.41661388900002 -1.9076444440000273, 105.41661388900002 -1.9104416669999864, 105.42111666699998 -1.9104416669999864, 105.42111666699998 -1.9127750000000106, 105.42668055600001 -1.9127750000000106, 105.42668055600001 -1.9092055560000176, 105.43519166700003 -1.9092055560000176, 105.43519166700003 -1.8747444439999867, 105.431069444 -1.8747444439999867, 105.431069444 -1.8700138890000062, 105.41883055599999 -1.8700138890000062, 105.41883055599999 -1.8743861109999784, 105.425975 -1.8743861109999784, 105.425975 -1.8849250000000097, 105.42297777800002 -1.8849250000000097, 105.42297777800002 -1.8934249999999793, 105.42781111099998 -1.8934249999999793, 105.42781111099998 -1.8891472220000196, 105.43056111099997 -1.8891472220000196, 105.43056111099997 -1.8997305560000086, 105.424572222 -1.8997305560000086, 105.424572222 -1.9024944440000127, 105.416411111 -1.9024944440000127, 105.416411111 -1.8997611109999752, 105.401077778 -1.8997611109999752, 105.401077778 -1.895750000000021, 105.407163889 -1.895750000000021, 105.407163889 -1.8909388889999832, 105.39853055600003 -1.8909388889999832, 105.39853055600003 -1.8886583330000235, 105.39720555600002 -1.8886583330000235, 105.39720555600002 -1.8859333330000254, 105.39828888900001 -1.8859333330000254, 105.39828888900001 -1.873002778, 105.39514722199999 -1.873002778, 105.39514722199999 -1.8677000000000135, 105.38890277799999 -1.8677000000000135))",AKTIF
4259,SUMATERA,MENTERI,19,KEPULAUAN BANGKA BELITUNG,05,KABUPATEN BANGKA BARAT,IUP,PT,PT TIMAH TBK,3119052112014132,81201098819560141                                                                                   ,2024-08-05,2035-07-20,OPERASI PRODUKSI,908.94,TIMAH,2,11,CNC-3,,,SIMPANG TERITIP,"POLYGON ((105.29637777800002 -2.022974999999974, 105.302391667 -2.022974999999974, 105.302391667 -2.0281777779999857, 105.30823055600001 -2.0281777779999857, 105.30823055600001 -2.0320222220000232, 105.30283611099998 -2.0320222220000232, 105.30283611099998 -2.0340555559999984, 105.308227778 -2.0340555559999984, 105.308227778 -2.0442305560000023, 105.305977778 -2.0442305560000023, 105.305977778 -2.037899999999979, 105.30126111099997 -2.037899999999979, 105.30126111099997 -2.0340555559999984, 105.30036388899998 -2.0340555559999984, 105.30036388899998 -2.0286277779999864, 105.29519722200001 -2.0286277779999864, 105.29519722200001 -2.0243305559999953, 105.28958055599998 -2.0243305559999953, 105.28958055599998 -2.028622222000024, 105.285536111 -2.028622222000024, 105.285536111 -2.032013888999984, 105.28957777800002 -2.032013888999984, 105.28957777800002 -2.033597222000026, 105.29497222200001 -2.033597222000026, 105.29497222200001 -2.0421916669999973, 105.30103333300002 -2.0421916669999973, 105.30103333300002 -2.0492027779999944, 105.30844722199998 -2.0492027779999944, 105.30844722199998 -2.0614138889999936, 105.311588889 -2.0614138889999936, 105.311588889 -2.078824999999995, 105.32102500000002 -2.078824999999995, 105.32102500000002 -2.0609666670000024, 105.315858333 -2.0609666670000024, 105.315858333 -2.057799999999986, 105.313836111 -2.057799999999986, 105.313836111 -2.0460416669999972, 105.31654444399999 -2.0460416669999972, 105.31654444399999 -2.032024999999976, 105.314072222 -2.032024999999976, 105.314072222 -2.0198166669999864, 105.29637777800002 -2.0198166669999864, 105.29637777800002 -2.022974999999974))",AKTIF
4260,SUMATERA,MENTERI,19,KEPULAUAN BANGKA BELITUNG,05,KABUPATEN BANGKA BARAT,IUP,PT,PT TIMAH TBK,3119052112014074,81201098819560139                                                                                   ,2025-02-19,2035-07-20,OPERASI PRODUKSI,4753.0,TIMAH,2,11,CNC-3,,,S. MANCUNG / MANCUNG-P.BERAS,"POLYGON ((105.548263889 -1.89900555600002, 105.53913055599998 -1.89900555600002, 105.53913055599998 -1.9024583330000269, 105.54369722199999 -1.9024583330000269, 105.54369722199999 -1.9089722219999885, 105.536755556 -1.9089722219999885, 105.536755556 -1.9124611110000274, 105.55518055599998 -1.9124611110000274, 105.55518055599998 -1.9210305560000052, 105.548886111 -1.9210305560000052, 105.548886111 -1.9161888890000114, 105.54377499999998 -1.9161888890000114, 105.54377499999998 -1.9239749999999844, 105.56029999999998 -1.9239749999999844, 105.56029999999998 -1.9270888890000037, 105.57382777800001 -1.9270888890000037, 105.57382777800001 -1.9310722220000116, 105.577266667 -1.9310722220000116, 105.577266667 -1.9349166669999818, 105.58187777799998 -1.9349166669999818, 105.58187777799998 -1.9386805560000084, 105.58515833299998 -1.9386805560000084, 105.58515833299998 -1.9441361109999775, 105.58958888900003 -1.9441361109999775, 105.58958888900003 -1.9626055560000282, 105.57963055599998 -1.9626055560000282, 105.57963055599998 -1.9546944439999834, 105.56991944399999 -1.9546944439999834, 105.56991944399999 -1.951319443999978, 105.56207222199998 -1.951319443999978, 105.56207222199998 -1.9636638889999745, 105.55028333299998 -1.9636638889999745, 105.55028333299998 -1.9421166669999934, 105.547244444 -1.9421166669999934, 105.547244444 -1.9318694439999717, 105.53843055599998 -1.9318694439999717, 105.53843055599998 -1.9361111110000024, 105.54199722200002 -1.9361111110000024, 105.54199722200002 -1.9420972219999726, 105.53831111099998 -1.9420972219999726, 105.53831111099998 -1.9389666669999883, 105.53600277800001 -1.9389666669999883, 105.53600277800001 -1.9274722220000058, 105.533047222 -1.9274722220000058, 105.533047222 -1.9208972220000078, 105.52708055599999 -1.9208972220000078, 105.52708055599999 -1.9280749999999784, 105.52361944400002 -1.9280749999999784, 105.52361944400002 -1.9366222219999827, 105.53086944400002 -1.9366222219999827, 105.53086944400002 -1.9461999999999762, 105.53653888899998 -1.9461999999999762, 105.53653888899998 -1.9499555560000204, 105.54130277799999 -1.9499555560000204, 105.54130277799999 -1.9636416669999903, 105.52486944399999 -1.9636416669999903, 105.52486944399999 -1.9552305560000036, 105.52190000000002 -1.9552305560000036, 105.52190000000002 -1.932497221999995, 105.51746111099999 -1.932497221999995, 105.51746111099999 -1.9296694440000124, 105.502766667 -1.9296694440000124, 105.502766667 -1.9342222220000167, 105.51693055599998 -1.9342222220000167, 105.51693055599998 -1.9457694440000068, 105.514394444 -1.9457694440000068, 105.514394444 -1.9408583329999942, 105.51019444399998 -1.9408583329999942, 105.51019444399998 -1.9373833330000139, 105.50035555599999 -1.9373833330000139, 105.50035555599999 -1.941116667000017, 105.50686944400002 -1.941116667000017, 105.50686944400002 -1.9458500000000072, 105.51061666700002 -1.9458500000000072, 105.51061666700002 -1.948447222000027, 105.50333611100001 -1.948447222000027, 105.50333611100001 -1.9526138890000198, 105.510452778 -1.9526138890000198, 105.510452778 -1.9557888890000186, 105.51633333299998 -1.9557888890000186, 105.51633333299998 -1.9736277779999796, 105.55966666699999 -1.9736277779999796, 105.55966666699999 -1.969280556000001, 105.61121666700001 -1.969280556000001, 105.61121666700001 -1.9554166670000086, 105.61538055599999 -1.9554166670000086, 105.61538055599999 -1.915975000000003, 105.59032777800002 -1.915975000000003, 105.59032777800002 -1.9277222219999999, 105.58333055600002 -1.9277222219999999, 105.58333055600002 -1.9096694439999737, 105.578325 -1.9096694439999737, 105.578325 -1.92039444400001, 105.57466388900002 -1.92039444400001, 105.57466388900002 -1.9139277780000157, 105.56923611100001 -1.9139277780000157, 105.56923611100001 -1.9093805559999737, 105.55245000000002 -1.9093805559999737, 105.55245000000002 -1.896069443999977, 105.548263889 -1.896069443999977, 105.548263889 -1.89900555600002))",AKTIF
4261,SUMATERA,MENTERI,19,KEPULAUAN BANGKA BELITUNG,"05,01","KABUPATEN BANGKA BARAT,KABUPATEN BANGKA",IUP,PT,PT TIMAH TBK,3119052112014075,81201098819560101                                                                                   ,2025-03-24,2035-07-20,OPERASI PRODUKSI,4156.78,TIMAH,2,11,CNC-3,,,TEMPILANG (KABUPATEN BANGKA BARAT) DAN KELAPA (KABUPATEN BANGKA),"POLYGON ((105.58861388899999 -2.0694500000000176, 105.61423888899998 -2.0694500000000176, 105.61423888899998 -2.0652166670000156, 105.62168333300002 -2.0652166670000156, 105.62168333300002 -2.075102777999973, 105.62716388899997 -2.075102777999973, 105.62716388899997 -2.0834611110000196, 105.63198055599997 -2.0834611110000196, 105.63198055599997 -2.093291667000017, 105.64625277800002 -2.093291667000017, 105.64625277800002 -2.104797222000002, 105.64114444400002 -2.104797222000002, 105.64114444400002 -2.1183416669999815, 105.66200277799999 -2.1183416669999815, 105.66200277799999 -2.107947222000007, 105.65722499999998 -2.107947222000007, 105.65722499999998 -2.1001694440000165, 105.66173888899999 -2.1001694440000165, 105.66173888899999 -2.0882611110000084, 105.655866667 -2.0882611110000084, 105.655866667 -2.086208333000002, 105.657822222 -2.086208333000002, 105.657822222 -2.0829749999999763, 105.65235000000001 -2.0829749999999763, 105.65235000000001 -2.076891666999984, 105.66615000000002 -2.076891666999984, 105.66615000000002 -2.0830166669999812, 105.67208888900001 -2.0830166669999812, 105.67208888900001 -2.091625000000022, 105.674613889 -2.091625000000022, 105.674613889 -2.103952778000007, 105.68372777799999 -2.103952778000007, 105.68372777799999 -2.1104916670000193, 105.68881388900002 -2.1104916670000193, 105.68881388900002 -2.1016777780000098, 105.69836944399998 -2.1016777780000098, 105.69836944399998 -2.1051055560000123, 105.70948055600002 -2.1051055560000123, 105.70948055600002 -2.1108055560000025, 105.717255556 -2.1108055560000025, 105.717255556 -2.101980556000001, 105.71457777799998 -2.101980556000001, 105.71457777799998 -2.0975666670000237, 105.74488888899998 -2.0975666670000237, 105.74488888899998 -2.0882027779999817, 105.72674999999998 -2.0882027779999817, 105.72674999999998 -2.0920333330000176, 105.70992222199999 -2.0920333330000176, 105.70992222199999 -2.0828333329999964, 105.70425277800001 -2.0828333329999964, 105.70425277800001 -2.078025000000025, 105.70049444400001 -2.078025000000025, 105.70049444400001 -2.073741666999979, 105.68986388899998 -2.073741666999979, 105.68986388899998 -2.066633333000027, 105.63379166700003 -2.066633333000027, 105.63379166700003 -2.0610777780000262, 105.62290555599998 -2.0610777780000262, 105.62290555599998 -2.057124999999985, 105.59973611100003 -2.057124999999985, 105.59973611100003 -2.0605361109999762, 105.58861388899999 -2.0605361109999762, 105.58861388899999 -2.0694500000000176))",AKTIF
4262,SUMATERA,MENTERI,19,KEPULAUAN BANGKA BELITUNG,05,KABUPATEN BANGKA BARAT,IUP,PT,PT TIMAH TBK,3119052112014076,81201098819560231                                                                                   ,2025-02-28,2035-07-20,OPERASI PRODUKSI,15050.0,TIMAH,2,11,CNC-3,,,LAUT KEBIANG-PENGANAK-JEBU KEC. JEBUS,"POLYGON ((105.39178333299998 -1.5791944439999952, 105.34705277799998 -1.5791944439999952, 105.34705277799998 -1.6060972220000167, 105.324552778 -1.6060972220000167, 105.324552778 -1.696869444000015, 105.334619444 -1.696869444000015, 105.334619444 -1.6946500000000242, 105.34194722199999 -1.6946500000000242, 105.34194722199999 -1.6933055559999843, 105.34505555599998 -1.6933055559999843, 105.34505555599998 -1.6919527779999726, 105.34798055599998 -1.6919527779999726, 105.34798055599998 -1.6883527780000236, 105.34980277800003 -1.6883527780000236, 105.34980277800003 -1.686038888999974, 105.358661111 -1.686038888999974, 105.358661111 -1.6842416669999807, 105.35997777799997 -1.6842416669999807, 105.35997777799997 -1.6833194440000057, 105.360736111 -1.6833194440000057, 105.360736111 -1.6819055560000038, 105.36210277800001 -1.6819055560000038, 105.36210277800001 -1.6776916669999764, 105.35906388900003 -1.6776916669999764, 105.35906388900003 -1.6733722220000118, 105.34685000000002 -1.6733722220000118, 105.34685000000002 -1.672072221999997, 105.34228611100002 -1.672072221999997, 105.34228611100002 -1.6674222220000274, 105.34043888899998 -1.6674222220000274, 105.34043888899998 -1.6609833329999901, 105.34362499999997 -1.6609833329999901, 105.34362499999997 -1.6467777780000006, 105.348963889 -1.6467777780000006, 105.348963889 -1.648202777999984, 105.354030556 -1.648202777999984, 105.354030556 -1.6515361109999844, 105.363197222 -1.6515361109999844, 105.363197222 -1.648527778000016, 105.36774166700002 -1.648527778000016, 105.36774166700002 -1.6436611109999717, 105.37978611099999 -1.6436611109999717, 105.37978611099999 -1.6404555560000063, 105.3852 -1.6404555560000063, 105.3852 -1.6350388889999863, 105.38998055600001 -1.6350388889999863, 105.38998055600001 -1.6286916669999982, 105.392594444 -1.6286916669999982, 105.392594444 -1.6096972220000225, 105.39050277799998 -1.6096972220000225, 105.39050277799998 -1.6061000000000263, 105.39547777799999 -1.6061000000000263, 105.39547777799999 -1.608980556000006, 105.41011944399997 -1.608980556000006, 105.41322777800002 -1.608980556000006, 105.41322777800002 -1.6082222219999949, 105.41532222199999 -1.6082222219999949, 105.41532222199999 -1.6076833330000113, 105.418647222 -1.6076833330000113, 105.418647222 -1.6071111109999947, 105.42093888900001 -1.6071111109999947, 105.42093888900001 -1.6064777779999986, 105.42196388899998 -1.6064777779999986, 105.42196388899998 -1.6039166670000213, 105.42545000000001 -1.6039166670000213, 105.42545000000001 -1.6000138890000244, 105.42848055600001 -1.6000138890000244, 105.42848055600001 -1.5967388889999938, 105.435277778 -1.5967388889999938, 105.435277778 -1.589544444000012, 105.442936111 -1.589544444000012, 105.442936111 -1.5832694439999955, 105.449219444 -1.5832694439999955, 105.449219444 -1.577588889000026, 105.454316667 -1.577588889000026, 105.454316667 -1.5753083330000095, 105.45683333300002 -1.5753083330000095, 105.45683333300002 -1.571155556000008, 105.45616666699999 -1.571155556000008, 105.45616666699999 -1.5651416669999776, 105.46048888899998 -1.5651416669999776, 105.46048888899998 -1.5645166670000208, 105.46947499999999 -1.5645166670000208, 105.46947499999999 -1.5620611109999913, 105.47293888899998 -1.5620611109999913, 105.47293888899998 -1.563600000000008, 105.47960833299999 -1.563600000000008, 105.47960833299999 -1.5653500000000236, 105.493980556 -1.5653500000000236, 105.493980556 -1.5626138889999766, 105.498002778 -1.5626138889999766, 105.498002778 -1.5613611109999965, 105.500169444 -1.5613611109999965, 105.500169444 -1.5621583330000135, 105.50174166699998 -1.5621583330000135, 105.50174166699998 -1.5642416669999761, 105.506338889 -1.5642416669999761, 105.506338889 -1.5652972220000265, 105.51031111100002 -1.5652972220000265, 105.51031111100002 -1.5657805559999929, 105.52496944400002 -1.5657805559999929, 105.52496944400002 -1.5269722219999835, 105.52421388900001 -1.5269722219999835, 105.52421388900001 -1.5270027779999964, 105.41669722199998 -1.5270027779999964, 105.41669722199998 -1.5269722219999835, 105.39178333299998 -1.5269722219999835, 105.39178333299998 -1.5791944439999952))",AKTIF
4962,SUMATERA,MENTERI,19,KEPULAUAN BANGKA BELITUNG,02,KABUPATEN BELITUNG,IUP,PT,PT TIMAH TBK,3119022112014062,81201098819560104                                                                                   ,2025-06-24,2036-07-20,OPERASI PRODUKSI,3590.0,TIMAH,2,11,CNC-2,,,MEMBALONG,"POLYGON ((107.66868888900001 -2.8765333329999976, 107.66868888900001 -2.882402778000028, 107.65968611099998 -2.882402778000028, 107.65968611099998 -2.890088889000026, 107.65336944400002 -2.890088889000026, 107.65336944400002 -2.921747222000022, 107.66146944399998 -2.921747222000022, 107.66146944399998 -2.926266666999993, 107.66775000000001 -2.926266666999993, 107.66775000000001 -2.9433916670000144, 107.67555833300003 -2.9433916670000144, 107.67555833300003 -2.9723972219999837, 107.684827778 -2.9723972219999837, 107.684827778 -2.966066667000007, 107.69022222199999 -2.966066667000007, 107.69022222199999 -2.970602778, 107.70552222200001 -2.970602778, 107.70552222200001 -2.9371305559999996, 107.69384722199999 -2.9371305559999996, 107.69384722199999 -2.9226666669999872, 107.70014444399999 -2.9226666669999872, 107.70014444399999 -2.924477777999982, 107.70913333300001 -2.924477777999982, 107.70913333300001 -2.932619444000011, 107.713630556 -2.932619444000011, 107.713630556 -2.9407583330000193, 107.71798055599999 -2.9407583330000193, 107.71798055599999 -2.9221388889999957, 107.733886111 -2.9221388889999957, 107.733886111 -2.9064083330000017, 107.732802778 -2.9064083330000017, 107.732802778 -2.9074888889999784, 107.730802778 -2.9074888889999784, 107.730802778 -2.909208332999981, 107.72713333299998 -2.909208332999981, 107.72713333299998 -2.912725000000023, 107.71453888899998 -2.912725000000023, 107.71453888899998 -2.9154472220000116, 107.71012777800001 -2.9154472220000116, 107.71012777800001 -2.9199944439999967, 107.70548611100003 -2.9199944439999967, 107.70548611100003 -2.91520277799998, 107.69205555600001 -2.91520277799998, 107.69205555600001 -2.917227777999983, 107.67226388900002 -2.917227777999983, 107.67226388900002 -2.914058333000014, 107.667772222 -2.914058333000014, 107.667772222 -2.9118055559999902, 107.673169444 -2.9118055559999902, 107.673169444 -2.901397222000014, 107.66418333299998 -2.901397222000014, 107.66418333299998 -2.8946416669999735, 107.67317777800002 -2.8946416669999735, 107.67317777800002 -2.8864861110000106, 107.690277778 -2.8864861110000106, 107.690277778 -2.8765333329999976, 107.66868888900001 -2.8765333329999976))",AKTIF
4963,SUMATERA,MENTERI,19,KEPULAUAN BANGKA BELITUNG,02,KABUPATEN BELITUNG,IUP,PT,PT TIMAH TBK,3119022112014037,81201098819560161                                                                                   ,2025-05-06,2036-07-20,OPERASI PRODUKSI,1307.0,TIMAH,2,11,CNC-2,,,MEMBALONG,"POLYGON ((107.66560833300002 -3.1052027779999776, 107.66560833300002 -3.1155444440000224, 107.67073333299999 -3.1155444440000224, 107.67073333299999 -3.1243166670000164, 107.66584722200002 -3.1243166670000164, 107.66584722200002 -3.146036111000001, 107.69553888899998 -3.146036111000001, 107.69553888899998 -3.1397999999999797, 107.69527499999998 -3.1397999999999797, 107.69527499999998 -3.1391833330000054, 107.69456111099998 -3.1391833330000054, 107.69456111099998 -3.136863888999983, 107.69554722200002 -3.136863888999983, 107.69554722200002 -3.1309888889999797, 107.694116667 -3.1309888889999797, 107.694116667 -3.1307277779999936, 107.69074722200003 -3.1307277779999936, 107.69074722200003 -3.1275833330000182, 107.69118888899999 -3.1275833330000182, 107.69118888899999 -3.1259305560000143, 107.69308055599998 -3.1259305560000143, 107.69308055599998 -3.125797222000017, 107.69609722199999 -3.125797222000017, 107.69609722199999 -3.123841667000022, 107.69650277800002 -3.123841667000022, 107.69650277800002 -3.1229527780000126, 107.69779999999997 -3.1229527780000126, 107.69779999999997 -3.1220972219999794, 107.698138889 -3.1220972219999794, 107.698138889 -3.1214611109999737, 107.69639444400002 -3.1214611109999737, 107.69639444400002 -3.1202444439999795, 107.69088333299999 -3.1202444439999795, 107.69088333299999 -3.1166583329999753, 107.69080277799998 -3.1166583329999753, 107.69080277799998 -3.116516666999985, 107.690280556 -3.116516666999985, 107.690280556 -3.11559444400001, 107.689830556 -3.11559444400001, 107.689830556 -3.1147305559999836, 107.68941944400001 -3.1147305559999836, 107.68941944400001 -3.114186110999981, 107.689113889 -3.114186110999981, 107.689113889 -3.1133944439999937, 107.68920555599999 -3.1133944439999937, 107.68920555599999 -3.11196666699999, 107.688652778 -3.11196666699999, 107.688652778 -3.11151388899998, 107.68790277800002 -3.11151388899998, 107.68790277800002 -3.109841667000012, 107.68836388900002 -3.109841667000012, 107.68836388900002 -3.1062222219999853, 107.68721666699997 -3.1062222219999853, 107.68721666699997 -3.1052027779999776, 107.66560833300002 -3.1052027779999776))",AKTIF
4965,SUMATERA,MENTERI,19,KEPULAUAN BANGKA BELITUNG,03,KABUPATEN BANGKA SELATAN,IUP,PT,PT TIMAH TBK,3119032112014038,81201098819560184                                                                                   ,2025-05-23,2035-07-20,OPERASI PRODUKSI,547.8,TIMAH,2,11,CNC-17,,,"DESA KEPOSANG DAN GADUNG, KEC. TOBOALI","POLYGON ((106.54947499999997 -2.9716416669999717, 106.54947499999997 -2.980688889000021, 106.53913888900001 -2.980688889000021, 106.53913888900001 -3.0028444440000044, 106.528352778 -3.0028444440000044, 106.528352778 -3.022508333000019, 106.53329722199999 -3.022508333000019, 106.53329722199999 -3.015069444000005, 106.53205555599999 -3.015069444000005, 106.53205555599999 -3.010458332999974, 106.53456388900003 -3.010458332999974, 106.53456388900003 -3.01228888899999, 106.54153333300002 -3.01228888899999, 106.54153333300002 -3.006086111000002, 106.54709444399998 -3.006086111000002, 106.54709444399998 -2.9876166669999975, 106.55402777799998 -2.9876166669999975, 106.55402777799998 -2.983727778000002, 106.554825 -2.983727778000002, 106.554825 -2.9804555559999812, 106.55288055599999 -2.9804555559999812, 106.55288055599999 -2.9716416669999717, 106.54947499999997 -2.9716416669999717))",AKTIF
4966,SUMATERA,MENTERI,19,KEPULAUAN BANGKA BELITUNG,03,KABUPATEN BANGKA SELATAN,IUP,PT,PT TIMAH TBK,3119032112014007,81201098819560093                                                                                   ,2025-06-18,2035-07-20,OPERASI PRODUKSI,7607.0,TIMAH,2,11,CNC-14,,,"WIL. LAUT TOBOALI, KEC. TOBOALI, KABUPATEN BANGKA SELATAN","POLYGON ((106.40784444399998 -2.9681416669999976, 106.40784444399998 -3.0792694439999764, 106.49538611100002 -3.0792694439999764, 106.49538611100002 -3.077566666999985, 106.497577778 -3.077566666999985, 106.497577778 -3.076111110999989, 106.498041667 -3.076111110999989, 106.498041667 -3.061369443999979, 106.49681944399998 -3.061369443999979, 106.49681944399998 -3.059775000000002, 106.49571666700001 -3.059775000000002, 106.49571666700001 -3.0586722219999842, 106.49485833300002 -3.0586722219999842, 106.49485833300002 -3.057836110999972, 106.49364722199999 -3.057836110999972, 106.49364722199999 -3.0527833329999794, 106.49216944400001 -3.0527833329999794, 106.49216944400001 -3.050516667000011, 106.49045833299999 -3.050516667000011, 106.49045833299999 -3.047852777999992, 106.488911111 -3.047852777999992, 106.488911111 -3.045961110999997, 106.487444444 -3.045961110999997, 106.487444444 -3.0440666669999814, 106.48567500000001 -3.0440666669999814, 106.48567500000001 -3.0428611109999792, 106.48197499999998 -3.0428611109999792, 106.48197499999998 -3.034877778000009, 106.478422222 -3.034877778000009, 106.478422222 -3.034366666999972, 106.47725555599999 -3.034366666999972, 106.47725555599999 -3.0336583330000053, 106.47632499999997 -3.0336583330000053, 106.47632499999997 -3.0326222219999863, 106.47464166700001 -3.0326222219999863, 106.47464166700001 -3.0307305559999804, 106.47282777800001 -3.0307305559999804, 106.47282777800001 -3.029352777999975, 106.47144166700002 -3.029352777999975, 106.47144166700002 -3.0283416670000065, 106.47036666700001 -3.0283416670000065, 106.47036666700001 -3.027430556000013, 106.469238889 -3.027430556000013, 106.469238889 -3.0265694440000175, 106.46788055600001 -3.0265694440000175, 106.46788055600001 -3.025502777999975, 106.46651666700001 -3.025502777999975, 106.46651666700001 -3.024202778000017, 106.46486388900001 -3.024202778000017, 106.46486388900001 -3.0229916669999852, 106.46272777799999 -3.0229916669999852, 106.46272777799999 -3.021872222000013, 106.458061111 -3.021872222000013, 106.458061111 -3.0191083330000197, 106.45343333300002 -3.0191083330000197, 106.45343333300002 -3.0173055559999966, 106.45056388900002 -3.0173055559999966, 106.45056388900002 -3.0155111110000234, 106.447502778 -3.0155111110000234, 106.447502778 -3.013649999999984, 106.44426388900001 -3.013649999999984, 106.44426388900001 -3.0123555559999886, 106.44153055599998 -3.0123555559999886, 106.44153055599998 -2.9997277780000218, 106.43930833299999 -2.9997277780000218, 106.43930833299999 -2.9952055559999735, 106.438069444 -2.9952055559999735, 106.438069444 -2.9900083329999916, 106.436177778 -2.9900083329999916, 106.436177778 -2.986116666999976, 106.435011111 -2.986116666999976, 106.435011111 -2.9840277779999838, 106.43432777800001 -2.9840277779999838, 106.43432777800001 -2.9828222219999816, 106.43341666700002 -2.9828222219999816, 106.43341666700002 -2.9812333329999774, 106.43203888900001 -2.9812333329999774, 106.43203888900001 -2.979633332999981, 106.43076944400002 -2.979633332999981, 106.43076944400002 -2.9786472220000064, 106.42946111100002 -2.9786472220000064, 106.42946111100002 -2.977461111000025, 106.428 -2.977461111000025, 106.428 -2.9764111110000044, 106.426652778 -2.9764111110000044, 106.426652778 -2.975283332999993, 106.42527777800001 -2.975283332999993, 106.42527777800001 -2.9740777779999803, 106.42218611099997 -2.9740777779999803, 106.42218611099997 -2.973152777999985, 106.42024444399999 -2.973152777999985, 106.42024444399999 -2.9722472220000213, 106.41875555600001 -2.9722472220000213, 106.41875555600001 -2.9709722220000003, 106.41440277800001 -2.9709722220000003, 106.41440277800001 -2.970305556000028, 106.412852778 -2.970305556000028, 106.412852778 -2.969816666999975, 106.41075000000001 -2.969816666999975, 106.41075000000001 -2.9681416669999976, 106.40784444399998 -2.9681416669999976))",AKTIF
4967,SUMATERA,MENTERI,19,KEPULAUAN BANGKA BELITUNG,03,KABUPATEN BANGKA SELATAN,IUP,PT,PT TIMAH TBK,3119032112014042,81201098819560086                                                                                   ,2023-02-27,2033-02-27,OPERASI PRODUKSI,398.42,TIMAH,2,11,CNC-17,,,"WIL. LAUT PERMIS, KEC. SIMPANG RIMBA","POLYGON ((105.886127778 -2.5583194440000057, 105.87605555599998 -2.5583194440000057, 105.87605555599998 -2.560024999999996, 105.86205000000001 -2.560024999999996, 105.86205000000001 -2.5592583330000025, 105.85734444399998 -2.5592583330000025, 105.85734444399998 -2.5665833329999828, 105.859944444 -2.5665833329999828, 105.859944444 -2.569697222000002, 105.864402778 -2.569697222000002, 105.864402778 -2.568486111000027, 105.86832222200002 -2.568486111000027, 105.86832222200002 -2.570222221999984, 105.87254166700001 -2.570222221999984, 105.87254166700001 -2.5732027779999953, 105.88462777799998 -2.5732027779999953, 105.88462777799998 -2.565138889000025, 105.886127778 -2.565138889000025, 105.886127778 -2.5583194440000057))",AKTIF
4969,SUMATERA,MENTERI,19,KEPULAUAN BANGKA BELITUNG,02,KABUPATEN BELITUNG,IUP,PT,PT TIMAH TBK,3119022112014038,81201098819560116                                                                                   ,2025-03-24,2035-07-21,OPERASI PRODUKSI,823.2,TIMAH,2,11,CNC-14,,,SIJUK,"POLYGON ((107.739655556 -2.5819833329999824, 107.739655556 -2.6071694440000215, 107.75155277800002 -2.6071694440000215, 107.75155277800002 -2.610411111000019, 107.75399166699998 -2.610411111000019, 107.75399166699998 -2.61368055600002, 107.75155277800002 -2.61368055600002, 107.75155277800002 -2.616125000000011, 107.756044444 -2.616125000000011, 107.756044444 -2.6230888889999733, 107.76121388899998 -2.6230888889999733, 107.76121388899998 -2.6251666669999736, 107.765030556 -2.6251666669999736, 107.765030556 -2.635797222000008, 107.77222499999999 -2.635797222000008, 107.77222499999999 -2.6430416669999772, 107.77716388900001 -2.6430416669999772, 107.77716388900001 -2.6529833330000088, 107.78436111100001 -2.6529833330000088, 107.78436111100001 -2.633311111000012, 107.76795833300002 -2.633311111000012, 107.76795833300002 -2.6230888889999733, 107.76494722199999 -2.6230888889999733, 107.76494722199999 -2.6147694439999896, 107.75583055599998 -2.6147694439999896, 107.75583055599998 -2.5996166670000207, 107.75067222199999 -2.5996166670000207, 107.75067222199999 -2.5819833329999824, 107.739655556 -2.5819833329999824))",AKTIF
4970,SUMATERA,MENTERI,19,KEPULAUAN BANGKA BELITUNG,02,KABUPATEN BELITUNG,IUP,PT,PT TIMAH TBK,3119022112014039,81201098819560200                                                                                   ,2025-02-28,2035-07-21,OPERASI PRODUKSI,815.7,TIMAH,2,11,CNC-2,,,KEC. SIJUK DAN BADAU KABUPATEN BELITUNG,"POLYGON ((107.80951944399999 -2.6961833330000218, 107.82615833300002 -2.6961833330000218, 107.82615833300002 -2.690311111000028, 107.83246111099999 -2.690311111000028, 107.83246111099999 -2.6803638889999775, 107.839647222 -2.6803638889999775, 107.839647222 -2.6731305559999896, 107.84550000000002 -2.6731305559999896, 107.84550000000002 -2.662277777999975, 107.82841944400002 -2.662277777999975, 107.82841944400002 -2.6695083330000102, 107.82166944400001 -2.6695083330000102, 107.82166944400001 -2.676288888999977, 107.816269444 -2.676288888999977, 107.816269444 -2.6844305559999952, 107.80951944399999 -2.6844305559999952, 107.80951944399999 -2.6961833330000218))",AKTIF
4995,SUMATERA,MENTERI,19,KEPULAUAN BANGKA BELITUNG,06,KABUPATEN BELITUNG TIMUR,IUP,PT,PT TIMAH TBK,3119062112014040,81201098819560170                                                                                   ,2025-02-17,2035-07-21,OPERASI PRODUKSI,1286.0,TIMAH,2,11,CNC-18,,,KABUPATEN BELITUNG TIMUR,"POLYGON ((108.10444444400002 -3.0398611109999933, 108.10444444400002 -3.0453055560000166, 108.096305556 -3.0453055560000166, 108.096305556 -3.0670277780000106, 108.102166667 -3.0670277780000106, 108.102166667 -3.07330555599998, 108.13027777799999 -3.07330555599998, 108.13027777799999 -3.0453333329999737, 108.12783333300001 -3.0453333329999737, 108.12783333300001 -3.0398611109999933, 108.10444444400002 -3.0398611109999933))",AKTIF
4997,SUMATERA,BUPATI,19,KEPULAUAN BANGKA BELITUNG,01,KABUPATEN BANGKA,IUP,PT,PT TIMAH TBK,3119012112014228,188.45/465/TAMBEN/2010                                                                              ,2010-04-27,2026-07-20,OPERASI PRODUKSI,446.0,TIMAH,2,11,CNC-2,,,"DAERAH LAUT S. BELINYU, KABUPATEN BANGKA","POLYGON ((105.73996388900002 -1.6559444439999993, 105.76186666699999 -1.6559444439999993, 105.76186666699999 -1.6494555560000208, 105.75913888899998 -1.6494555560000208, 105.75913888899998 -1.6466138889999797, 105.75828333300001 -1.6466138889999797, 105.75828333300001 -1.6439194440000051, 105.757025 -1.6439194440000051, 105.757025 -1.6417861109999876, 105.75601666699998 -1.6417861109999876, 105.75601666699998 -1.6403027779999775, 105.754444444 -1.6403027779999775, 105.754444444 -1.6386833330000172, 105.75311111100001 -1.6386833330000172, 105.75311111100001 -1.637019443999975, 105.75170000000003 -1.637019443999975, 105.75170000000003 -1.6369194440000001, 105.75028888899999 -1.6369194440000001, 105.75028888899999 -1.6364777780000281, 105.74762777799998 -1.6364777780000281, 105.74762777799998 -1.635955555999999, 105.745741667 -1.635955555999999, 105.745741667 -1.635727777999989, 105.73996388900002 -1.635727777999989, 105.73996388900002 -1.6559444439999993))",AKTIF
4999,SUMATERA,MENTERI,19,KEPULAUAN BANGKA BELITUNG,01,KABUPATEN BANGKA,IUP,PT,PT TIMAH TBK,3119012112014211,81201098819560103                                                                                   ,2025-03-24,2035-07-20,OPERASI PRODUKSI,8731.0,TIMAH,2,11,CNC-2,,,BELINYU,"POLYGON ((105.78187500000001 -1.541294444000016, 105.78187500000001 -1.5429333330000077, 105.77527222200001 -1.5429333330000077, 105.77527222200001 -1.5518944440000269, 105.77130555600002 -1.5518944440000269, 105.77130555600002 -1.558161111000004, 105.779041667 -1.558161111000004, 105.779041667 -1.581905555999981, 105.78059999999999 -1.581905555999981, 105.78059999999999 -1.5909111110000254, 105.77448333299998 -1.5909111110000254, 105.77448333299998 -1.5950694439999893, 105.78874166700001 -1.5950694439999893, 105.78874166700001 -1.604744444000005, 105.79629999999997 -1.604744444000005, 105.79629999999997 -1.631674999999973, 105.79189444399998 -1.631674999999973, 105.79189444399998 -1.6396555559999797, 105.78494444400002 -1.6396555559999797, 105.78494444400002 -1.647188889000006, 105.76405833299998 -1.647188889000006, 105.76405833299998 -1.656011110999998, 105.773483333 -1.656011110999998, 105.773483333 -1.6600222220000092, 105.780180556 -1.6600222220000092, 105.780180556 -1.6641833329999827, 105.784238889 -1.6641833329999827, 105.784238889 -1.6782944440000165, 105.78433055599999 -1.6782944440000165, 105.78433055599999 -1.6784944440000231, 105.781966667 -1.6784944440000231, 105.781966667 -1.6824777780000204, 105.77301388900003 -1.6824777780000204, 105.77301388900003 -1.6760499999999752, 105.75849444400001 -1.6760499999999752, 105.75849444400001 -1.6834277780000093, 105.75450000000001 -1.6834277780000093, 105.75450000000001 -1.691972222000004, 105.76489444399999 -1.691972222000004, 105.76489444399999 -1.6975499999999784, 105.77837777799999 -1.6975499999999784, 105.77837777799999 -1.6930333330000167, 105.782402778 -1.6930333330000167, 105.782402778 -1.691372221999984, 105.802947222 -1.691372221999984, 105.802947222 -1.703300000000013, 105.80528055600001 -1.703300000000013, 105.80528055600001 -1.7113944440000068, 105.80975833299999 -1.7113944440000068, 105.80975833299999 -1.7084694440000021, 105.81870833300002 -1.7084694440000021, 105.81870833300002 -1.7032500000000255, 105.81238333300001 -1.7032500000000255, 105.81238333300001 -1.6828388889999815, 105.82188888899998 -1.6828388889999815, 105.82188888899998 -1.7053166669999769, 105.834541667 -1.7053166669999769, 105.834541667 -1.7075194440000132, 105.83806666700002 -1.7075194440000132, 105.83806666700002 -1.7098611110000093, 105.84121666700003 -1.7098611110000093, 105.84121666700003 -1.713700000000017, 105.84661666699998 -1.713700000000017, 105.84661666699998 -1.7117666670000062, 105.84850833299998 -1.7117666670000062, 105.84850833299998 -1.713700000000017, 105.85833611100003 -1.713700000000017, 105.85833611100003 -1.6917277779999722, 105.84858333300002 -1.6917277779999722, 105.84858333300002 -1.6820500000000038, 105.850972222 -1.6820500000000038, 105.850972222 -1.6780472219999751, 105.86055555600001 -1.6780472219999751, 105.86055555600001 -1.6651611109999749, 105.87169444400001 -1.6651611109999749, 105.87169444400001 -1.6613027779999925, 105.88344444400002 -1.6613027779999925, 105.88344444400002 -1.657950000000028, 105.88617499999998 -1.657950000000028, 105.88617499999998 -1.6564500000000066, 105.88995833299998 -1.6564500000000066, 105.88995833299998 -1.6526666670000054, 105.883319444 -1.6526666670000054, 105.883319444 -1.6461944440000025, 105.87670555599999 -1.6461944440000025, 105.87670555599999 -1.6569055560000265, 105.86954166700002 -1.6569055560000265, 105.86954166700002 -1.652866667000012, 105.86504444399998 -1.652866667000012, 105.86504444399998 -1.6469250000000102, 105.86042500000002 -1.6469250000000102, 105.86042500000002 -1.6489277779999725, 105.856055556 -1.6489277779999725, 105.856055556 -1.6413555560000077, 105.85068055599999 -1.6413555560000077, 105.85068055599999 -1.6486166669999989, 105.84133333300002 -1.6486166669999989, 105.84133333300002 -1.6582777780000129, 105.83662500000003 -1.6582777780000129, 105.83662500000003 -1.6599944440000058, 105.824433333 -1.6599944440000058, 105.824433333 -1.6567638889999898, 105.83448611099999 -1.6567638889999898, 105.83448611099999 -1.6536500000000274, 105.837888889 -1.6536500000000274, 105.837888889 -1.6496166669999752, 105.826155556 -1.6496166669999752, 105.826155556 -1.6470416669999963, 105.82019444399998 -1.6470416669999963, 105.81797499999999 -1.6470416669999963, 105.81797499999999 -1.6434249999999793, 105.81557222200001 -1.6434249999999793, 105.81557222200001 -1.6385500000000093, 105.81793333299998 -1.6385500000000093, 105.81793333299998 -1.6333944439999755, 105.81284722200002 -1.6333944439999755, 105.81284722200002 -1.6260111110000253, 105.82249722199998 -1.6260111110000253, 105.82249722199998 -1.6212222219999717, 105.83094444400001 -1.6212222219999717, 105.83094444400001 -1.6162444440000172, 105.82229444400002 -1.6162444440000172, 105.82229444400002 -1.6076277779999941, 105.82027777799999 -1.6076277779999941, 105.82027777799999 -1.5963027779999948, 105.81858333299999 -1.5963027779999948, 105.81858333299999 -1.5893277779999835, 105.81503333299997 -1.5893277779999835, 105.81503333299997 -1.5964722219999885, 105.794930556 -1.5964722219999885, 105.794930556 -1.590033333000008, 105.79191111099999 -1.590033333000008, 105.79191111099999 -1.5843750000000227, 105.78601944399998 -1.5843750000000227, 105.78601944399998 -1.5718722220000245, 105.79000555599998 -1.5718722220000245, 105.79000555599998 -1.565719444000024, 105.78735277800001 -1.565719444000024, 105.78735277800001 -1.5603277779999871, 105.796386111 -1.5603277779999871, 105.796386111 -1.5494416669999964, 105.79504166700002 -1.5494416669999964, 105.79504166700002 -1.545063889000005, 105.79346666700002 -1.545063889000005, 105.79346666700002 -1.5413833329999989, 105.78812499999998 -1.5413833329999989, 105.78812499999998 -1.5408805559999905, 105.78535833299998 -1.5408805559999905, 105.78535833299998 -1.541294444000016, 105.78187500000001 -1.541294444000016), (105.82019444399998 -1.663983332999976, 105.82019444399998 -1.6645083330000148, 105.81958333300003 -1.6645083330000148, 105.81958333300003 -1.663983332999976, 105.82019444399998 -1.663983332999976))",AKTIF
5006,SUMATERA,MENTERI,19,KEPULAUAN BANGKA BELITUNG,06,KABUPATEN BELITUNG TIMUR,IUP,PT,PT TIMAH TBK,3119062112014078,81201098819560106                                                                                   ,2024-09-12,2035-07-20,OPERASI PRODUKSI,5915.0,TIMAH,2,11,CNC-17,,,MANGGAR,"POLYGON ((108.183030556 -2.746388889000002, 108.16338888899998 -2.746388889000002, 108.16338888899998 -2.760027777999994, 108.16561111099998 -2.760027777999994, 108.16561111099998 -2.7663333329999773, 108.18288888900003 -2.7663333329999773, 108.18288888900003 -2.779527777999988, 108.19244444399999 -2.779527777999988, 108.19244444399999 -2.789583332999996, 108.20094444400002 -2.789583332999996, 108.20094444400002 -2.8224444439999843, 108.20988888900001 -2.8224444439999843, 108.20988888900001 -2.8387500000000045, 108.25599999999997 -2.8387500000000045, 108.25599999999997 -2.848666666999975, 108.270416667 -2.848666666999975, 108.270416667 -2.837483333000023, 108.26794444400002 -2.837483333000023, 108.26794444400002 -2.836888889000022, 108.26675 -2.836888889000022, 108.26675 -2.8084166670000172, 108.26511111100001 -2.8084166670000172, 108.26511111100001 -2.796416667000017, 108.26016666700002 -2.796416667000017, 108.26016666700002 -2.7880944440000235, 108.25839444399998 -2.7880944440000235, 108.25839444399998 -2.786350000000027, 108.25729999999999 -2.786350000000027, 108.25729999999999 -2.783252778000019, 108.25609166700002 -2.783252778000019, 108.25609166700002 -2.779844443999991, 108.254761111 -2.779844443999991, 108.254761111 -2.7766166669999848, 108.25374166699999 -2.7766166669999848, 108.25374166699999 -2.7736222219999718, 108.25268888900001 -2.7736222219999718, 108.25268888900001 -2.7709055560000024, 108.25193888899997 -2.7709055560000024, 108.25193888899997 -2.7681388889999994, 108.24433333299999 -2.7681388889999994, 108.24433333299999 -2.7608888890000003, 108.241744444 -2.7608888890000003, 108.241744444 -2.761811110999986, 108.24080277799999 -2.761811110999986, 108.24080277799999 -2.7627083329999778, 108.23995555599998 -2.7627083329999778, 108.23995555599998 -2.7632750000000215, 108.23898888899998 -2.7632750000000215, 108.23898888899998 -2.763580556000022, 108.23809444400001 -2.763580556000022, 108.23809444400001 -2.7639750000000163, 108.23682500000001 -2.7639750000000163, 108.23682500000001 -2.764302778000001, 108.235922222 -2.764302778000001, 108.235922222 -2.764483332999987, 108.23552222199999 -2.764483332999987, 108.23552222199999 -2.7647194439999794, 108.23353611099998 -2.7647194439999794, 108.23353611099998 -2.764961110999991, 108.23311666699999 -2.764961110999991, 108.23311666699999 -2.765927777999991, 108.23187222199999 -2.765927777999991, 108.23187222199999 -2.7664666669999747, 108.23085833300001 -2.7664666669999747, 108.23085833300001 -2.766766667000013, 108.22902499999998 -2.766766667000013, 108.22902499999998 -2.7669916670000134, 108.22852222199998 -2.7669916670000134, 108.22852222199998 -2.7680805559999726, 108.22676944400001 -2.7680805559999726, 108.22676944400001 -2.7685277780000206, 108.22544166699998 -2.7685277780000206, 108.22544166699998 -2.767469444000028, 108.22264444400003 -2.767469444000028, 108.22264444400003 -2.7672638889999917, 108.21769444400002 -2.7672638889999917, 108.21769444400002 -2.7667305560000273, 108.216725 -2.7667305560000273, 108.216725 -2.766288889000009, 108.21593611100002 -2.766288889000009, 108.21593611100002 -2.7657916669999736, 108.215375 -2.7657916669999736, 108.215375 -2.7653722219999963, 108.21461111100001 -2.7653722219999963, 108.21461111100001 -2.7647722219999764, 108.213830556 -2.7647722219999764, 108.213830556 -2.763872221999975, 108.213008333 -2.763872221999975, 108.213008333 -2.7633861109999884, 108.21251111100003 -2.7633861109999884, 108.21251111100003 -2.7625249999999824, 108.212372222 -2.7625249999999824, 108.212372222 -2.7614638890000265, 108.21133333300003 -2.7614638890000265, 108.21133333300003 -2.7605666669999778, 108.20981388899997 -2.7605666669999778, 108.20981388899997 -2.759602777999987, 108.20948611099999 -2.759602777999987, 108.20948611099999 -2.759119444000021, 108.20911111100003 -2.759119444000021, 108.20911111100003 -2.758666667, 108.208336111 -2.758666667, 108.208336111 -2.758188888999996, 108.20499444400002 -2.758188888999996, 108.20499444400002 -2.7580611110000177, 108.202633333 -2.7580611110000177, 108.202633333 -2.7575027780000028, 108.19978055600001 -2.7575027780000028, 108.19978055600001 -2.7565138890000185, 108.195769444 -2.7565138890000185, 108.195769444 -2.7556999999999903, 108.19437499999998 -2.7556999999999903, 108.19437499999998 -2.7552388889999975, 108.19278888899998 -2.7552388889999975, 108.19278888899998 -2.7547888889999967, 108.19171666699998 -2.7547888889999967, 108.19171666699998 -2.75453055600002, 108.19016111100001 -2.75453055600002, 108.19016111100001 -2.7548555559999954, 108.18789166699997 -2.7548555559999954, 108.18789166699997 -2.7546083330000215, 108.18679444399999 -2.7546083330000215, 108.18679444399999 -2.7541583330000208, 108.186216667 -2.7541583330000208, 108.186216667 -2.7537361110000234, 108.186069444 -2.7537361110000234, 108.186069444 -2.7531833329999813, 108.18543333299999 -2.7531833329999813, 108.18543333299999 -2.7525416670000027, 108.18518055599998 -2.7525416670000027, 108.18518055599998 -2.7517194440000026, 108.18459722199998 -2.7517194440000026, 108.18459722199998 -2.7510916670000256, 108.18425555599998 -2.7510916670000256, 108.18425555599998 -2.750466667000012, 108.18389166700001 -2.750466667000012, 108.18389166700001 -2.749947222000003, 108.183386111 -2.749947222000003, 108.183386111 -2.7494194440000115, 108.18319722199999 -2.7494194440000115, 108.18319722199999 -2.747302778000005, 108.183030556 -2.747302778000005, 108.183030556 -2.746388889000002), (108.20819444400001 -2.779694443999972, 108.21786111099999 -2.779694443999972, 108.21786111099999 -2.793416666999974, 108.22392500000001 -2.793416666999974, 108.22392500000001 -2.791499999999985, 108.22679166699999 -2.791499999999985, 108.22679166699999 -2.7895638890000214, 108.23032222199998 -2.7895638890000214, 108.23032222199998 -2.7929888890000143, 108.23183888900002 -2.7929888890000143, 108.23183888900002 -2.801430556000014, 108.23328333299997 -2.801430556000014, 108.23328333299997 -2.8026611110000204, 108.23693333300002 -2.8026611110000204, 108.23693333300002 -2.805044443999975, 108.23925555599999 -2.805044443999975, 108.23925555599999 -2.8109999999999786, 108.23751944399999 -2.8109999999999786, 108.23751944399999 -2.814613888999986, 108.239269444 -2.814613888999986, 108.239269444 -2.81663611099998, 108.23074166700002 -2.81663611099998, 108.23074166700002 -2.8077027780000208, 108.22580555600001 -2.8077027780000208, 108.22580555600001 -2.8172777780000047, 108.21600000000001 -2.8172777780000047, 108.21600000000001 -2.8026944439999966, 108.20822222200002 -2.8026944439999966, 108.20822222200002 -2.789583332999996, 108.20819444400001 -2.789583332999996, 108.20819444400001 -2.779694443999972))",AKTIF
5012,SUMATERA,MENTERI,19,KEPULAUAN BANGKA BELITUNG,06,KABUPATEN BELITUNG TIMUR,IUP,PT,PT TIMAH TBK,3119062112014082,81201098819560157                                                                                   ,2024-09-12,2035-07-21,OPERASI PRODUKSI,6408.0,TIMAH,2,11,CNC-17,,,MANGGAR,"POLYGON ((108.068916667 -2.854972222000015, 108.068916667 -2.858555555999999, 108.065713889 -2.858555555999999, 108.065713889 -2.8593888890000017, 108.06543333299999 -2.8593888890000017, 108.06543333299999 -2.8598388890000024, 108.06465555599999 -2.8598388890000024, 108.06465555599999 -2.860616666999988, 108.06374444400001 -2.860616666999988, 108.06374444400001 -2.8618305559999726, 108.06298055600001 -2.8618305559999726, 108.06298055600001 -2.8630111109999916, 108.06121388899999 -2.8630111109999916, 108.06121388899999 -2.864347221999992, 108.05962777799999 -2.864347221999992, 108.05962777799999 -2.8649222220000183, 108.05863055600003 -2.8649222220000183, 108.05863055600003 -2.865488889000005, 108.05848333300003 -2.865488889000005, 108.05848333300003 -2.8660694440000043, 108.05613333299999 -2.8660694440000043, 108.05613333299999 -2.8658361110000214, 108.05488333300002 -2.8658361110000214, 108.05488333300002 -2.865483332999986, 108.05273055599997 -2.865483332999986, 108.05273055599997 -2.86479166700002, 108.05174444400001 -2.86479166700002, 108.05174444400001 -2.864336111, 108.05091666700002 -2.864336111, 108.05091666700002 -2.876694444000009, 108.05787500000002 -2.876694444000009, 108.05787500000002 -2.872880555999984, 108.06130555599998 -2.872880555999984, 108.06130555599998 -2.872397222000018, 108.06901944399999 -2.872397222000018, 108.06901944399999 -2.870702778000009, 108.07490555599998 -2.870702778000009, 108.07490555599998 -2.86484999999999, 108.07679722199998 -2.86484999999999, 108.07679722199998 -2.8719222220000233, 108.08394166699998 -2.8719222220000233, 108.08394166699998 -2.873944444000017, 108.06433333299998 -2.873944444000017, 108.06433333299998 -2.9254999999999995, 108.07161111099998 -2.9254999999999995, 108.07161111099998 -2.9340277779999724, 108.045472222 -2.9340277779999724, 108.045472222 -2.9561111109999842, 108.06097222199998 -2.9561111109999842, 108.06097222199998 -2.941361110999992, 108.09502777799997 -2.941361110999992, 108.09502777799997 -2.9345555560000207, 108.105805556 -2.9345555560000207, 108.105805556 -2.9291388890000007, 108.12827777799998 -2.9291388890000007, 108.12827777799998 -2.935833333000005, 108.173277778 -2.935833333000005, 108.173277778 -2.918222221999997, 108.15133333300003 -2.918222221999997, 108.15133333300003 -2.90300000000002, 108.14180555600001 -2.90300000000002, 108.14180555600001 -2.865391666999983, 108.12558333300001 -2.865391666999983, 108.12558333300001 -2.8667222220000212, 108.12063888900002 -2.8667222220000212, 108.12063888900002 -2.8834444440000198, 108.13661111099998 -2.8834444440000198, 108.13661111099998 -2.9101388889999953, 108.145333333 -2.9101388889999953, 108.145333333 -2.9254999999999995, 108.13369444400001 -2.9254999999999995, 108.13369444400001 -2.9218888890000017, 108.12738888899997 -2.9218888890000017, 108.12738888899997 -2.918916667000019, 108.08330555600003 -2.918916667000019, 108.08330555600003 -2.896611111000027, 108.10897222199998 -2.896611111000027, 108.10897222199998 -2.8753055560000007, 108.09816666699999 -2.8753055560000007, 108.09816666699999 -2.8558888890000276, 108.11841666700002 -2.8558888890000276, 108.11841666700002 -2.846388889000025, 108.13463888899997 -2.846388889000025, 108.13463888899997 -2.8379305560000034, 108.13380277800002 -2.8379305560000034, 108.13380277800002 -2.8376833329999727, 108.13247777800001 -2.8376833329999727, 108.13247777800001 -2.8383027780000134, 108.13209444400002 -2.8383027780000134, 108.13209444400002 -2.839125000000024, 108.13177777800001 -2.839125000000024, 108.13177777800001 -2.8401694440000256, 108.13121666699999 -2.8401694440000256, 108.13121666699999 -2.840530555999976, 108.12586666700003 -2.840530555999976, 108.12586666700003 -2.842586111000003, 108.12545555600002 -2.842586111000003, 108.12545555600002 -2.8429722220000144, 108.124430556 -2.8429722220000144, 108.124430556 -2.84375, 108.12236111099998 -2.84375, 108.12236111099998 -2.843225000000018, 108.12175000000002 -2.843225000000018, 108.12175000000002 -2.842758333000006, 108.12122222199997 -2.842758333000006, 108.12122222199997 -2.84235277800002, 108.12101111099997 -2.84235277800002, 108.12101111099997 -2.841338888999985, 108.12057499999997 -2.841338888999985, 108.12057499999997 -2.8411916669999755, 108.11993055599999 -2.8411916669999755, 108.11993055599999 -2.840961111000013, 108.11945277799998 -2.840961111000013, 108.11945277799998 -2.8407583329999966, 108.11899166699999 -2.8407583329999966, 108.11899166699999 -2.8410166670000194, 108.11869999999999 -2.8410166670000194, 108.11869999999999 -2.8412722219999864, 108.11841388900001 -2.8412722219999864, 108.11841388900001 -2.841397222000012, 108.117894444 -2.841397222000012, 108.117894444 -2.84152499999999, 108.11735833300003 -2.84152499999999, 108.11735833300003 -2.841763888999992, 108.11671944400001 -2.841763888999992, 108.11671944400001 -2.842172221999988, 108.11643055600001 -2.842172221999988, 108.11643055600001 -2.842724999999973, 108.11661944399998 -2.842724999999973, 108.11661944399998 -2.8432055559999867, 108.11684722199999 -2.8432055559999867, 108.11684722199999 -2.844727777999992, 108.116611111 -2.844727777999992, 108.116611111 -2.8454944439999963, 108.11613888900001 -2.8454944439999963, 108.11613888900001 -2.845963889000018, 108.11525555600002 -2.845963889000018, 108.11525555600002 -2.8464666670000156, 108.11425277799998 -2.8464666670000156, 108.11425277799998 -2.8465777779999826, 108.112469444 -2.8465777779999826, 108.112469444 -2.8469388890000005, 108.11183888900001 -2.8469388890000005, 108.11183888900001 -2.847361110999998, 108.110897222 -2.847361110999998, 108.110897222 -2.847563889000014, 108.10930277800003 -2.847563889000014, 108.10930277800003 -2.8479750000000195, 108.108833333 -2.8479750000000195, 108.108833333 -2.848461111000006, 108.10828055600001 -2.848461111000006, 108.10828055600001 -2.848763888999997, 108.10747222200001 -2.848763888999997, 108.10747222200001 -2.848991667000007, 108.10685833299999 -2.848991667000007, 108.10685833299999 -2.8491083330000038, 108.10640833299999 -2.8491083330000038, 108.10640833299999 -2.8487250000000017, 108.10633611100002 -2.8487250000000017, 108.10633611100002 -2.8483361109999805, 108.106238889 -2.8483361109999805, 108.106238889 -2.8477944439999874, 108.10611666699998 -2.8477944439999874, 108.10611666699998 -2.8471583329999817, 108.10543888900003 -2.8471583329999817, 108.10543888900003 -2.8474222219999774, 108.10478888900002 -2.8474222219999774, 108.10478888900002 -2.8477472220000095, 108.10353611099998 -2.8477472220000095, 108.10353611099998 -2.8485638889999905, 108.10199999999998 -2.8485638889999905, 108.10199999999998 -2.8493277779999744, 108.10035833299997 -2.8493277779999744, 108.10035833299997 -2.8498500000000035, 108.098977778 -2.8498500000000035, 108.098977778 -2.8505083329999934, 108.09744444400002 -2.8505083329999934, 108.09744444400002 -2.8508583330000192, 108.09583055600001 -2.8508583330000192, 108.09583055600001 -2.8512000000000057, 108.09488055600002 -2.8512000000000057, 108.09488055600002 -2.8515083330000266, 108.093725 -2.8515083330000266, 108.093725 -2.851305556, 108.09237777800001 -2.851305556, 108.09237777800001 -2.8508222219999766, 108.09097500000001 -2.8508222219999766, 108.09097500000001 -2.8503499999999917, 108.090069444 -2.8503499999999917, 108.090069444 -2.849747222000019, 108.08904999999999 -2.849747222000019, 108.08904999999999 -2.8491166669999757, 108.08747222199997 -2.8491166669999757, 108.08747222199997 -2.848583333000022, 108.08052222200001 -2.848583333000022, 108.08052222200001 -2.849416667000014, 108.080136111 -2.849416667000014, 108.080136111 -2.8514527780000094, 108.079952778 -2.8514527780000094, 108.079952778 -2.8527500000000146, 108.07863888899999 -2.8527500000000146, 108.07863888899999 -2.852555556000027, 108.07791666700001 -2.852555556000027, 108.07791666700001 -2.854972222000015, 108.068916667 -2.854972222000015))",AKTIF
5013,SUMATERA,MENTERI,19,KEPULAUAN BANGKA BELITUNG,06,KABUPATEN BELITUNG TIMUR,IUP,PT,PT TIMAH TBK,3119062112014119,81201098819560160                                                                                   ,2025-05-22,2035-07-21,OPERASI PRODUKSI,7285.0,TIMAH,2,11,CNC-14,,,LENGGANG,"POLYGON ((108.024305556 -3.0881861110000273, 108.024305556 -3.05925000000002, 108.04374999999999 -3.05925000000002, 108.04374999999999 -3.0565277779999747, 108.05091666700002 -3.0565277779999747, 108.05091666700002 -3.0475833329999773, 108.06216666699999 -3.0475833329999773, 108.06216666699999 -3.038972221999984, 108.03113888899998 -3.038972221999984, 108.03113888899998 -3.02583333299998, 108.01133333299998 -3.02583333299998, 108.01133333299998 -3.0321944440000266, 108.008611111 -3.0321944440000266, 108.008611111 -3.0408055560000093, 108.02030555599998 -3.0408055560000093, 108.02030555599998 -3.0475833329999773, 108.037388889 -3.0475833329999773, 108.037388889 -3.0556666670000254, 108.016722222 -3.0556666670000254, 108.016722222 -3.067444443999989, 108.01122222200001 -3.067444443999989, 108.01122222200001 -3.1045277779999765, 107.999166667 -3.1045277779999765, 107.999166667 -3.092777778000027, 107.99602777799998 -3.092777778000027, 107.99602777799998 -3.079194443999995, 107.98702777800003 -3.079194443999995, 107.98702777800003 -3.086861111000019, 107.96994444400002 -3.086861111000019, 107.96994444400002 -3.078277777999972, 107.956444444 -3.078277777999972, 107.956444444 -3.0891388890000258, 107.94475 -3.0891388890000258, 107.94475 -3.0688055559999725, 107.936638889 -3.0688055559999725, 107.936638889 -3.0787500000000136, 107.93186111099999 -3.0787500000000136, 107.93186111099999 -3.111805555999979, 107.96219166700001 -3.111805555999979, 107.96219166700001 -3.108263889, 107.96878055600001 -3.108263889, 107.96878055600001 -3.1055472219999842, 107.97451944400001 -3.1055472219999842, 107.97451944400001 -3.1038222220000193, 107.981211111 -3.1038222220000193, 107.981211111 -3.1021499999999946, 107.98759444400002 -3.1021499999999946, 107.98759444400002 -3.0997750000000224, 107.99001944399998 -3.0997750000000224, 107.99001944399998 -3.0962972219999756, 107.99308611100003 -3.0962972219999756, 107.99308611100003 -3.1029805559999772, 107.99041388900002 -3.1029805559999772, 107.99041388900002 -3.104658332999975, 107.98576111099999 -3.104658332999975, 107.98576111099999 -3.1062805560000015, 107.980830556 -3.1062805560000015, 107.980830556 -3.1077527780000196, 107.974636111 -3.1077527780000196, 107.974636111 -3.109608332999983, 107.97280555600003 -3.109608332999983, 107.97280555600003 -3.111805555999979, 108.02255555599999 -3.111805555999979, 108.02255555599999 -3.1212222219999717, 107.999138889 -3.1212222219999717, 107.999138889 -3.141194444000007, 107.99013888899998 -3.141194444000007, 107.99013888899998 -3.1547499999999786, 108.01716666700003 -3.1547499999999786, 108.01716666700003 -3.1461666669999886, 108.035166667 -3.1461666669999886, 108.035166667 -3.1262777779999738, 108.04372222199999 -3.1262777779999738, 108.04372222199999 -3.1195000000000164, 108.09588888899998 -3.1195000000000164, 108.09588888899998 -3.099527777999981, 108.067527778 -3.099527777999981, 108.067527778 -3.105000000000018, 108.05988888899998 -3.105000000000018, 108.05988888899998 -3.112722222000002, 108.03424999999999 -3.112722222000002, 108.03424999999999 -3.0881861110000273, 108.024305556 -3.0881861110000273))",AKTIF
5030,SUMATERA,MENTERI,19,KEPULAUAN BANGKA BELITUNG,05,KABUPATEN BANGKA BARAT,IUP,PT,PT TIMAH TBK,3119052112014077,81201098819560171                                                                                   ,2025-04-23,2035-07-20,OPERASI PRODUKSI,391.6,TIMAH,2,11,CNC-18,,,SIMPANG TERITIP,"POLYGON ((105.372366667 -1.884533332999979, 105.37120833300003 -1.884533332999979, 105.37120833300003 -1.8873472220000167, 105.36832222200002 -1.8873472220000167, 105.36832222200002 -1.8891416669999899, 105.364097222 -1.8891416669999899, 105.364097222 -1.8921222220000118, 105.362630556 -1.8921222220000118, 105.362630556 -1.8945222219999778, 105.368013889 -1.8945222219999778, 105.368013889 -1.8917305560000273, 105.37165555600001 -1.8917305560000273, 105.37165555600001 -1.9141138890000207, 105.36398888899998 -1.9141138890000207, 105.36398888899998 -1.917827778000003, 105.37566944399998 -1.917827778000003, 105.37566944399998 -1.9104916669999739, 105.37790277800002 -1.9104916669999739, 105.37790277800002 -1.9045277779999878, 105.37610277800002 -1.9045277779999878, 105.37610277800002 -1.8969472219999943, 105.377908333 -1.8969472219999943, 105.377908333 -1.8931611109999835, 105.38298611099998 -1.8931611109999835, 105.38298611099998 -1.8888611109999829, 105.37791944399999 -1.8888611109999829, 105.37791944399999 -1.8825166670000044, 105.37627777799997 -1.8825166670000044, 105.37627777799997 -1.8732555560000037, 105.372366667 -1.8732555560000037, 105.372366667 -1.884533332999979))",AKTIF
5031,SUMATERA,MENTERI,19,KEPULAUAN BANGKA BELITUNG,05,KABUPATEN BANGKA BARAT,IUP,PT,PT TIMAH TBK,3119052112014078,81201098819560208                                                                                   ,2025-06-13,2035-07-20,OPERASI PRODUKSI,2693.0,TIMAH,2,11,CNC-5,,,S. MENDUYUNG / KUNDI TIMUR KEC. SP. TERITIP,"POLYGON ((105.401766667 -2.009344444000021, 105.41895 -2.009344444000021, 105.41895 -2.011338889000001, 105.42781388899999 -2.011338889000001, 105.42781388899999 -2.016016666999974, 105.43187499999999 -2.016016666999974, 105.43187499999999 -2.019049999999993, 105.43582777799998 -2.019049999999993, 105.43582777799998 -2.028583332999972, 105.434377778 -2.028583332999972, 105.434377778 -2.0344611109999846, 105.43535555599999 -2.0344611109999846, 105.43535555599999 -2.080211110999983, 105.41935555600003 -2.080211110999983, 105.41935555600003 -2.069191666999984, 105.41424444400002 -2.069191666999984, 105.41424444400002 -2.0633638890000157, 105.411461111 -2.0633638890000157, 105.411461111 -2.0544472220000216, 105.408605556 -2.0544472220000216, 105.408605556 -2.048686110999995, 105.40502222200001 -2.048686110999995, 105.40502222200001 -2.0424444440000116, 105.40210277800003 -2.0424444440000116, 105.40210277800003 -2.0358944440000073, 105.39844722200002 -2.0358944440000073, 105.39844722200002 -2.027302777999978, 105.394436111 -2.027302777999978, 105.394436111 -2.025013888999979, 105.38870833300001 -2.025013888999979, 105.38870833300001 -2.012258332999977, 105.39127777800002 -2.012258332999977, 105.39127777800002 -2.0030805559999862, 105.39458611100002 -2.0030805559999862, 105.39458611100002 -1.9974305559999834, 105.39573888899997 -1.9974305559999834, 105.39573888899997 -1.9904416670000273, 105.39417777800003 -1.9904416670000273, 105.39417777800003 -1.9867416669999898, 105.392119444 -1.9867416669999898, 105.392119444 -1.9830249999999978, 105.387169444 -1.9830249999999978, 105.387169444 -1.9901666669999827, 105.38857777800001 -1.9901666669999827, 105.38857777800001 -1.999988889000008, 105.38675833299999 -1.999988889000008, 105.38675833299999 -2.0073222220000275, 105.384669444 -2.0073222220000275, 105.384669444 -2.011669444000006, 105.38266388900001 -2.011669444000006, 105.38266388900001 -2.0211027779999995, 105.38519444399998 -2.0211027779999995, 105.38519444399998 -2.02657499999998, 105.38841111099998 -2.02657499999998, 105.38841111099998 -2.032163889000003, 105.393377778 -2.032163889000003, 105.393377778 -2.0387138890000074, 105.39687222200001 -2.0387138890000074, 105.39687222200001 -2.0497555559999796, 105.39954722200002 -2.0497555559999796, 105.39954722200002 -2.0586472219999905, 105.40415555599998 -2.0586472219999905, 105.40415555599998 -2.0635333330000094, 105.40749722200002 -2.0635333330000094, 105.40749722200002 -2.0704055560000256, 105.41160277799997 -2.0704055560000256, 105.41160277799997 -2.0925027779999823, 105.45241388900001 -2.0925027779999823, 105.45241388900001 -2.0501111109999783, 105.444286111 -2.0501111109999783, 105.444286111 -2.044258333000016, 105.44156388900001 -2.044258333000016, 105.44156388900001 -2.0409555559999717, 105.44307500000002 -2.0409555559999717, 105.44307500000002 -2.034119443999998, 105.440938889 -2.034119443999998, 105.440938889 -2.0249305560000153, 105.44308055599998 -2.0249305560000153, 105.44308055599998 -2.016999999999996, 105.44028611099998 -2.016999999999996, 105.44028611099998 -2.011419444000012, 105.434563889 -2.011419444000012, 105.434563889 -2.005486110999982, 105.401766667 -2.005486110999982, 105.401766667 -2.009344444000021))",AKTIF
5032,SUMATERA,MENTERI,19,KEPULAUAN BANGKA BELITUNG,05,KABUPATEN BANGKA BARAT,IUP,PT,PT TIMAH TBK,3119052112014117,81201098819560225                                                                                   ,2025-07-01,2035-07-20,OPERASI PRODUKSI,4644.2,TIMAH,2,11,CNC-17,,,LAUT BENDUL / JUNGKU KEC. MUNTOK,"POLYGON ((105.26558888900001 -1.8975222220000205, 105.26558888900001 -1.895447221999973, 105.12493611100001 -1.895447221999973, 105.12493611100001 -1.9546472220000055, 105.139766667 -1.9546472220000055, 105.139766667 -1.9510833329999855, 105.14758888900002 -1.9510833329999855, 105.14758888900002 -1.9482722220000142, 105.15264722199998 -1.9482722220000142, 105.15264722199998 -1.9464138889999845, 105.15426111099998 -1.9464138889999845, 105.15426111099998 -1.9447222219999958, 105.155536111 -1.9447222219999958, 105.155536111 -1.9392833329999917, 105.15752500000002 -1.9392833329999917, 105.15752500000002 -1.9342750000000137, 105.15997777799998 -1.9342750000000137, 105.15997777799998 -1.9311611109999944, 105.16236944399998 -1.9311611109999944, 105.16236944399998 -1.9291749999999865, 105.16493611099997 -1.9291749999999865, 105.16493611099997 -1.9257222219999903, 105.179852778 -1.9257222219999903, 105.179852778 -1.922725000000014, 105.185647222 -1.922725000000014, 105.185647222 -1.9205333329999803, 105.189602778 -1.9205333329999803, 105.189602778 -1.9174416669999914, 105.21049166699999 -1.9174416669999914, 105.21049166699999 -1.9129444440000043, 105.22498611100002 -1.9129444440000043, 105.22498611100002 -1.9092527779999955, 105.23099444399998 -1.9092527779999955, 105.23099444399998 -1.9047277779999945, 105.23818055599997 -1.9047277779999945, 105.23818055599997 -1.9007972219999942, 105.243438889 -1.9007972219999942, 105.243438889 -1.899383333000003, 105.25111666700002 -1.899383333000003, 105.25111666700002 -1.898330556000019, 105.26175 -1.898330556000019, 105.26175 -1.8975222220000205, 105.26558888900001 -1.8975222220000205))",AKTIF
5105,SUMATERA,BUPATI,19,KEPULAUAN BANGKA BELITUNG,71,KOTA PANGKAL PINANG,IUP,PT,PT STANINDO INTI PERKASA,3119712332014001,181 TAHUN 2011,2011-04-19,2031-04-19,OPERASI PRODUKSI,238.84,TIMAH,2,11,CNC-1,,,,"POLYGON ((106.205388889 -2.0871666670000195, 106.205388889 -2.0976666669999986, 106.22397222199999 -2.0976666669999986, 106.22397222199999 -2.0871666670000195, 106.205388889 -2.0871666670000195))",AKTIF
5175,SUMATERA,MENTERI,19,KEPULAUAN BANGKA BELITUNG,03,KABUPATEN BANGKA SELATAN,IUP,PT,PT TIMAH TBK,3119032112014002,81201098819560150                                                                                   ,2025-04-22,2035-07-20,OPERASI PRODUKSI,979.7,TIMAH,2,11,CNC-14,,,"DESA GADUNG DAN TELADAN, KEC. TOBOALI","POLYGON ((106.44424166699997 -2.9807166670000242, 106.45458333300002 -2.9807166670000242, 106.45458333300002 -2.976647221999997, 106.45863333300002 -2.976647221999997, 106.45863333300002 -2.980711111000005, 106.47324444399999 -2.980711111000005, 106.47324444399999 -2.970991667000021, 106.46919722199999 -2.970991667000021, 106.46919722199999 -2.965116667000018, 106.46312222199998 -2.965116667000018, 106.46312222199998 -2.959916667000016, 106.46086944400002 -2.959916667000016, 106.46086944400002 -2.947038888999998, 106.441986111 -2.947038888999998, 106.441986111 -2.954044443999976, 106.44468611100001 -2.954044443999976, 106.44468611100001 -2.9585666670000137, 106.43974166700002 -2.9585666670000137, 106.43974166700002 -2.9707750000000033, 106.44424166699997 -2.9707750000000033, 106.44424166699997 -2.9807166670000242))",AKTIF
5283,SUMATERA,Menteri,19,KEPULAUAN BANGKA BELITUNG,01,KABUPATEN BANGKA,IUP,PT,PT ARTHA PERSADA SEJAHTERA,3119012112014050,05082200546920002,2026-03-06,2036-07-03,OPERASI PRODUKSI,325.0,TIMAH,2,11,CNC-14,,,"LAUT PENYUSUK, KEC. BELINYU","POLYGON ((105.66255000000001 -1.55331666699999, 105.67423611100003 -1.55331666699999, 105.67423611100003 -1.5379333330000122, 105.66973333300001 -1.5379333330000122, 105.66973333300001 -1.5261750000000234, 105.66255000000001 -1.5261750000000234, 105.66255000000001 -1.55331666699999))",AKTIF
5507,SUMATERA,MENTERI,19,KEPULAUAN BANGKA BELITUNG,05,KABUPATEN BANGKA BARAT,IUP,PT,PT TIMAH TBK,3119052112014007,81201098819560185                                                                                   ,2025-04-22,2035-07-20,OPERASI PRODUKSI,657.9,TIMAH,2,11,CNC-5,,,SIMPANG TERITIP,"POLYGON ((105.31066666700002 -1.8826333330000011, 105.31066666700002 -1.8897249999999985, 105.31824999999998 -1.8897249999999985, 105.31824999999998 -1.9087027780000199, 105.322105556 -1.9087027780000199, 105.322105556 -1.9158750000000282, 105.32572499999998 -1.9158750000000282, 105.32572499999998 -1.922486111000012, 105.329211111 -1.922486111000012, 105.329211111 -1.9269750000000272, 105.33342499999998 -1.9269750000000272, 105.33342499999998 -1.9309000000000083, 105.33575000000002 -1.9309000000000083, 105.33575000000002 -1.9349000000000274, 105.342030556 -1.9349000000000274, 105.342030556 -1.9309027780000179, 105.33886944400001 -1.9309027780000179, 105.33886944400001 -1.924699999999973, 105.33437777799998 -1.924699999999973, 105.33437777799998 -1.9176972220000152, 105.33043333299997 -1.9176972220000152, 105.33043333299997 -1.9131750000000238, 105.326669444 -1.9131750000000238, 105.326669444 -1.9038750000000277, 105.33043333299997 -1.9038750000000277, 105.33043333299997 -1.9072499999999764, 105.335347222 -1.9072499999999764, 105.335347222 -1.9096944440000243, 105.34453888899998 -1.9096944440000243, 105.34453888899998 -1.9051861109999777, 105.335930556 -1.9051861109999777, 105.335930556 -1.9009222220000197, 105.33002777799999 -1.9009222220000197, 105.33002777799999 -1.8969055559999788, 105.325822222 -1.8969055559999788, 105.325822222 -1.8897499999999923, 105.32219444399999 -1.8897499999999923, 105.32219444399999 -1.8791055560000132, 105.31528333300002 -1.8791055560000132, 105.31528333300002 -1.8826333330000011, 105.31066666700002 -1.8826333330000011))",AKTIF
5622,SUMATERA,MENTERI,19,KEPULAUAN BANGKA BELITUNG,01,KABUPATEN BANGKA,IUP,PT,PT TIMAH TBK,3119012112014232,81201098819560118                                                                                   ,2024-09-30,2037-08-17,OPERASI PRODUKSI,1266.0,TIMAH,2,11,CNC-2,,,SUNGAILIAT,"POLYGON ((106.14389166699999 -1.8633666669999798, 106.14199166700001 -1.8633666669999798, 106.14199166700001 -1.8600222219999978, 106.14156944400003 -1.8600222219999978, 106.14156944400003 -1.8596694440000192, 106.14128055600003 -1.8596694440000192, 106.14128055600003 -1.8594249999999874, 106.14100277799997 -1.8594249999999874, 106.14100277799997 -1.8591444439999805, 106.14063333299998 -1.8591444439999805, 106.14063333299998 -1.8590277779999838, 106.14026388899998 -1.8590277779999838, 106.14026388899998 -1.8585555559999989, 106.139752778 -1.8585555559999989, 106.139752778 -1.8582583329999807, 106.13940000000002 -1.8582583329999807, 106.13940000000002 -1.8578972220000196, 106.13895000000002 -1.8578972220000196, 106.13895000000002 -1.857500000000016, 106.13863611099998 -1.857500000000016, 106.13863611099998 -1.8571749999999838, 106.13831388900002 -1.8571749999999838, 106.13831388900002 -1.8569388889999914, 106.13759166699998 -1.8569388889999914, 106.13759166699998 -1.856113889000028, 106.128891667 -1.856113889000028, 106.128891667 -1.8577777780000133, 106.12805555599999 -1.8577777780000133, 106.12805555599999 -1.8591638890000013, 106.12527222199998 -1.8591638890000013, 106.12527222199998 -1.8633361110000237, 106.12668888899998 -1.8633361110000237, 106.12668888899998 -1.8689805559999968, 106.125280556 -1.8689805559999968, 106.125280556 -1.8717444440000008, 106.12722500000001 -1.8717444440000008, 106.12722500000001 -1.8741638889999876, 106.12083055599999 -1.8741638889999876, 106.12083055599999 -1.8761111110000002, 106.1175 -1.8761111110000002, 106.1175 -1.8958305560000213, 106.11611111100001 -1.8958305560000213, 106.11611111100001 -1.9044416670000146, 106.11500000000001 -1.9044416670000146, 106.11500000000001 -1.9075000000000273, 106.12972500000001 -1.9075000000000273, 106.12972500000001 -1.8799138890000222, 106.139194444 -1.8799138890000222, 106.139194444 -1.8838916670000003, 106.15550277800003 -1.8838916670000003, 106.15550277800003 -1.8856361109999966, 106.158497222 -1.8856361109999966, 106.158497222 -1.888605556000016, 106.16062777799999 -1.888605556000016, 106.16062777799999 -1.8952750000000265, 106.16333611099998 -1.8952750000000265, 106.16333611099998 -1.876944444000003, 106.15416388900002 -1.876944444000003, 106.15416388900002 -1.8741666669999972, 106.145838889 -1.8741666669999972, 106.145838889 -1.8719416669999873, 106.14389166699999 -1.8719416669999873, 106.14389166699999 -1.8633666669999798))",AKTIF
5781,SUMATERA,MENTERI,19,KEPULAUAN BANGKA BELITUNG,04,KABUPATEN BANGKA TENGAH,IUP,PT,PT TIMAH TBK,3119042112014022,81201098819560135                                                                                   ,2025-03-24,2035-07-21,OPERASI PRODUKSI,10960.0,TIMAH,2,11,CNC-1,,,LUBUK BESAR,"POLYGON ((106.51873055599998 -2.548097222000024, 106.51873055599998 -2.5474666669999806, 106.52592777799998 -2.5474666669999806, 106.52592777799998 -2.540077778000011, 106.52277222200001 -2.540077778000011, 106.52277222200001 -2.5321500000000015, 106.475605556 -2.5321500000000015, 106.475605556 -2.514163888999974, 106.472216667 -2.514163888999974, 106.472216667 -2.5103333330000055, 106.468208333 -2.5103333330000055, 106.468208333 -2.4950888889999874, 106.47064722200003 -2.4950888889999874, 106.47064722200003 -2.488852778000023, 106.463247222 -2.488852778000023, 106.463247222 -2.4828749999999786, 106.455877778 -2.4828749999999786, 106.455877778 -2.4783333330000232, 106.45071111099998 -2.4783333330000232, 106.45071111099998 -2.4753833330000248, 106.43905277800002 -2.4753833330000248, 106.43905277800002 -2.4792111109999837, 106.42424722200002 -2.4792111109999837, 106.42424722200002 -2.487438888999975, 106.422933333 -2.487438888999975, 106.422933333 -2.5150166669999976, 106.42026666700002 -2.5150166669999976, 106.42026666700002 -2.5215055560000224, 106.422511111 -2.5215055560000224, 106.422511111 -2.5218472220000194, 106.42449166699998 -2.5218472220000194, 106.42449166699998 -2.5234722220000094, 106.42508611099998 -2.5234722220000094, 106.42508611099998 -2.5246194439999954, 106.42565277800003 -2.5246194439999954, 106.42565277800003 -2.525741666999977, 106.42620833299998 -2.525741666999977, 106.42620833299998 -2.526724999999999, 106.426652778 -2.526724999999999, 106.426652778 -2.5274388889999955, 106.427086111 -2.5274388889999955, 106.427086111 -2.528208333000009, 106.42765277799998 -2.528208333000009, 106.42765277799998 -2.529211110999995, 106.42939999999999 -2.529211110999995, 106.42939999999999 -2.528686111000013, 106.43010833300002 -2.528686111000013, 106.43010833300002 -2.528205555999989, 106.43075555600001 -2.528205555999989, 106.43075555600001 -2.5276250000000005, 106.43135000000001 -2.5276250000000005, 106.43135000000001 -2.52702777799999, 106.43191388899999 -2.52702777799999, 106.43191388899999 -2.5265222219999828, 106.43284166699999 -2.5265222219999828, 106.43284166699999 -2.527622221999991, 106.433227778 -2.527622221999991, 106.433227778 -2.52865277799998, 106.43368055600001 -2.52865277799998, 106.43368055600001 -2.5298027779999757, 106.43415833300003 -2.5298027779999757, 106.43415833300003 -2.53190833299999, 106.43342222199999 -2.53190833299999, 106.43342222199999 -2.5325527780000243, 106.43290000000002 -2.5325527780000243, 106.43290000000002 -2.5334722220000003, 106.43177777800003 -2.5334722220000003, 106.43177777800003 -2.533730556000023, 106.43095 -2.533730556000023, 106.43095 -2.5344444439999734, 106.43016111100002 -2.5344444439999734, 106.43016111100002 -2.5376305560000105, 106.43376111100002 -2.5376305560000105, 106.43376111100002 -2.5520972219999862, 106.43017222200001 -2.5520972219999862, 106.43017222200001 -2.5586472219999905, 106.44634722199999 -2.5586472219999905, 106.44634722199999 -2.567908332999991, 106.44186111099998 -2.567908332999991, 106.44186111099998 -2.585550000000012, 106.425686111 -2.585550000000012, 106.425686111 -2.617433333000008, 106.486847222 -2.617433333000008, 106.486847222 -2.607983332999993, 106.49582777799998 -2.607983332999993, 106.49582777799998 -2.5943777780000232, 106.50370833300002 -2.5943777780000232, 106.50370833300002 -2.593174999999974, 106.50495833299999 -2.593174999999974, 106.50495833299999 -2.5910222219999923, 106.50695000000002 -2.5910222219999923, 106.50695000000002 -2.5884944439999913, 106.50983333300002 -2.5884944439999913, 106.50983333300002 -2.587380556000028, 106.51234166699999 -2.587380556000028, 106.51234166699999 -2.5657527779999896, 106.51873055599998 -2.5657527779999896, 106.51873055599998 -2.548097222000024), (106.51716944399999 -2.552099999999996, 106.51266944399998 -2.552099999999996, 106.51266944399998 -2.550602777999984, 106.50887222199998 -2.550602777999984, 106.50887222199998 -2.551791666999975, 106.48169999999999 -2.551791666999975, 106.48169999999999 -2.5490833329999987, 106.50400555599998 -2.5490833329999987, 106.50400555599998 -2.5474944439999945, 106.50462499999998 -2.5474944439999945, 106.50462499999998 -2.545675000000017, 106.50999166700001 -2.545675000000017, 106.50999166700001 -2.543352777999985, 106.51407222199998 -2.543352777999985, 106.51407222199998 -2.548097222000024, 106.51716944399999 -2.548097222000024, 106.51716944399999 -2.552099999999996))",AKTIF
5782,SUMATERA,MENTERI,19,KEPULAUAN BANGKA BELITUNG,01,KABUPATEN BANGKA,IUP,PT,PT TIMAH TBK,3119012112014144,81201098819560192                                                                                   ,2025-05-21,2035-07-20,OPERASI PRODUKSI,495.3,TIMAH,2,11,CNC-2,,,BELINYU,"POLYGON ((105.75680833299998 -1.5450611109999954, 105.74977777800001 -1.5450611109999954, 105.74977777800001 -1.5445527780000248, 105.74340555600003 -1.5445527780000248, 105.74340555600003 -1.5452527780000196, 105.74043055599998 -1.5452527780000196, 105.74043055599998 -1.5462916669999913, 105.73852777799999 -1.5462916669999913, 105.73852777799999 -1.5512749999999755, 105.74042500000002 -1.5512749999999755, 105.74042500000002 -1.5555694440000138, 105.74560000000002 -1.5555694440000138, 105.74560000000002 -1.546077777999983, 105.74829166699999 -1.546077777999983, 105.74829166699999 -1.5555722220000234, 105.75997222199999 -1.5555722220000234, 105.75997222199999 -1.5716249999999832, 105.766261111 -1.5716249999999832, 105.766261111 -1.5786361109999802, 105.77187777799998 -1.5786361109999802, 105.77187777799998 -1.5734333330000254, 105.76963611100001 -1.5734333330000254, 105.76963611100001 -1.5598666669999943, 105.765597222 -1.5598666669999943, 105.765597222 -1.5517249999999763, 105.76244722199999 -1.5517249999999763, 105.76244722199999 -1.5462999999999738, 105.75952222199999 -1.5462999999999738, 105.75952222199999 -1.5446527779999997, 105.75680833299998 -1.5446527779999997, 105.75680833299998 -1.5450611109999954))",AKTIF
5783,SUMATERA,MENTERI,19,KEPULAUAN BANGKA BELITUNG,01,KABUPATEN BANGKA,IUP,PT,PT TIMAH TBK,3119012112014233,81201098819560132                                                                                   ,2025-05-23,2035-07-20,OPERASI PRODUKSI,3529.0,TIMAH,2,11,CNC-2,,,BELINYU,"POLYGON ((105.81733333300002 -1.5406416669999885, 105.80668333300002 -1.5406416669999885, 105.80668333300002 -1.5410777779999876, 105.80182777800002 -1.5410777779999876, 105.80182777800002 -1.5459305559999734, 105.80346666700001 -1.5459305559999734, 105.80346666700001 -1.5550027780000164, 105.80098611099999 -1.5550027780000164, 105.80098611099999 -1.5613833329999807, 105.796344444 -1.5613833329999807, 105.796344444 -1.568783332999999, 105.799455556 -1.568783332999999, 105.799455556 -1.5724611109999955, 105.80510833300002 -1.5724611109999955, 105.80510833300002 -1.5663277780000158, 105.81004999999999 -1.5663277780000158, 105.81004999999999 -1.5718249999999898, 105.81819999999999 -1.5718249999999898, 105.81819999999999 -1.5751444439999887, 105.814377778 -1.5751444439999887, 105.814377778 -1.5803999999999974, 105.81909444399997 -1.5803999999999974, 105.81909444399997 -1.5892999999999802, 105.823561111 -1.5892999999999802, 105.823561111 -1.5797999999999774, 105.82818888899999 -1.5797999999999774, 105.82818888899999 -1.5870972220000112, 105.83274444400001 -1.5870972220000112, 105.83274444400001 -1.5792000000000144, 105.84113333300002 -1.5792000000000144, 105.84113333300002 -1.592422221999982, 105.835744444 -1.592422221999982, 105.835744444 -1.596044443999972, 105.82242500000001 -1.596044443999972, 105.82242500000001 -1.604622221999989, 105.83577777800002 -1.604622221999989, 105.83577777800002 -1.6107388890000038, 105.84346111100001 -1.6107388890000038, 105.84346111100001 -1.6026611109999749, 105.851211111 -1.6026611109999749, 105.851211111 -1.6114499999999907, 105.84826388900001 -1.6114499999999907, 105.84826388900001 -1.6183638890000225, 105.84513055600002 -1.6183638890000225, 105.84513055600002 -1.621430556000007, 105.85188333299999 -1.621430556000007, 105.85188333299999 -1.617050000000006, 105.85399999999998 -1.617050000000006, 105.85399999999998 -1.6147944439999833, 105.85806944400002 -1.6147944439999833, 105.85806944400002 -1.6323888890000262, 105.86620555600001 -1.6323888890000262, 105.86620555600001 -1.6202638890000003, 105.87068888900001 -1.6202638890000003, 105.87068888900001 -1.6241944440000111, 105.87716111100002 -1.6241944440000111, 105.87716111100002 -1.6175555560000134, 105.87328333300002 -1.6175555560000134, 105.87328333300002 -1.6154777780000131, 105.86547777800001 -1.6154777780000131, 105.86547777800001 -1.6112361109999824, 105.86252777800001 -1.6112361109999824, 105.86252777800001 -1.6032472219999931, 105.86175277799998 -1.6032472219999931, 105.86175277799998 -1.601205556000025, 105.86061111100003 -1.601205556000025, 105.86061111100003 -1.6000027779999755, 105.85938055600002 -1.6000027779999755, 105.85938055600002 -1.5990277779999928, 105.85783888899999 -1.5990277779999928, 105.85783888899999 -1.5927333330000124, 105.853433333 -1.5927333330000124, 105.853433333 -1.589369443999999, 105.850708333 -1.589369443999999, 105.850708333 -1.577588889000026, 105.853194444 -1.577588889000026, 105.853194444 -1.5748194440000134, 105.85795555599998 -1.5748194440000134, 105.85795555599998 -1.565616666999972, 105.86257222199998 -1.565616666999972, 105.86257222199998 -1.5508333330000141, 105.867986111 -1.5508333330000141, 105.867986111 -1.5418888890000062, 105.870977778 -1.5418888890000062, 105.870977778 -1.533877777999976, 105.87623888899998 -1.533877777999976, 105.87623888899998 -1.529916667000009, 105.87179166700002 -1.529916667000009, 105.87179166700002 -1.5257666670000276, 105.87215833300002 -1.5257666670000276, 105.87215833300002 -1.5234305559999939, 105.86740277799998 -1.5234305559999939, 105.86740277799998 -1.5281666669999936, 105.86435833299998 -1.5281666669999936, 105.86435833299998 -1.534255556000005, 105.861188889 -1.534255556000005, 105.861188889 -1.5433944440000005, 105.85486111099999 -1.5433944440000005, 105.85486111099999 -1.5484055559999774, 105.853555556 -1.5484055559999774, 105.853555556 -1.5652999999999793, 105.83342777799999 -1.5652999999999793, 105.83342777799999 -1.5426611109999726, 105.81733333300002 -1.5426611109999726, 105.81733333300002 -1.5406416669999885))",AKTIF
5784,SUMATERA,MENTERI,19,KEPULAUAN BANGKA BELITUNG,01,KABUPATEN BANGKA,IUP,PT,PT TIMAH TBK,3119012112014168,81201098819560142                                                                                   ,2024-08-12,2035-07-20,OPERASI PRODUKSI,558.0,TIMAH,2,11,CNC-2,,,MERAWANG,"POLYGON ((106.11484722199998 -1.9316916669999955, 106.10656666699998 -1.9316916669999955, 106.10656666699998 -1.9382388889999902, 106.09242499999999 -1.9382388889999902, 106.09242499999999 -1.9629333330000236, 106.09996666699999 -1.9629333330000236, 106.09996666699999 -1.9615555560000075, 106.106041667 -1.9615555560000075, 106.106041667 -1.9544972219999863, 106.107616667 -1.9544972219999863, 106.107616667 -1.943474999999978, 106.118041667 -1.943474999999978, 106.118041667 -1.9408222220000084, 106.11484722199998 -1.9408222220000084, 106.11484722199998 -1.9316916669999955))",AKTIF
5785,SUMATERA,MENTERI,19,KEPULAUAN BANGKA BELITUNG,01,KABUPATEN BANGKA,IUP,PT,PT TIMAH TBK,3119012112014234,81201098819560143                                                                                   ,2024-08-12,2035-07-20,OPERASI PRODUKSI,322.0,TIMAH,2,11,CNC-2,,,MERAWANG,"POLYGON ((106.07950555600002 -1.974136111000007, 106.07198888900001 -1.974136111000007, 106.07198888900001 -1.9847444440000004, 106.06586666700002 -1.9847444440000004, 106.06586666700002 -2.0036583329999758, 106.06769444399998 -2.0036583329999758, 106.06769444399998 -2.010213888999999, 106.07394166699999 -2.010213888999999, 106.07394166699999 -2.00481944400002, 106.07222777800001 -2.00481944400002, 106.07222777800001 -1.9888111110000182, 106.07645555599998 -1.9888111110000182, 106.07645555599998 -1.9864833330000238, 106.07950555600002 -1.9864833330000238, 106.07950555600002 -1.974136111000007))",AKTIF
5786,SUMATERA,MENTERI,19,KEPULAUAN BANGKA BELITUNG,01,KABUPATEN BANGKA,IUP,PT,PT TIMAH TBK,3119012112014235,81201098819560043                                                                                   ,2025-03-24,2035-07-20,OPERASI PRODUKSI,9919.0,TIMAH,2,11,CNC-2,,,SUNGAI LIAT,"POLYGON ((106.19318611099999 -1.8144111110000267, 106.121083333 -1.8144111110000267, 106.121083333 -1.830455556000004, 106.12569444399998 -1.830455556000004, 106.12569444399998 -1.8403111110000054, 106.13025833299997 -1.8403111110000054, 106.13025833299997 -1.8477777780000224, 106.13481111099998 -1.8477777780000224, 106.13481111099998 -1.853627777999975, 106.13761111100001 -1.853627777999975, 106.13761111100001 -1.8568194439999957, 106.14040833299998 -1.8568194439999957, 106.14040833299998 -1.8589333329999818, 106.145122222 -1.8589333329999818, 106.145122222 -1.8625694439999734, 106.148986111 -1.8625694439999734, 106.148986111 -1.8648888889999853, 106.15240555600002 -1.8648888889999853, 106.15240555600002 -1.8667555559999869, 106.16426388899998 -1.8667555559999869, 106.16426388899998 -1.870999999999981, 106.17239444400002 -1.870999999999981, 106.17239444400002 -1.877061110999989, 106.17668888899999 -1.877061110999989, 106.17668888899999 -1.8881999999999834, 106.18148611100003 -1.8881999999999834, 106.18148611100003 -1.891399999999976, 106.18635555600002 -1.891399999999976, 106.18635555600002 -1.9082944439999778, 106.18172222200002 -1.9082944439999778, 106.18172222200002 -1.911375000000021, 106.17649999999998 -1.911375000000021, 106.17649999999998 -1.9124777779999818, 106.17368055600002 -1.9124777779999818, 106.17368055600002 -1.9207416670000157, 106.166027778 -1.9207416670000157, 106.166027778 -1.9284277780000139, 106.15980000000002 -1.9284277780000139, 106.15980000000002 -1.9535833329999832, 106.15658888899998 -1.9535833329999832, 106.15658888899998 -1.9725166669999794, 106.15301111100001 -1.9725166669999794, 106.15301111100001 -2.009650000000022, 106.157455556 -2.009650000000022, 106.157455556 -2.0308277780000026, 106.19318611099999 -2.0308277780000026, 106.19318611099999 -1.8144111110000267))",AKTIF
5789,SUMATERA,MENTERI,19,KEPULAUAN BANGKA BELITUNG,01,KABUPATEN BANGKA,IUP,PT,PT TIMAH TBK,3119012112014236,81201098819560096                                                                                   ,2025-03-24,2035-07-20,OPERASI PRODUKSI,6839.0,TIMAH,2,11,CNC-2,,,RIAU SILIP,"POLYGON ((106.049294444 -1.6398666669999784, 106.02509444399999 -1.6398666669999784, 106.02509444399999 -1.671297222000021, 106.0326 -1.671297222000021, 106.0326 -1.6871333330000198, 106.03721111099998 -1.6871333330000198, 106.03721111099998 -1.6953972219999969, 106.047363889 -1.6953972219999969, 106.047363889 -1.704616666999982, 106.05676388900002 -1.704616666999982, 106.05676388900002 -1.7110916670000051, 106.06681111099999 -1.7110916670000051, 106.06681111099999 -1.735761110999988, 106.07253888899999 -1.735761110999988, 106.07253888899999 -1.7468749999999886, 106.07708333300002 -1.7468749999999886, 106.07708333300002 -1.7520111110000016, 106.08421666700002 -1.7520111110000016, 106.08421666700002 -1.756038889000024, 106.09416666700002 -1.756038889000024, 106.09416666700002 -1.7600083329999734, 106.0924 -1.7600083329999734, 106.0924 -1.7745777779999798, 106.09519444400001 -1.7745777779999798, 106.09519444400001 -1.7801055560000236, 106.09795000000003 -1.7801055560000236, 106.09795000000003 -1.7845722220000084, 106.10049444399999 -1.7845722220000084, 106.10049444399999 -1.7877361110000152, 106.103858333 -1.7877361110000152, 106.103858333 -1.789822221999998, 106.10697222200002 -1.789822221999998, 106.10697222200002 -1.792950000000019, 106.11108888899997 -1.792950000000019, 106.11108888899997 -1.7957999999999856, 106.11381666699998 -1.7957999999999856, 106.11381666699998 -1.7980805560000022, 106.11780555600001 -1.7980805560000022, 106.11780555600001 -1.7598722220000127, 106.095522222 -1.7598722220000127, 106.095522222 -1.6542833330000235, 106.049294444 -1.6542833330000235, 106.049294444 -1.6398666669999784))",AKTIF
5790,SUMATERA,MENTERI,19,KEPULAUAN BANGKA BELITUNG,01,KABUPATEN BANGKA,IUP,PT,PT TIMAH TBK,3119012112014169,81201098819560144                                                                                   ,2025-05-06,2035-07-20,OPERASI PRODUKSI,738.0,TIMAH,2,11,CNC-2,,,"DAERAH A.PUGUL/KAYU ARANG, KEC. BELINYU","POLYGON ((105.94586666700002 -1.7621111110000243, 105.94586666700002 -1.7790888889999792, 105.96673611099999 -1.7790888889999792, 105.96673611099999 -1.7863166669999941, 105.98509999999999 -1.7863166669999941, 105.98509999999999 -1.7698611110000115, 105.98031111099999 -1.7698611110000115, 105.98031111099999 -1.7581111110000052, 105.97490833299997 -1.7581111110000052, 105.97490833299997 -1.7714861110000015, 105.95541944399997 -1.7714861110000015, 105.95541944399997 -1.7621111110000243, 105.94586666700002 -1.7621111110000243))",AKTIF
5791,SUMATERA,MENTERI,19,KEPULAUAN BANGKA BELITUNG,01,KABUPATEN BANGKA,IUP,PT,PT TIMAH TBK,3119012112014237,81201098819560154                                                                                   ,2024-12-20,2035-07-20,OPERASI PRODUKSI,385.7,TIMAH,2,11,CNC-2,,,BELINYU,"POLYGON ((105.75650277800003 -1.6073388890000047, 105.75650277800003 -1.6079166669999836, 105.756058333 -1.6079166669999836, 105.756058333 -1.608141666999984, 105.755516667 -1.608141666999984, 105.755516667 -1.6086500000000115, 105.754722222 -1.6086500000000115, 105.754722222 -1.6093388890000142, 105.75434722199998 -1.6093388890000142, 105.75434722199998 -1.6102277780000236, 105.75390833300003 -1.6102277780000236, 105.75390833300003 -1.6107999999999834, 105.75416666699999 -1.6107999999999834, 105.75416666699999 -1.6113777780000191, 105.75465277799998 -1.6113777780000191, 105.75465277799998 -1.6125388890000067, 105.754908333 -1.6125388890000067, 105.754908333 -1.6151666669999827, 105.75349166699999 -1.6151666669999827, 105.75349166699999 -1.6154694439999844, 105.75260555599999 -1.6154694439999844, 105.75260555599999 -1.6166972220000275, 105.75187499999998 -1.6166972220000275, 105.75187499999998 -1.6188722219999931, 105.75816666700001 -1.6188722219999931, 105.75816666700001 -1.6152611109999953, 105.76378333299999 -1.6152611109999953, 105.76378333299999 -1.6168388890000074, 105.77276666699998 -1.6168388890000074, 105.77276666699998 -1.629275000000007, 105.784227778 -1.629275000000007, 105.784227778 -1.6211333329999889, 105.780180556 -1.6211333329999889, 105.780180556 -1.6154861109999956, 105.78288333299997 -1.6154861109999956, 105.78288333299997 -1.6114166670000145, 105.777941667 -1.6114166670000145, 105.777941667 -1.6129944439999804, 105.77075000000002 -1.6129944439999804, 105.77075000000002 -1.6111833329999854, 105.76491388900001 -1.6111833329999854, 105.76491388900001 -1.6073388890000047, 105.75650277800003 -1.6073388890000047))",AKTIF
5792,SUMATERA,MENTERI,19,KEPULAUAN BANGKA BELITUNG,01,KABUPATEN BANGKA,IUP,PT,PT TIMAH TBK,3119012112014171,81201098819560176                                                                                   ,2024-08-28,2035-07-20,OPERASI PRODUKSI,207.0,TIMAH,2,11,CNC-2,,,SUNGAI LIAT,"POLYGON ((106.10473055599999 -1.9020555559999934, 106.09751111100002 -1.9020555559999934, 106.09751111100002 -1.9082166669999765, 106.095033333 -1.9082166669999765, 106.095033333 -1.9103555560000132, 106.09233888900002 -1.9103555560000132, 106.09233888900002 -1.9121999999999844, 106.089477778 -1.9121999999999844, 106.089477778 -1.9102944439999874, 106.08529166699998 -1.9102944439999874, 106.08529166699998 -1.9205861109999773, 106.09555833299999 -1.9205861109999773, 106.09555833299999 -1.9121888889999923, 106.09961944399998 -1.9121888889999923, 106.09961944399998 -1.9104388889999768, 106.10258333299998 -1.9104388889999768, 106.10258333299998 -1.908194444000003, 106.10473055599999 -1.908194444000003, 106.10473055599999 -1.9020555559999934))",AKTIF
5849,SUMATERA,MENTERI,19,KEPULAUAN BANGKA BELITUNG,05,KABUPATEN BANGKA BARAT,IUP,PT,PT TIMAH TBK,3119052112014079,81201098819560138                                                                                   ,2025-03-04,2035-07-20,OPERASI PRODUKSI,1419.0,TIMAH,2,11,CNC-3,,,MENTOK,"POLYGON ((105.20418055599998 -2.059894444000008, 105.20626666700002 -2.059894444000008, 105.20626666700002 -2.0604888889999984, 105.20892500000002 -2.0604888889999984, 105.20892500000002 -2.0587249999999813, 105.20976111099998 -2.0587249999999813, 105.20976111099998 -2.0579250000000116, 105.21216388900001 -2.0579250000000116, 105.21216388900001 -2.0552111110000055, 105.21916666700002 -2.0552111110000055, 105.21916666700002 -2.0537277779999954, 105.22955000000002 -2.0537277779999954, 105.22955000000002 -2.0630055560000073, 105.24369166700001 -2.0630055560000073, 105.24369166700001 -2.049133332999986, 105.24869999999999 -2.049133332999986, 105.24869999999999 -2.025841667000009, 105.239163889 -2.025841667000009, 105.239163889 -2.0264666670000224, 105.22100555600002 -2.0264666670000224, 105.22100555600002 -2.028647222000018, 105.22541666699999 -2.028647222000018, 105.22541666699999 -2.0481250000000273, 105.22053888900001 -2.0481250000000273, 105.22053888900001 -2.043330556000001, 105.21865000000003 -2.043330556000001, 105.21865000000003 -2.0320416669999872, 105.21673611099999 -2.0320416669999872, 105.21673611099999 -2.0282888890000095, 105.215180556 -2.0282888890000095, 105.215180556 -2.026549999999986, 105.20900277800001 -2.026549999999986, 105.20900277800001 -2.031472221999991, 105.21227222200002 -2.031472221999991, 105.21227222200002 -2.036508332999972, 105.21395000000001 -2.036508332999972, 105.21395000000001 -2.0440222220000237, 105.209038889 -2.0440222220000237, 105.209038889 -2.035419444000013, 105.20581388900001 -2.035419444000013, 105.20581388900001 -2.0297722220000196, 105.19934999999998 -2.0297722220000196, 105.19934999999998 -2.034522222000021, 105.202186111 -2.034522222000021, 105.202186111 -2.040149999999983, 105.205480556 -2.040149999999983, 105.205480556 -2.0479194440000015, 105.20761666700002 -2.0479194440000015, 105.20761666700002 -2.0566611109999826, 105.20418055599998 -2.0566611109999826, 105.20418055599998 -2.059894444000008))",AKTIF
6080,SUMATERA,GUBERNUR,19,KEPULAUAN BANGKA BELITUNG,02,KABUPATEN BELITUNG,IUP,PT,PT ANEKA KAOLIN UTAMA,3119024242014027,81203100827440001                                                                                   ,2024-07-16,2029-07-16,OPERASI PRODUKSI,66.0,KAOLIN,4,24,CNC-12,,,DESA PERAWAS KEC. TANJUNGPANDAN KABUPATEN BELITUNG,"POLYGON ((107.679335278 -2.7348891670000057, 107.679335278 -2.737222499999973, 107.67958527799999 -2.737222499999973, 107.67958527799999 -2.7378891669999916, 107.68000194400003 -2.7378891669999916, 107.68000194400003 -2.7384725000000003, 107.681001944 -2.7384725000000003, 107.681001944 -2.740000278000025, 107.68136305600001 -2.740000278000025, 107.68136305600001 -2.741111389000025, 107.68639083300002 -2.741111389000025, 107.68639083300002 -2.74158361100001, 107.69008527800003 -2.74158361100001, 107.69008527800003 -2.7418891670000107, 107.69100194399999 -2.7418891670000107, 107.69100194399999 -2.740250278000019, 107.69055750000001 -2.740250278000019, 107.69055750000001 -2.7376391669999975, 107.687724167 -2.7376391669999975, 107.687724167 -2.7380280560000188, 107.68536305600003 -2.7380280560000188, 107.68536305600003 -2.7383613889999765, 107.684113056 -2.7383613889999765, 107.684113056 -2.737222499999973, 107.68358527800001 -2.737222499999973, 107.68358527800001 -2.736139166999976, 107.68316861099999 -2.736139166999976, 107.68316861099999 -2.7348613890000024, 107.68261305599998 -2.7348613890000024, 107.68261305599998 -2.734222499999987, 107.68286305599997 -2.734222499999987, 107.68286305599997 -2.7338891669999725, 107.6838075 -2.7338891669999725, 107.6838075 -2.7334447220000015, 107.68455749999998 -2.7334447220000015, 107.68455749999998 -2.7330558329999803, 107.68539083299999 -2.7330558329999803, 107.68539083299999 -2.732861388999993, 107.685224167 -2.732861388999993, 107.685224167 -2.732139167000014, 107.684890833 -2.732139167000014, 107.684890833 -2.731583611000019, 107.68458527799999 -2.731583611000019, 107.68458527799999 -2.7312502780000045, 107.68427972199999 -2.7312502780000045, 107.68427972199999 -2.731694721999986, 107.68364083300003 -2.731694721999986, 107.68364083300003 -2.7321947219999743, 107.68291861099999 -2.7321947219999743, 107.68291861099999 -2.732666944000016, 107.68222416700002 -2.732666944000016, 107.68222416700002 -2.733250278000014, 107.68144638899997 -2.733250278000014, 107.68144638899997 -2.7337780560000056, 107.68066861099999 -2.7337780560000056, 107.68066861099999 -2.7343058330000076, 107.67994638900001 -2.7343058330000076, 107.67994638900001 -2.7348891670000057, 107.679335278 -2.7348891670000057))",AKTIF
6208,SUMATERA,MENTERI,19,KEPULAUAN BANGKA BELITUNG,04,KABUPATEN BANGKA TENGAH,IUP,PT,PT MITRA STANIA KEMINGKING,3119042112014040,91203120501780007                                                                                   ,2024-11-07,2035-01-13,OPERASI PRODUKSI,1206.4,TIMAH,2,11,CNC-1,,,KEC. SUNGAISELAN DAN KOBA,"MULTIPOLYGON (((106.18725863899999 -2.4670972220000067, 106.19787500000001 -2.4670972220000067, 106.19787500000001 -2.4727944439999874, 106.20902222199999 -2.4727944439999874, 106.20902222199999 -2.465988889000016, 106.22051666700003 -2.465988889000016, 106.22051666700003 -2.4501805560000207, 106.20073611100003 -2.4501805560000207, 106.20073611100003 -2.4547111109999946, 106.19624166699998 -2.4547111109999946, 106.19624166699998 -2.456975, 106.18725863899999 -2.456975, 106.18725863899999 -2.4670972220000067)), ((106.268180556 -2.453930555999989, 106.25740277800003 -2.453930555999989, 106.25740277800003 -2.4683916669999917, 106.26280555599999 -2.4683916669999917, 106.26280555599999 -2.475447222000014, 106.281675 -2.475447222000014, 106.281675 -2.458430555999996, 106.27717777800001 -2.458430555999996, 106.27717777800001 -2.456177777999983, 106.268180556 -2.456177777999983, 106.268180556 -2.453930555999989)))",AKTIF
6280,SUMATERA,GUBERNUR,19,KEPULAUAN BANGKA BELITUNG,00,4-12 MIL LAUT,IUP,PT,PT MITRA SUKSES GLOBALINDO,2119002112014198,188.44/052/DPE/2012,2012-01-20,2031-12-19,OPERASI PRODUKSI,1624.0,TIMAH DMP,2,11,CNC-1, ,BLOK SANGAU C.3.,NO.12 (4MIL-12MIL GARIS PANTAI) KEPULAUAN BANGKA BELITUNG (LAUT TANJUNG SANGAU),"POLYGON ((105.54500000000002 -1.4449999999999932, 105.54500000000002 -1.465832999999975, 105.60805599999998 -1.465832999999975, 105.60805599999998 -1.4449999999999932, 105.54500000000002 -1.4449999999999932))",AKTIF
6621,SUMATERA,MENTERI,19,KEPULAUAN BANGKA BELITUNG,03,KABUPATEN BANGKA SELATAN,IUP,PT,PT TIMAH TBK,3119032112014046,81201098819560134                                                                                   ,2025-05-26,2035-06-12,OPERASI PRODUKSI,749.7,TIMAH,2,11,CNC-18,,,"WIL. LAUT PERMIS, KEC. SIMPANG RIMBA","POLYGON ((105.85662500000001 -2.532880556000009, 105.85662500000001 -2.5509888889999957, 105.86680555599997 -2.5509888889999957, 105.86680555599997 -2.560024999999996, 105.87605277799997 -2.560024999999996, 105.87605277799997 -2.55828333300002, 105.882675 -2.55828333300002, 105.882675 -2.5341777780000143, 105.87757222200003 -2.5341777780000143, 105.87757222200003 -2.531630555999982, 105.86824722199998 -2.531630555999982, 105.86824722199998 -2.532880556000009, 105.85662500000001 -2.532880556000009))",AKTIF
6622,SUMATERA,MENTERI,19,KEPULAUAN BANGKA BELITUNG,03,KABUPATEN BANGKA SELATAN,IUP,PT,PT TIMAH TBK,3119032112014047,81201098819560136                                                                                   ,2025-05-27,2036-05-22,OPERASI PRODUKSI,1000.0,TIMAH,2,11,CNC-17,,,"WIL. LAUT PERMIS, KEC. SIMPANG RIMBA","POLYGON ((105.834738889 -2.539455556000007, 105.834738889 -2.5719611110000073, 105.87126388899998 -2.5719611110000073, 105.87126388899998 -2.5737472220000086, 105.88721666700002 -2.5737472220000086, 105.88721666700002 -2.56500833299998, 105.89249722199997 -2.56500833299998, 105.89249722199997 -2.55354722200002, 105.882675 -2.55354722200002, 105.882675 -2.55828333300002, 105.88613333299998 -2.55828333300002, 105.88613333299998 -2.565138889000025, 105.88467500000002 -2.565138889000025, 105.88467500000002 -2.573211110999978, 105.872538889 -2.573211110999978, 105.872538889 -2.5702361109999856, 105.86832222200002 -2.5702361109999856, 105.86832222200002 -2.5684888889999797, 105.864402778 -2.5684888889999797, 105.864402778 -2.5697000000000116, 105.85994166699999 -2.5697000000000116, 105.85994166699999 -2.566644444000019, 105.85049166699997 -2.566644444000019, 105.85049166699997 -2.5704166670000177, 105.84226666699999 -2.5704166670000177, 105.84226666699999 -2.5578666669999848, 105.85735 -2.5578666669999848, 105.85735 -2.5592555559999823, 105.86205555599997 -2.5592555559999823, 105.86205555599997 -2.560024999999996, 105.86680277800002 -2.560024999999996, 105.86680277800002 -2.5510138889999894, 105.85662500000001 -2.5510138889999894, 105.85662500000001 -2.539455556000007, 105.834738889 -2.539455556000007))",AKTIF
6623,SUMATERA,MENTERI,19,KEPULAUAN BANGKA BELITUNG,03,KABUPATEN BANGKA SELATAN,IUP,PT,PT TIMAH TBK,3119032112014008,81201098819560149                                                                                   ,2024-08-23,2035-07-20,OPERASI PRODUKSI,1307.0,TIMAH,2,11,CNC-14,,,AIR GEGAS,"POLYGON ((106.15393888900002 -2.7210416670000086, 106.15393888900002 -2.733302777999995, 106.16215 -2.733302777999995, 106.16215 -2.7243805560000283, 106.19496388900001 -2.7243805560000283, 106.19496388900001 -2.727561111, 106.20736388900002 -2.727561111, 106.20736388900002 -2.7215916669999842, 106.21679722200003 -2.7215916669999842, 106.21679722200003 -2.710513889000026, 106.21964444399998 -2.710513889000026, 106.21964444399998 -2.6936749999999847, 106.22231388900002 -2.6936749999999847, 106.22231388900002 -2.68239722200002, 106.23264444400002 -2.68239722200002, 106.23264444400002 -2.6781277779999755, 106.24178055599998 -2.6781277779999755, 106.24178055599998 -2.671524999999974, 106.24764166699998 -2.671524999999974, 106.24764166699998 -2.669788889000017, 106.25025833299998 -2.669788889000017, 106.25025833299998 -2.668322221999972, 106.25215555599999 -2.668322221999972, 106.25215555599999 -2.664938888999984, 106.25438611099997 -2.664938888999984, 106.25438611099997 -2.659705556000006, 106.250716667 -2.659705556000006, 106.250716667 -2.663530556000012, 106.24918888899998 -2.663530556000012, 106.24918888899998 -2.66565555599999, 106.247327778 -2.66565555599999, 106.247327778 -2.6668416670000283, 106.23702222200001 -2.6668416670000283, 106.23702222200001 -2.6705055560000233, 106.23061944400001 -2.6705055560000233, 106.23061944400001 -2.6727861109999935, 106.21726111100003 -2.6727861109999935, 106.21726111100003 -2.6923472220000235, 106.21558055600002 -2.6923472220000235, 106.21558055600002 -2.6968055560000153, 106.214197222 -2.6968055560000153, 106.214197222 -2.705622221999988, 106.20963888900002 -2.705622221999988, 106.20963888900002 -2.7140527779999957, 106.205663889 -2.7140527779999957, 106.205663889 -2.7189083330000017, 106.19809166700003 -2.7189083330000017, 106.19809166700003 -2.716419443999996, 106.16204166699998 -2.716419443999996, 106.16204166699998 -2.7210416670000086, 106.15393888900002 -2.7210416670000086))",AKTIF
6624,SUMATERA,MENTERI,19,KEPULAUAN BANGKA BELITUNG,05,KABUPATEN BANGKA BARAT,IUP,PT,PT TIMAH TBK,3119052112014012,81201098819560109                                                                                   ,2024-08-28,2035-07-20,OPERASI PRODUKSI,6898.0,TIMAH,2,11,CNC-2,,,JEBUS,"POLYGON ((105.44001944399997 -1.7370222220000073, 105.44715277799997 -1.7370222220000073, 105.44715277799997 -1.7340861110000105, 105.43962222200003 -1.7340861110000105, 105.43962222200003 -1.7292583330000184, 105.44218611100001 -1.7292583330000184, 105.44218611100001 -1.7250555559999725, 105.44914166699999 -1.7250555559999725, 105.44914166699999 -1.7217638889999876, 105.45438333300001 -1.7217638889999876, 105.45438333300001 -1.7164388890000168, 105.45283888900002 -1.7164388890000168, 105.45283888900002 -1.7146555560000252, 105.45626388900001 -1.7146555560000252, 105.45626388900001 -1.7088472219999744, 105.47292777799998 -1.7088472219999744, 105.47292777799998 -1.7046194440000022, 105.48674999999997 -1.7046194440000022, 105.48674999999997 -1.7001083330000029, 105.49011388899999 -1.7001083330000029, 105.49011388899999 -1.6914972220000095, 105.485261111 -1.6914972220000095, 105.485261111 -1.6951805560000253, 105.48446666699999 -1.6951805560000253, 105.48446666699999 -1.6983999999999924, 105.48065277799998 -1.6983999999999924, 105.48065277799998 -1.6839222219999783, 105.48792222200001 -1.6839222219999783, 105.48792222200001 -1.6862916669999777, 105.49466388899998 -1.6862916669999777, 105.49466388899998 -1.68425000000002, 105.49874444400001 -1.68425000000002, 105.49874444400001 -1.6817388889999734, 105.50505277799999 -1.6817388889999734, 105.50505277799999 -1.6786749999999984, 105.51264444399999 -1.6786749999999984, 105.51264444399999 -1.6874861109999983, 105.52377777800001 -1.6874861109999983, 105.52377777800001 -1.6852916670000013, 105.524636111 -1.6852916670000013, 105.524636111 -1.6796416669999985, 105.529144444 -1.6796416669999985, 105.529144444 -1.6722916670000245, 105.51710833300001 -1.6722916670000245, 105.51710833300001 -1.668299999999988, 105.50430277800001 -1.668299999999988, 105.50430277800001 -1.6650916670000129, 105.51640833300002 -1.6650916670000129, 105.51640833300002 -1.6614861109999879, 105.52245555600001 -1.6614861109999879, 105.52245555600001 -1.6650888890000033, 105.53075000000001 -1.6650888890000033, 105.53075000000001 -1.662149999999997, 105.53454166699998 -1.662149999999997, 105.53454166699998 -1.6680749999999875, 105.5394 -1.6680749999999875, 105.5394 -1.6800499999999943, 105.543263889 -1.6800499999999943, 105.543263889 -1.6841722219999724, 105.54562499999997 -1.6841722219999724, 105.54562499999997 -1.6893666670000016, 105.56129722200001 -1.6893666670000016, 105.56129722200001 -1.690708332999975, 105.56562777800002 -1.690708332999975, 105.56562777800002 -1.6963611109999874, 105.56925555599997 -1.6963611109999874, 105.56925555599997 -1.7002055560000144, 105.57410833300003 -1.7002055560000144, 105.57410833300003 -1.7076777780000043, 105.5906 -1.7076777780000043, 105.5906 -1.703463888999977, 105.59125833299998 -1.703463888999977, 105.59125833299998 -1.6972861109999826, 105.57643055599999 -1.6972861109999826, 105.57643055599999 -1.6876611110000113, 105.57168888899997 -1.6876611110000113, 105.57168888899997 -1.6844416669999873, 105.56602777799998 -1.6844416669999873, 105.56602777799998 -1.6806027779999795, 105.553186111 -1.6806027779999795, 105.553186111 -1.6775111110000012, 105.55043888900002 -1.6775111110000012, 105.55043888900002 -1.6716861109999854, 105.54619166700002 -1.6716861109999854, 105.54619166700002 -1.6604888890000211, 105.54450277799998 -1.6604888890000211, 105.54450277799998 -1.657100000000014, 105.55033611099998 -1.657100000000014, 105.55033611099998 -1.654386111000008, 105.55372499999999 -1.654386111000008, 105.55372499999999 -1.6469361110000023, 105.55815000000001 -1.6469361110000023, 105.55815000000001 -1.6338138890000096, 105.55422222200002 -1.6338138890000096, 105.55422222200002 -1.6405500000000188, 105.548169444 -1.6405500000000188, 105.548169444 -1.6501250000000027, 105.544177778 -1.6501250000000027, 105.544177778 -1.6541916670000205, 105.535033333 -1.6541916670000205, 105.535033333 -1.6459388889999786, 105.54160555599998 -1.6459388889999786, 105.54160555599998 -1.6336222219999854, 105.54679166699998 -1.6336222219999854, 105.54679166699998 -1.6292250000000195, 105.539916667 -1.6292250000000195, 105.539916667 -1.6310777780000194, 105.53676111099998 -1.6310777780000194, 105.53676111099998 -1.6350888889999737, 105.52438055599998 -1.6350888889999737, 105.52438055599998 -1.6305305559999965, 105.52206388899998 -1.6305305559999965, 105.52206388899998 -1.621530555999982, 105.51555000000002 -1.621530555999982, 105.51555000000002 -1.619555556000023, 105.50439444400001 -1.619555556000023, 105.50439444400001 -1.6262305559999959, 105.50869999999998 -1.6262305559999959, 105.50869999999998 -1.6309805559999973, 105.515280556 -1.6309805559999973, 105.515280556 -1.62833611100001, 105.51805555599998 -1.62833611100001, 105.51805555599998 -1.6319444439999984, 105.51676666700001 -1.6319444439999984, 105.51676666700001 -1.6363777779999964, 105.51241666700002 -1.6363777779999964, 105.51241666700002 -1.634783332999973, 105.51166666699999 -1.634783332999973, 105.51166666699999 -1.6334888889999775, 105.49084166699998 -1.6334888889999775, 105.49084166699998 -1.6307527779999873, 105.47751388900002 -1.6307527779999873, 105.47751388900002 -1.637777777999986, 105.47424999999998 -1.637777777999986, 105.47424999999998 -1.6431749999999852, 105.47224166699999 -1.6431749999999852, 105.47224166699999 -1.6553972219999764, 105.48682777800002 -1.6553972219999764, 105.48682777800002 -1.6568694439999945, 105.48003055599997 -1.6568694439999945, 105.48003055599997 -1.6607083330000023, 105.49193888899998 -1.6607083330000023, 105.49193888899998 -1.657275000000027, 105.49978333299998 -1.657275000000027, 105.49978333299998 -1.6618583329999979, 105.49766666699998 -1.6618583329999979, 105.49766666699998 -1.6656888890000232, 105.49163055600002 -1.6656888890000232, 105.49163055600002 -1.6676611109999726, 105.48902500000003 -1.6676611109999726, 105.48902500000003 -1.6662111109999955, 105.47715555600001 -1.6662111109999955, 105.47715555600001 -1.6855361109999762, 105.47554444399998 -1.6855361109999762, 105.47554444399998 -1.6955583330000081, 105.47129444400002 -1.6955583330000081, 105.47129444400002 -1.6993416669999988, 105.46809166700001 -1.6993416669999988, 105.46809166700001 -1.7030555559999812, 105.46206666699999 -1.7030555559999812, 105.46206666699999 -1.695152778000022, 105.465841667 -1.695152778000022, 105.465841667 -1.6909722220000276, 105.470019444 -1.6909722220000276, 105.470019444 -1.6830555559999993, 105.47378611099998 -1.6830555559999993, 105.47378611099998 -1.6583222219999811, 105.4699 -1.6583222219999811, 105.4699 -1.676680556000008, 105.46768611099998 -1.676680556000008, 105.46768611099998 -1.6583194440000284, 105.459091667 -1.6583194440000284, 105.459091667 -1.6613027779999925, 105.45715555599998 -1.6613027779999925, 105.45715555599998 -1.6762499999999818, 105.44954999999999 -1.6762499999999818, 105.44954999999999 -1.6830305560000056, 105.45235277799998 -1.6830305560000056, 105.45235277799998 -1.6866055560000177, 105.45640555599999 -1.6866055560000177, 105.45640555599999 -1.6936027780000131, 105.45289722199999 -1.6936027780000131, 105.45289722199999 -1.7012527780000255, 105.45080277800002 -1.7012527780000255, 105.45080277800002 -1.7053305559999785, 105.446855556 -1.7053305559999785, 105.446855556 -1.7105194439999991, 105.44253888899999 -1.7105194439999991, 105.44253888899999 -1.7174888889999806, 105.43687499999999 -1.7174888889999806, 105.43687499999999 -1.7211333330000116, 105.43438055600001 -1.7211333330000116, 105.43438055600001 -1.7242194440000276, 105.43261388899998 -1.7242194440000276, 105.43261388899998 -1.7265166669999985, 105.43037500000003 -1.7265166669999985, 105.43037500000003 -1.7231972220000102, 105.43166944400002 -1.7231972220000102, 105.43166944400002 -1.7211333330000116, 105.43234722199998 -1.7211333330000116, 105.43234722199998 -1.715797221999992, 105.43008055600001 -1.715797221999992, 105.43008055600001 -1.6939472220000198, 105.42779166700001 -1.6939472220000198, 105.42779166700001 -1.6880722220000166, 105.43141666700001 -1.6880722220000166, 105.43141666700001 -1.6773527779999995, 105.42583611100002 -1.6773527779999995, 105.42583611100002 -1.6840777780000167, 105.422075 -1.6840777780000167, 105.422075 -1.697463889000005, 105.42588888900002 -1.697463889000005, 105.42588888900002 -1.7079805559999954, 105.42263888899998 -1.7079805559999954, 105.42263888899998 -1.7229805559999818, 105.41860833300001 -1.7229805559999818, 105.41860833300001 -1.7303722220000282, 105.422788889 -1.7303722220000282, 105.422788889 -1.7316333329999907, 105.42504166700002 -1.7316333329999907, 105.42504166700002 -1.7323527780000063, 105.42951111100001 -1.7323527780000063, 105.42951111100001 -1.7350027780000232, 105.435647222 -1.7350027780000232, 105.435647222 -1.7364749999999844, 105.44001944399997 -1.7364749999999844, 105.44001944399997 -1.7370222220000073))",AKTIF
6658,SUMATERA,GUBERNUR,19,KEPULAUAN BANGKA BELITUNG,02,KABUPATEN BELITUNG,IUP,PT,PT GARUDA ARTHA RESOURCES,3119024242014029,188.4/078/ESDM/DPMPTSP/2020                                                                         ,2022-05-21,2027-05-21,OPERASI PRODUKSI,199.2,KAOLIN,4,24,CNC,,,"DESA AIR SERUK, KEC.SIJUK, KABUPATENBELITUNG","POLYGON ((107.70836111099999 -2.635499999999979, 107.69791666700002 -2.635499999999979, 107.69791666700002 -2.647222221999982, 107.69969444399999 -2.647222221999982, 107.69969444399999 -2.6499444440000275, 107.705916667 -2.6499444440000275, 107.705916667 -2.6512222220000012, 107.70836111099999 -2.6512222220000012, 107.70836111099999 -2.6418055560000084, 107.709555556 -2.6418055560000084, 107.709555556 -2.6413611109999806, 107.71019444400002 -2.6413611109999806, 107.71019444400002 -2.640666667000005, 107.71077777800002 -2.640666667000005, 107.71077777800002 -2.640083333000007, 107.71111111099998 -2.640083333000007, 107.71111111099998 -2.6367777780000097, 107.70836111099999 -2.6367777780000097, 107.70836111099999 -2.635499999999979))",AKTIF
6668,SUMATERA,MENTERI,19,KEPULAUAN BANGKA BELITUNG,05,KABUPATEN BANGKA BARAT,IUP,PT,PT TIMAH TBK,3119052112014091,81201098819560195                                                                                   ,2025-01-22,2035-07-20,OPERASI PRODUKSI,124.9,TIMAH,2,11,CNC-2,,,JEBUS,"POLYGON ((105.40033333299999 -1.6335527780000234, 105.40033333299999 -1.6365000000000123, 105.39861944400002 -1.6365000000000123, 105.39861944400002 -1.6393638889999806, 105.397255556 -1.6393638889999806, 105.397255556 -1.6428277780000258, 105.39574722200001 -1.6428277780000258, 105.39574722200001 -1.6455555559999766, 105.396658333 -1.6455555559999766, 105.396658333 -1.6513361109999778, 105.40236944399999 -1.6513361109999778, 105.40236944399999 -1.6419472219999989, 105.40006111100001 -1.6419472219999989, 105.40006111100001 -1.6382416669999884, 105.40751111100002 -1.6382416669999884, 105.40751111100002 -1.6335527780000234, 105.40033333299999 -1.6335527780000234))",AKTIF
6675,SUMATERA,Menteri,19,KEPULAUAN BANGKA BELITUNG,05,KABUPATEN BANGKA BARAT,IUP,PT,PT TIMAH TBK,3119052112014119,81201098819560123,2024-08-12,2035-07-20,OPERASI PRODUKSI,2567.7,TIMAH,2,11,CNC-2,,,JEBUS,"POLYGON ((105.52444722199999 -1.7687999999999988, 105.54028333299999 -1.7687999999999988, 105.54028333299999 -1.7661388889999898, 105.545513889 -1.7661388889999898, 105.545513889 -1.7630111110000257, 105.54881388899997 -1.7630111110000257, 105.54881388899997 -1.7564472220000198, 105.550683333 -1.7564472220000198, 105.550683333 -1.7429277780000234, 105.54820000000001 -1.7429277780000234, 105.54820000000001 -1.7396722220000242, 105.54598055600002 -1.7396722220000242, 105.54598055600002 -1.732283332999998, 105.549216667 -1.732283332999998, 105.549216667 -1.7266138890000207, 105.55509444400002 -1.7266138890000207, 105.55509444400002 -1.7322222220000185, 105.56942777799998 -1.7322222220000185, 105.56942777799998 -1.739272222000011, 105.58677222199998 -1.739272222000011, 105.58677222199998 -1.7474861110000006, 105.58305000000001 -1.7474861110000006, 105.58305000000001 -1.7520444439999778, 105.584252778 -1.7520444439999778, 105.584252778 -1.7557166670000015, 105.590138889 -1.7557166670000015, 105.590138889 -1.7526777780000202, 105.59463055600003 -1.7526777780000202, 105.59463055600003 -1.746955555999989, 105.592744444 -1.746955555999989, 105.592744444 -1.7306055560000004, 105.57690555599999 -1.7306055560000004, 105.57690555599999 -1.7172416669999961, 105.5684 -1.7172416669999961, 105.5684 -1.7055388890000245, 105.53956388900002 -1.7055388890000245, 105.53956388900002 -1.7209694439999907, 105.543288889 -1.7209694439999907, 105.543288889 -1.729797222000002, 105.54105833300002 -1.729797222000002, 105.54105833300002 -1.7308694440000068, 105.537138889 -1.7308694440000068, 105.537138889 -1.7335388889999876, 105.52678611099998 -1.7335388889999876, 105.52678611099998 -1.749750000000006, 105.52444722199999 -1.749750000000006, 105.52444722199999 -1.7612083330000132, 105.52444722199999 -1.7687999999999988))",AKTIF
6676,SUMATERA,MENTERI,19,KEPULAUAN BANGKA BELITUNG,05,KABUPATEN BANGKA BARAT,IUP,PT,PT TIMAH TBK,3119052112014120,81201098819560177                                                                                   ,2024-11-17,2035-07-20,OPERASI PRODUKSI,125.9,TIMAH,2,11,CNC-2,,,JEBUS,"POLYGON ((105.67565277800003 -1.676300000000026, 105.673463889 -1.676300000000026, 105.673463889 -1.6708027779999952, 105.67227777800002 -1.6708027779999952, 105.67227777800002 -1.6682250000000067, 105.667269444 -1.6682250000000067, 105.667269444 -1.6699472220000189, 105.66515277799999 -1.6699472220000189, 105.66515277799999 -1.6726888890000282, 105.66691111099999 -1.6726888890000282, 105.66691111099999 -1.67697777799998, 105.66890555600003 -1.67697777799998, 105.66890555600003 -1.6831805560000248, 105.67565277800003 -1.6831805560000248, 105.67565277800003 -1.676300000000026))",AKTIF
6679,SUMATERA,MENTERI,19,KEPULAUAN BANGKA BELITUNG,05,KABUPATEN BANGKA BARAT,IUP,PT,PT TIMAH TBK,3119052112014149,81201098819560186                                                                                   ,2025-04-23,2035-07-20,OPERASI PRODUKSI,1950.0,TIMAH,2,11,CNC-3,,,MUNTOK,"POLYGON ((105.21002222200002 -1.9294222220000279, 105.21002222200002 -1.9374611110000046, 105.21746111099998 -1.9374611110000046, 105.21746111099998 -1.9478111110000214, 105.21505000000002 -1.9478111110000214, 105.21505000000002 -1.9598194440000043, 105.218511111 -1.9598194440000043, 105.218511111 -1.9674999999999727, 105.22241944400002 -1.9674999999999727, 105.22241944400002 -1.952419443999986, 105.22508055600002 -1.952419443999986, 105.22508055600002 -1.9452305560000127, 105.23238888899999 -1.9452305560000127, 105.23238888899999 -1.9509805559999904, 105.22953888900003 -1.9509805559999904, 105.22953888900003 -1.9831888890000187, 105.23281944399997 -1.9831888890000187, 105.23281944399997 -1.9860805559999903, 105.23485 -1.9860805559999903, 105.23485 -1.989750000000015, 105.241611111 -1.989750000000015, 105.241611111 -1.9859111110000072, 105.23911944399998 -1.9859111110000072, 105.23911944399998 -1.981330555999989, 105.23678888900002 -1.981330555999989, 105.23678888900002 -1.9731194440000195, 105.23478055599998 -1.9731194440000195, 105.23478055599998 -1.9692305560000136, 105.23313888899997 -1.9692305560000136, 105.23313888899997 -1.9578000000000202, 105.23689999999999 -1.9578000000000202, 105.23689999999999 -1.947150000000022, 105.24038888899997 -1.947150000000022, 105.24038888899997 -1.9604305560000057, 105.239680556 -1.9604305560000057, 105.239680556 -1.969880556000021, 105.24466111100003 -1.969880556000021, 105.24466111100003 -1.961988888999997, 105.24646111099997 -1.961988888999997, 105.24646111099997 -1.9661111109999752, 105.249380556 -1.9661111109999752, 105.249380556 -1.9580305559999829, 105.24638055600002 -1.9580305559999829, 105.24638055600002 -1.9505611110000132, 105.24986944400001 -1.9505611110000132, 105.24986944400001 -1.953019444000006, 105.25218888900002 -1.953019444000006, 105.25218888900002 -1.962238888999991, 105.25466111100002 -1.962238888999991, 105.25466111100002 -1.9692611109999802, 105.25670000000002 -1.9692611109999802, 105.25670000000002 -1.9826611110000272, 105.25545 -1.9826611110000272, 105.25545 -1.987519443999986, 105.261380556 -1.987519443999986, 105.261380556 -1.9687888889999954, 105.260030556 -1.9687888889999954, 105.260030556 -1.9642611109999848, 105.26641111100002 -1.9642611109999848, 105.26641111100002 -1.9656805559999952, 105.269738889 -1.9656805559999952, 105.269738889 -1.9605999999999995, 105.26648055599998 -1.9605999999999995, 105.26648055599998 -1.9574888889999897, 105.26068055600001 -1.9574888889999897, 105.26068055600001 -1.949769444000026, 105.258769444 -1.949769444000026, 105.258769444 -1.94571111099998, 105.24956111099999 -1.94571111099998, 105.24956111099999 -1.9426305559999832, 105.23919999999998 -1.9426305559999832, 105.23919999999998 -1.940650000000005, 105.25946944399999 -1.940650000000005, 105.25946944399999 -1.9428694439999958, 105.26286944399999 -1.9428694439999958, 105.26286944399999 -1.9486388889999944, 105.265969444 -1.9486388889999944, 105.265969444 -1.9526305559999741, 105.27073055599999 -1.9526305559999741, 105.27073055599999 -1.9484888889999752, 105.2681 -1.9484888889999752, 105.2681 -1.9427388889999975, 105.26503888899998 -1.9427388889999975, 105.26503888899998 -1.9384694440000203, 105.26003888899999 -1.9384694440000203, 105.26003888899999 -1.9364388889999873, 105.253069444 -1.9364388889999873, 105.253069444 -1.9330499999999802, 105.24028055600002 -1.9330499999999802, 105.24028055600002 -1.9294222220000279, 105.21002222200002 -1.9294222220000279))",AKTIF
6680,SUMATERA,MENTERI,19,KEPULAUAN BANGKA BELITUNG,05,KABUPATEN BANGKA BARAT,IUP,PT,PT TIMAH TBK,3119052112014039,81201098819560140                                                                                   ,2024-09-30,2035-07-20,OPERASI PRODUKSI,1112.73,TIMAH,2,11,CNC-3,,,A. SUKAL / MAYANG KEC. SP. TERITIP,"POLYGON ((105.34513055600002 -2.0243527779999795, 105.33854166700002 -2.0243527779999795, 105.33854166700002 -2.032361111, 105.34875833299998 -2.032361111, 105.34875833299998 -2.040169444000014, 105.35541666699999 -2.040169444000014, 105.35541666699999 -2.044441667000001, 105.358408333 -2.044441667000001, 105.358408333 -2.0541805560000057, 105.360975 -2.0541805560000057, 105.360975 -2.0728222220000134, 105.35721944400001 -2.0728222220000134, 105.35721944400001 -2.065794444000005, 105.35419166700001 -2.065794444000005, 105.35419166700001 -2.0598416670000006, 105.348513889 -2.0598416670000006, 105.348513889 -2.0675166670000067, 105.35088333300001 -2.0675166670000067, 105.35088333300001 -2.076977778000014, 105.34753611100001 -2.076977778000014, 105.34753611100001 -2.0849999999999795, 105.36795000000001 -2.0849999999999795, 105.36795000000001 -2.050233332999994, 105.366136111 -2.050233332999994, 105.366136111 -2.041261110999983, 105.36017222200002 -2.041261110999983, 105.36017222200002 -2.0363583330000097, 105.35784722199998 -2.0363583330000097, 105.35784722199998 -2.0296749999999975, 105.35501666699997 -2.0296749999999975, 105.35501666699997 -2.025397221999981, 105.35079166700001 -2.025397221999981, 105.35079166700001 -2.0038416670000174, 105.34513055600002 -2.0038416670000174, 105.34513055600002 -2.0243527779999795))",AKTIF
6702,SUMATERA,BUPATI,19,KEPULAUAN BANGKA BELITUNG,01,KABUPATEN BANGKA,IUP,PT,PT TIMAH TBK,3119012112014147,188.45/464/TAMBEN/2010                                                                              ,2010-04-27,2026-07-20,OPERASI PRODUKSI,1839.0,TIMAH,2,11,CNC-2,,,"LAUT DANTA, KEC. BELINYU","POLYGON ((105.78059999999999 -1.8060611110000195, 105.80532777799999 -1.8060611110000195, 105.80532777799999 -1.793188889000021, 105.813930556 -1.793188889000021, 105.813930556 -1.7965611110000168, 105.81638611099999 -1.7965611110000168, 105.81638611099999 -1.799030555999991, 105.818347222 -1.799030555999991, 105.818347222 -1.8061055559999772, 105.823797222 -1.8061055559999772, 105.823797222 -1.805894443999989, 105.82466666699997 -1.805894443999989, 105.82466666699997 -1.800683332999995, 105.81965000000002 -1.800683332999995, 105.81965000000002 -1.795727778000014, 105.81786666699998 -1.795727778000014, 105.81786666699998 -1.792588889000001, 105.81498055600002 -1.792588889000001, 105.81498055600002 -1.7900138890000221, 105.81238888899998 -1.7900138890000221, 105.81238888899998 -1.7877361110000152, 105.80696666699998 -1.7877361110000152, 105.80696666699998 -1.7854861110000115, 105.804072222 -1.7854861110000115, 105.804072222 -1.7834500000000162, 105.800922222 -1.7834500000000162, 105.800922222 -1.7786666669999818, 105.79763888899998 -1.7786666669999818, 105.79763888899998 -1.772905556000012, 105.794319444 -1.772905556000012, 105.794319444 -1.7656444439999746, 105.791980556 -1.7656444439999746, 105.791980556 -1.759638888999973, 105.78928333300001 -1.759638888999973, 105.78928333300001 -1.7540666670000178, 105.78644722199999 -1.7540666670000178, 105.78644722199999 -1.7508194440000011, 105.78306666700001 -1.7508194440000011, 105.78306666700001 -1.7499166669999795, 105.78066666699999 -1.7499166669999795, 105.78066666699999 -1.7487944439999978, 105.77788611099999 -1.7487944439999978, 105.77788611099999 -1.7440722219999998, 105.77448611099999 -1.7440722219999998, 105.77448611099999 -1.7425833330000273, 105.763983333 -1.7425833330000273, 105.763983333 -1.7676416670000208, 105.78059999999999 -1.7676416670000208, 105.78059999999999 -1.8060611110000195))",AKTIF
6754,SUMATERA,MENTERI,19,KEPULAUAN BANGKA BELITUNG,01,KABUPATEN BANGKA,IUP,PT,PT TIMAH TBK,3119012112014060,81201098819560120                                                                                   ,2025-05-21,2035-07-20,OPERASI PRODUKSI,12880.0,TIMAH,2,11,CNC-2,,,BELINYU,"POLYGON ((105.97392500000001 -1.7280888889999915, 105.97419722199999 -1.7280888889999915, 105.97419722199999 -1.7334444439999857, 105.97199722200003 -1.7334444439999857, 105.97199722200003 -1.7291999999999916, 105.96907222200002 -1.7291999999999916, 105.96907222200002 -1.7283027779999998, 105.96780555599997 -1.7283027779999998, 105.96780555599997 -1.7244666670000015, 105.97249722200002 -1.7244666670000015, 105.97249722200002 -1.7257638890000067, 105.973155556 -1.7257638890000067, 105.973155556 -1.7266861109999923, 105.97392500000001 -1.7266861109999923, 105.97392500000001 -1.7266833329999827, 105.97671111099999 -1.7266833329999827, 105.97671111099999 -1.7194416670000123, 105.96557777800001 -1.7194416670000123, 105.96557777800001 -1.7018138889999932, 105.967322222 -1.7018138889999932, 105.967322222 -1.6992388890000143, 105.98158888900002 -1.6992388890000143, 105.98158888900002 -1.6959305560000075, 105.99332500000003 -1.6959305560000075, 105.99332500000003 -1.6870194439999864, 105.99450555599998 -1.6870194439999864, 105.99450555599998 -1.686411110999984, 105.99539166699998 -1.686411110999984, 105.99539166699998 -1.6859694440000226, 105.995966667 -1.6859694440000226, 105.995966667 -1.6856416670000272, 105.996388889 -1.6856416670000272, 105.996388889 -1.685316666999995, 105.996811111 -1.685316666999995, 105.996811111 -1.685088888999985, 105.99710555600001 -1.685088888999985, 105.99710555600001 -1.684827777999999, 105.997447222 -1.684827777999999, 105.997447222 -1.6845194439999887, 105.99784444400001 -1.6845194439999887, 105.99784444400001 -1.6842027779999853, 105.998255556 -1.6842027779999853, 105.998255556 -1.6837861110000176, 105.99878611100002 -1.6837861110000176, 105.99878611100002 -1.6834333329999822, 105.999244444 -1.6834333329999822, 105.999244444 -1.683172221999996, 105.99958611099999 -1.683172221999996, 105.99958611099999 -1.6829083330000003, 105.99991111100002 -1.6829083330000003, 105.99991111100002 -1.6827083329999937, 106.00018055599998 -1.6827083329999937, 106.00018055599998 -1.682591666999997, 106.00033333300001 -1.682591666999997, 106.00033333300001 -1.6824750000000108, 106.000477778 -1.6824750000000108, 106.000477778 -1.6823666669999966, 106.00063055599998 -1.6823666669999966, 106.00063055599998 -1.6822194439999976, 106.00080000000003 -1.6822194439999976, 106.00080000000003 -1.682094443999972, 106.00096944400002 -1.682094443999972, 106.00096944400002 -1.6819861110000147, 106.00111388900001 -1.6819861110000147, 106.00111388900001 -1.6818583329999797, 106.00126666699998 -1.6818583329999797, 106.00126666699998 -1.681722222000019, 106.00144722200002 -1.681722222000019, 106.00144722200002 -1.6816055560000223, 106.0016 -1.6816055560000223, 106.0016 -1.6813055559999839, 106.00197777800003 -1.6813055559999839, 106.00197777800003 -1.681024999999977, 106.002355556 -1.681024999999977, 106.002355556 -1.680727778000005, 106.00273055600002 -1.680727778000005, 106.00273055600002 -1.6805722220000234, 106.00293055600002 -1.6805722220000234, 106.00293055600002 -1.680347222000023, 106.00322499999999 -1.680347222000023, 106.00322499999999 -1.6800666670000055, 106.00357777800002 -1.6800666670000055, 106.00357777800002 -1.6798027780000098, 106.00392777799999 -1.6798027780000098, 106.00392777799999 -1.6796777779999843, 106.004088889 -1.6796777779999843, 106.004088889 -1.679486111000017, 106.00433055600001 -1.679486111000017, 106.00433055600001 -1.67928888900002, 106.004591667 -1.67928888900002, 106.004591667 -1.6789361109999845, 106.005041667 -1.6789361109999845, 106.005041667 -1.6786444439999855, 106.00541944399998 -1.6786444439999855, 106.00541944399998 -1.6783638890000248, 106.00577777799998 -1.6783638890000248, 106.00577777799998 -1.6781027779999818, 106.00611944399998 -1.6781027779999818, 106.00611944399998 -1.6779472220000002, 106.00631666700002 -1.6779472220000002, 106.00631666700002 -1.6777222219999999, 106.006613889 -1.6777222219999999, 106.006613889 -1.6775138890000107, 106.00687499999998 -1.6775138890000107, 106.00687499999998 -1.677197222000018, 106.007288889 -1.677197222000018, 106.007288889 -1.6768805560000146, 106.00769166700002 -1.6768805560000146, 106.00769166700002 -1.6768444439999826, 106.00773611099999 -1.6768444439999826, 106.00773611099999 -1.6768083329999968, 106.00779166699999 -1.6768083329999968, 106.00779166699999 -1.676761111000019, 106.007844444 -1.676761111000019, 106.007844444 -1.6767249999999763, 106.0079 -1.6767249999999763, 106.0079 -1.6766722219999792, 106.00796111099999 -1.6766722219999792, 106.00796111099999 -1.676627778000011, 106.00802499999998 -1.676627778000011, 106.00802499999998 -1.6765722220000043, 106.00808611100001 -1.6765722220000043, 106.00808611100001 -1.6765361110000185, 106.00814166700002 -1.6765361110000185, 106.00814166700002 -1.676499999999976, 106.00818611099999 -1.676499999999976, 106.00818611099999 -1.6763833329999898, 106.00833888900002 -1.6763833329999898, 106.00833888900002 -1.6761999999999944, 106.008572222 -1.6761999999999944, 106.008572222 -1.6760111109999798, 106.008825 -1.6760111109999798, 106.008825 -1.6758111109999732, 106.009075 -1.6758111109999732, 106.009075 -1.6754416669999728, 106.00954166700001 -1.6754416669999728, 106.00954166700001 -1.6751055560000054, 106.00999166700001 -1.6751055560000054, 106.00999166700001 -1.6747527780000269, 106.01044166700001 -1.6747527780000269, 106.01044166700001 -1.6743638890000057, 106.01094444400002 -1.6743638890000057, 106.01094444400002 -1.6739305560000162, 106.01150277800002 -1.6739305560000162, 106.01150277800002 -1.6736027779999745, 106.01192500000002 -1.6736027779999745, 106.01192500000002 -1.6729611110000064, 106.012741667 -1.6729611110000064, 106.012741667 -1.6722194440000067, 106.01370277799998 -1.6722194440000067, 106.01370277799998 -1.6717027779999967, 106.01436666699999 -1.6717027779999967, 106.01436666699999 -1.671205556000018, 106.015069444 -1.671205556000018, 106.015069444 -1.6699888890000238, 106.013944444 -1.6699888890000238, 106.013944444 -1.6606027779999977, 106.014541667 -1.6606027779999977, 106.014541667 -1.6496555560000274, 106.00881666700002 -1.6496555560000274, 106.00881666700002 -1.6467972219999751, 106.00455555600001 -1.6467972219999751, 106.00455555600001 -1.6406972219999716, 105.999605556 -1.6406972219999716, 105.999605556 -1.6249916670000175, 106.00297499999999 -1.6249916670000175, 106.00297499999999 -1.6186888889999977, 106.00543055600002 -1.6186888889999977, 106.00543055600002 -1.600355556000011, 105.99177500000002 -1.600355556000011, 105.99177500000002 -1.5808611109999902, 105.975669444 -1.5808611109999902, 105.975669444 -1.5707805559999883, 105.96831111099999 -1.5707805559999883, 105.96831111099999 -1.5690027780000264, 105.96120000000002 -1.5690027780000264, 105.96120000000002 -1.5699861109999915, 105.95109444399998 -1.5699861109999915, 105.95109444399998 -1.5708416670000247, 105.93423888900003 -1.5708416670000247, 105.93423888900003 -1.5673416669999938, 105.92412777800001 -1.5673416669999938, 105.92412777800001 -1.5636166670000193, 105.91391388900001 -1.5636166670000193, 105.91391388900001 -1.5598527779999927, 105.9058 -1.5598527779999927, 105.9058 -1.5568666670000084, 105.88613055600001 -1.5568666670000084, 105.88613055600001 -1.5557583330000284, 105.87835555599997 -1.5557583330000284, 105.87835555599997 -1.5578888890000258, 105.87081666699999 -1.5578888890000258, 105.87081666699999 -1.5720666670000014, 105.86864444399998 -1.5720666670000014, 105.86864444399998 -1.5752499999999827, 105.86459444399998 -1.5752499999999827, 105.86459444399998 -1.5860416670000177, 105.87802222200003 -1.5860416670000177, 105.87802222200003 -1.577244443999973, 105.87618888899999 -1.577244443999973, 105.87618888899999 -1.5729944440000168, 105.881416667 -1.5729944440000168, 105.881416667 -1.56574999999998, 105.88031666699999 -1.56574999999998, 105.88031666699999 -1.5667277779999722, 105.87987222200002 -1.5667277779999722, 105.87987222200002 -1.5673916669999812, 105.879366667 -1.5673916669999812, 105.879366667 -1.5680361110000263, 105.878572222 -1.5680361110000263, 105.878572222 -1.568680556000004, 105.878163889 -1.568680556000004, 105.878163889 -1.5700472220000279, 105.87754444400002 -1.5700472220000279, 105.87754444400002 -1.5708666670000184, 105.87626388899997 -1.5708666670000184, 105.87626388899997 -1.5697555560000183, 105.87659444399998 -1.5697555560000183, 105.87659444399998 -1.5679777779999995, 105.877194444 -1.5679777779999995, 105.877194444 -1.5669416669999805, 105.87802777799999 -1.5669416669999805, 105.87802777799999 -1.5662777780000283, 105.878783333 -1.5662777780000283, 105.878783333 -1.5638000000000147, 105.88394444400001 -1.5638000000000147, 105.88394444400001 -1.5631833329999836, 105.88666388899998 -1.5631833329999836, 105.88666388899998 -1.56574999999998, 105.899780556 -1.56574999999998, 105.899780556 -1.5697694439999736, 105.910338889 -1.5697694439999736, 105.910338889 -1.5878111110000077, 105.91804722199998 -1.5878111110000077, 105.91804722199998 -1.592766666999978, 105.92667222199998 -1.592766666999978, 105.92667222199998 -1.6025666670000192, 105.94191666699999 -1.6025666670000192, 105.94191666699999 -1.6239777779999827, 105.93704166700002 -1.6239777779999827, 105.93704166700002 -1.629722221999998, 105.93130555599998 -1.629722221999998, 105.93130555599998 -1.633594443999982, 105.90534722199999 -1.633594443999982, 105.90534722199999 -1.6333666670000184, 105.902216667 -1.6333666670000184, 105.902216667 -1.6291249999999877, 105.89549444400001 -1.6291249999999877, 105.89549444400001 -1.6355944439999917, 105.89949722199998 -1.6355944439999917, 105.89949722199998 -1.6380250000000274, 105.90181666699999 -1.6380250000000274, 105.90181666699999 -1.6413833330000216, 105.926863889 -1.6413833330000216, 105.926863889 -1.6493750000000205, 105.92304444400003 -1.6493750000000205, 105.92304444400003 -1.654730556000004, 105.93198611100001 -1.654730556000004, 105.93198611100001 -1.6377833330000158, 105.93920000000003 -1.6377833330000158, 105.93920000000003 -1.631819443999973, 105.94356944399999 -1.631819443999973, 105.94356944399999 -1.6290777780000099, 105.94925 -1.6290777780000099, 105.94925 -1.6243000000000052, 105.96957222200001 -1.6243000000000052, 105.96957222200001 -1.634766667000008, 105.95710000000003 -1.634766667000008, 105.95710000000003 -1.6416305559999955, 105.93796666700001 -1.6416305559999955, 105.93796666700001 -1.6487888890000022, 105.95183611099998 -1.6487888890000022, 105.95183611099998 -1.6466833329999986, 105.96112499999998 -1.6466833329999986, 105.96112499999998 -1.6574305560000084, 105.9531 -1.6574305560000084, 105.9531 -1.6609555559999762, 105.929138889 -1.6609555559999762, 105.929138889 -1.6687444440000263, 105.96118611100002 -1.6687444440000263, 105.96118611100002 -1.6661527780000256, 105.97382777799999 -1.6661527780000256, 105.97382777799999 -1.6453305559999762, 105.99570555600002 -1.6453305559999762, 105.99570555600002 -1.6531027780000045, 106.00389999999999 -1.6531027780000045, 106.00389999999999 -1.6673555560000182, 106.00233888899999 -1.6673555560000182, 106.00233888899999 -1.6685333330000276, 106.00071111099999 -1.6685333330000276, 106.00071111099999 -1.6700555560000225, 105.99859166700003 -1.6700555560000225, 105.99859166700003 -1.6714861109999788, 105.99659722199999 -1.6714861109999788, 105.99659722199999 -1.6725166670000249, 105.99517777800003 -1.6725166670000249, 105.99517777800003 -1.6737027780000062, 105.99351388899998 -1.6737027780000062, 105.99351388899998 -1.6748527780000018, 105.99192499999998 -1.6748527780000018, 105.99192499999998 -1.675922221999997, 105.99045833299999 -1.675922221999997, 105.99045833299999 -1.6769972220000113, 105.98894999999999 -1.6769972220000113, 105.98894999999999 -1.6781750000000102, 105.988594444 -1.6781750000000102, 105.988594444 -1.6831861109999977, 105.98461111099999 -1.6831861109999977, 105.98461111099999 -1.6811722219999865, 105.98316388900002 -1.6811722219999865, 105.98316388900002 -1.6820861109999896, 105.98186944399998 -1.6820861109999896, 105.98186944399998 -1.683172221999996, 105.98035833300003 -1.683172221999996, 105.98035833300003 -1.6839944440000068, 105.97922499999999 -1.6839944440000068, 105.97922499999999 -1.6765694439999947, 105.97357777799999 -1.6765694439999947, 105.97357777799999 -1.6739333329999795, 105.964183333 -1.6739333329999795, 105.964183333 -1.680366666999987, 105.96770833300002 -1.680366666999987, 105.96770833300002 -1.6841388889999962, 105.95950555600001 -1.6841388889999962, 105.95950555600001 -1.6793861109999852, 105.94549444400002 -1.6793861109999852, 105.94549444400002 -1.6771777779999866, 105.93302222199998 -1.6771777779999866, 105.93302222199998 -1.6841999999999757, 105.92550555600002 -1.6841999999999757, 105.92550555600002 -1.6829999999999927, 105.92343888900001 -1.6829999999999927, 105.92343888900001 -1.677030555999977, 105.92057499999999 -1.677030555999977, 105.92057499999999 -1.6695250000000215, 105.91169166700001 -1.6695250000000215, 105.91169166700001 -1.6667888889999745, 105.90920833299998 -1.6667888889999745, 105.90920833299998 -1.6637138890000074, 105.898483333 -1.6637138890000074, 105.898483333 -1.6613666669999816, 105.89309166700002 -1.6613666669999816, 105.89309166700002 -1.6727500000000077, 105.888997222 -1.6727500000000077, 105.888997222 -1.6821722220000197, 105.89731666699998 -1.6821722220000197, 105.89731666699998 -1.6874277780000284, 105.90108333299997 -1.6874277780000284, 105.90108333299997 -1.6946500000000242, 105.92115277800002 -1.6946500000000242, 105.92115277800002 -1.6925694440000143, 105.93340277800002 -1.6925694440000143, 105.93340277800002 -1.697180555999978, 105.93943888899997 -1.697180555999978, 105.93943888899997 -1.705111111000008, 105.93524444399998 -1.705111111000008, 105.93524444399998 -1.7084027779999928, 105.91799444399999 -1.7084027779999928, 105.91799444399999 -1.7147444440000186, 105.935105556 -1.7147444440000186, 105.935105556 -1.717277777999982, 105.94057777799998 -1.717277777999982, 105.94057777799998 -1.7154944440000008, 105.946736111 -1.7154944440000008, 105.946736111 -1.7185944440000185, 105.952041667 -1.7185944440000185, 105.952041667 -1.7235999999999763, 105.95972222199998 -1.7235999999999763, 105.95972222199998 -1.7276277779999987, 105.94725 -1.7276277779999987, 105.94725 -1.7332916670000031, 105.95140277799999 -1.7332916670000031, 105.95140277799999 -1.7346999999999753, 105.95548611100003 -1.7346999999999753, 105.95548611100003 -1.7448333329999741, 105.95376388900002 -1.7448333329999741, 105.95376388900002 -1.7469416669999873, 105.95006666699999 -1.7469416669999873, 105.95006666699999 -1.7621111110000243, 105.95619722200001 -1.7621111110000243, 105.95619722200001 -1.754041667000024, 105.960416667 -1.754041667000024, 105.960416667 -1.7524416670000278, 105.95943888900001 -1.7524416670000278, 105.95943888900001 -1.7511083329999906, 105.95800833300001 -1.7511083329999906, 105.95800833300001 -1.7493555560000118, 105.95706388899998 -1.7493555560000118, 105.95706388899998 -1.747763888999998, 105.95917500000002 -1.747763888999998, 105.95917500000002 -1.7486111110000024, 105.960416667 -1.7486111110000024, 105.960416667 -1.7391666670000063, 105.96374444399999 -1.7391666670000063, 105.96374444399999 -1.7351944440000011, 105.966938889 -1.7351944440000011, 105.966938889 -1.73947777799998, 105.97088888899998 -1.73947777799998, 105.97088888899998 -1.7440000000000282, 105.97266944400002 -1.7440000000000282, 105.97266944400002 -1.7511555560000147, 105.976952778 -1.7511555560000147, 105.976952778 -1.7559583330000237, 105.97491111099998 -1.7559583330000237, 105.97491111099998 -1.7581111110000052, 105.98030277800001 -1.7581111110000052, 105.98030277800001 -1.740611111000021, 105.99404166699998 -1.740611111000021, 105.99404166699998 -1.7354055559999892, 105.98497777799997 -1.7354055559999892, 105.98497777799997 -1.729611110999997, 105.98018333300001 -1.729611110999997, 105.98018333300001 -1.7266833329999827, 105.97671111099999 -1.7266833329999827, 105.97671111099999 -1.7266861109999923, 105.97392500000001 -1.7266861109999923, 105.97392500000001 -1.7280888889999915))",AKTIF
6875,SUMATERA,MENTERI,19,KEPULAUAN BANGKA BELITUNG,05,KABUPATEN BANGKA BARAT,IUP,PT,PT TIMAH TBK,3119052112014121,81201098819560155                                                                                   ,2024-09-30,2037-07-21,OPERASI PRODUKSI,1986.7,TIMAH,2,11,CNC-14,,,MEDANG / S. JERING KEC. SP. TERITIP,"POLYGON ((105.48469444400001 -1.9615277780000042, 105.486916667 -1.9615277780000042, 105.486916667 -1.973752778000005, 105.47997222200001 -1.973752778000005, 105.47997222200001 -1.9793055559999857, 105.488027778 -1.9793055559999857, 105.488027778 -1.986530555999991, 105.47413888900002 -1.986530555999991, 105.47413888900002 -1.994863888999987, 105.46941666700002 -1.994863888999987, 105.46941666700002 -2.011530556000025, 105.46219444399998 -2.011530556000025, 105.46219444399998 -2.012730556000008, 105.45608055600002 -2.012730556000008, 105.45608055600002 -2.011047222000002, 105.45543888899999 -2.011047222000002, 105.45543888899999 -2.0102055560000167, 105.45476944400002 -2.0102055560000167, 105.45476944400002 -2.006872222000027, 105.45547777799999 -2.006872222000027, 105.45547777799999 -1.9909999999999854, 105.45654444399997 -1.9909999999999854, 105.45654444399997 -1.9869194440000228, 105.45413888899998 -1.9869194440000228, 105.45413888899998 -1.9779194440000083, 105.45052500000003 -1.9779194440000083, 105.45052500000003 -1.9682000000000244, 105.44858333299999 -1.9682000000000244, 105.44858333299999 -1.964825000000019, 105.44082777800003 -1.964825000000019, 105.44082777800003 -1.9704194440000151, 105.44191666699999 -1.9704194440000151, 105.44191666699999 -1.9735111109999934, 105.43359166699997 -1.9735111109999934, 105.43359166699997 -1.9765166669999985, 105.44045555600002 -1.9765166669999985, 105.44045555600002 -1.9785694440000157, 105.444947222 -1.9785694440000157, 105.444947222 -1.982086111000001, 105.44858333299999 -1.982086111000001, 105.44858333299999 -1.9870861109999964, 105.45052777799998 -1.9870861109999964, 105.45052777799998 -1.9973638889999847, 105.44802777799998 -1.9973638889999847, 105.44802777799998 -1.9933694439999954, 105.44405277800001 -1.9933694439999954, 105.44405277800001 -1.9892416669999875, 105.43964999999997 -1.9892416669999875, 105.43964999999997 -1.9852055559999826, 105.43492777799997 -1.9852055559999826, 105.43492777799997 -1.9828638889999866, 105.429694444 -1.9829194440000038, 105.429694444 -1.9806972220000034, 105.42124999999999 -1.9806972220000034, 105.42124999999999 -1.978236111000001, 105.415986111 -1.978236111000001, 105.415986111 -1.9740777779999803, 105.41054444399998 -1.9740777779999803, 105.41054444399998 -1.9598638890000188, 105.40492499999999 -1.9598638890000188, 105.40492499999999 -1.9644555560000185, 105.40396388900001 -1.9644555560000185, 105.40396388900001 -1.9785888889999796, 105.40720833300003 -1.9785888889999796, 105.40720833300003 -1.9841388890000076, 105.416066667 -1.9841388890000076, 105.416066667 -1.9872916670000222, 105.424430556 -1.9872916670000222, 105.424430556 -1.9905694440000161, 105.432261111 -1.9905694440000161, 105.432261111 -1.9932166670000129, 105.43806666699999 -1.9932166670000129, 105.43806666699999 -1.9973527779999927, 105.442461111 -1.9973527779999927, 105.442461111 -2.002680555999973, 105.44758888899997 -2.002680555999973, 105.44758888899997 -2.006930555999986, 105.45136388899999 -2.006930555999986, 105.45136388899999 -2.0118083329999763, 105.45524999999998 -2.0118083329999763, 105.45524999999998 -2.0162500000000136, 105.47830555600001 -2.0162500000000136, 105.47830555600001 -1.9912527779999891, 105.493583333 -1.9912527779999891, 105.493583333 -1.9829972219999945, 105.510622222 -1.9829972219999945, 105.510622222 -1.976805555999988, 105.498583333 -1.976805555999988, 105.498583333 -1.9700805560000276, 105.49292500000001 -1.9700805560000276, 105.49292500000001 -1.9517555560000233, 105.48469444400001 -1.9517555560000233, 105.48469444400001 -1.9615277780000042))",AKTIF
6892,SUMATERA,MENTERI,19,KEPULAUAN BANGKA BELITUNG,05,KABUPATEN BANGKA BARAT,IUP,PT,PT TIMAH TBK,3119052112014122,81201098819560207                                                                                   ,2025-04-23,2035-07-20,OPERASI PRODUKSI,1115.0,TIMAH,2,11,CNC-3,,,MENTOK,"POLYGON ((105.58358611099999 -2.0605416669999954, 105.59683055599999 -2.0605416669999954, 105.59683055599999 -2.0571166670000025, 105.60882222200001 -2.0571166670000025, 105.60882222200001 -2.031219443999987, 105.57159722199998 -2.031219443999987, 105.57159722199998 -2.048183332999997, 105.58358611099999 -2.048183332999997, 105.58358611099999 -2.0605416669999954))",AKTIF
7174,SUMATERA,Menteri,19,KEPULAUAN BANGKA BELITUNG,01,KABUPATEN BANGKA,IUP,PT,PT SEMESTA SURYA PERSADA,3119012112014277,08082200096510001,2026-03-06,2036-05-06,OPERASI PRODUKSI,190.0,TIMAH,2,11,CNC-14,,,"LAUT PENYUSUK, KEC. BELINYU","POLYGON ((105.70841222199999 -1.6012499999999932, 105.70841472199999 -1.6084844439999983, 105.71560638900002 -1.6084819440000047, 105.71560194400001 -1.5958166670000082, 105.69732777799999 -1.595823055999972, 105.69672500000001 -1.5958222219999811, 105.69672500000001 -1.5958233329999985, 105.69672500000001 -1.5984333330000027, 105.69672500000001 -1.6012499999999932, 105.70841222199999 -1.6012499999999932))",AKTIF
7561,SUMATERA,MENTERI,19,KEPULAUAN BANGKA BELITUNG,04,KABUPATEN BANGKA TENGAH,IUP,PT,PT TIMAH TBK,3119042112014062,81201098819560148                                                                                   ,2024-08-12,2035-07-20,OPERASI PRODUKSI,2036.0,TIMAH,2,11,CNC-18,,,NAMANG,"POLYGON ((106.184577778 -2.2836416669999835, 106.202702778 -2.2836416669999835, 106.202702778 -2.282613889000004, 106.20528333300001 -2.282613889000004, 106.20528333300001 -2.28190833299999, 106.20728611099997 -2.28190833299999, 106.20728611099997 -2.2801888889999873, 106.20888611100003 -2.2801888889999873, 106.20888611100003 -2.278286111, 106.21053888900002 -2.278286111, 106.21053888900002 -2.276330556000005, 106.21229722200002 -2.276330556000005, 106.21229722200002 -2.2740555560000075, 106.18777499999999 -2.2740555560000075, 106.18777499999999 -2.2657722220000096, 106.18411666700001 -2.2657722220000096, 106.18411666700001 -2.260861110999997, 106.179180556 -2.260861110999997, 106.179180556 -2.2562583330000052, 106.17536666699999 -2.2562583330000052, 106.17536666699999 -2.2475861109999755, 106.17328888899999 -2.2475861109999755, 106.17328888899999 -2.242911111000012, 106.16543333300001 -2.242911111000012, 106.16543333300001 -2.247413888999972, 106.16861666699998 -2.247413888999972, 106.16861666699998 -2.2506250000000136, 106.17041666699998 -2.2506250000000136, 106.17041666699998 -2.26311388900001, 106.17536944400001 -2.26311388900001, 106.17536944400001 -2.265747222000016, 106.16791666699999 -2.265747222000016, 106.16791666699999 -2.263541667000027, 106.16114722200001 -2.263541667000027, 106.16114722200001 -2.2608361110000033, 106.15791944400002 -2.2608361110000033, 106.15791944400002 -2.2580611110000177, 106.15355 -2.2580611110000177, 106.15355 -2.252888889000019, 106.15005555599998 -2.252888889000019, 106.15005555599998 -2.229891667000004, 106.14507222200001 -2.229891667000004, 106.14507222200001 -2.2519777780000254, 106.13967500000001 -2.2519777780000254, 106.13967500000001 -2.240897222000001, 106.13799444400001 -2.240897222000001, 106.13799444400001 -2.2282638890000044, 106.13638333300003 -2.2282638890000044, 106.13638333300003 -2.230886111000018, 106.135386111 -2.230886111000018, 106.135386111 -2.2319277779999993, 106.13470555599997 -2.2319277779999993, 106.13470555599997 -2.232877777999988, 106.13413611099998 -2.232877777999988, 106.13413611099998 -2.2338638890000198, 106.13356944399999 -2.2338638890000198, 106.13356944399999 -2.2348972219999723, 106.13249722199998 -2.2348972219999723, 106.13249722199998 -2.2405805559999976, 106.12852222200002 -2.2405805559999976, 106.12852222200002 -2.2414944440000113, 106.12821944400002 -2.2414944440000113, 106.12821944400002 -2.243338888999972, 106.12770833299999 -2.243338888999972, 106.12770833299999 -2.245311110999978, 106.12711388899999 -2.245311110999978, 106.12711388899999 -2.2458833329999948, 106.12823333300003 -2.2458833329999948, 106.12823333300003 -2.2523194440000225, 106.13641388899998 -2.2523194440000225, 106.13641388899998 -2.2583611109999993, 106.13878888900001 -2.2583611109999993, 106.13878888900001 -2.2625416669999936, 106.13090555600002 -2.2625416669999936, 106.13090555600002 -2.2694777780000095, 106.122894444 -2.2694777780000095, 106.122894444 -2.2747305560000086, 106.13871111100002 -2.2747305560000086, 106.13871111100002 -2.2794777780000004, 106.13336944399998 -2.2794777780000004, 106.13336944399998 -2.283538888999999, 106.12490277799998 -2.283538888999999, 106.12490277799998 -2.2912694440000223, 106.14113611099998 -2.2912694440000223, 106.14113611099998 -2.2822083330000282, 106.14679999999998 -2.2822083330000282, 106.14679999999998 -2.2657027779999908, 106.155680556 -2.2657027779999908, 106.155680556 -2.268197222000026, 106.159358333 -2.268197222000026, 106.159358333 -2.270377778000011, 106.16420555600001 -2.270377778000011, 106.16420555600001 -2.2732972219999965, 106.17299722199999 -2.2732972219999965, 106.17299722199999 -2.275438888999986, 106.18220277799998 -2.275438888999986, 106.18220277799998 -2.2783694440000204, 106.184577778 -2.2783694440000204, 106.184577778 -2.2836416669999835))",AKTIF
7562,SUMATERA,MENTERI,19,KEPULAUAN BANGKA BELITUNG,03,KABUPATEN BANGKA SELATAN,IUP,PT,PT TIMAH TBK,3119032112014050,81201098819560153                                                                                   ,2024-08-23,2035-07-20,OPERASI PRODUKSI,991.0,TIMAH,2,11,CNC-18,,,SIMPANG RIMBA,"POLYGON ((105.93660277800001 -2.5465111109999725, 105.93660277800001 -2.5482111110000005, 105.933463889 -2.5482111110000005, 105.933463889 -2.5501111109999783, 105.93177500000002 -2.5501111109999783, 105.93177500000002 -2.5523749999999836, 105.93023888900001 -2.5523749999999836, 105.93023888900001 -2.5544611110000233, 105.928647222 -2.5544611110000233, 105.928647222 -2.556338889000017, 105.92682500000001 -2.556338889000017, 105.92682500000001 -2.557758332999981, 105.92609166699998 -2.557758332999981, 105.92609166699998 -2.558847221999997, 105.92585833300001 -2.558847221999997, 105.92585833300001 -2.559797221999986, 105.926333333 -2.559797221999986, 105.926333333 -2.560163889000023, 105.92661388900001 -2.560163889000023, 105.92661388900001 -2.5610249999999724, 105.926161111 -2.5610249999999724, 105.926161111 -2.5613944439999727, 105.92591944399999 -2.5613944439999727, 105.92591944399999 -2.5620472219999897, 105.925288889 -2.5620472219999897, 105.925288889 -2.5631888890000027, 105.92422222200003 -2.5631888890000027, 105.92422222200003 -2.566424999999981, 105.92155277799998 -2.566424999999981, 105.92155277799998 -2.5706083329999956, 105.918080556 -2.5706083329999956, 105.918080556 -2.5743361109999796, 105.91461944399998 -2.5743361109999796, 105.91461944399998 -2.5756222219999927, 105.91363055599999 -2.5756222219999927, 105.91363055599999 -2.577994444000012, 105.91158055599999 -2.577994444000012, 105.91158055599999 -2.5798638890000234, 105.910352778 -2.5798638890000234, 105.910352778 -2.5819027780000283, 105.90878055600001 -2.5819027780000283, 105.90878055600001 -2.5837555560000283, 105.90774722200001 -2.5837555560000283, 105.90774722200001 -2.586713889000009, 105.906966667 -2.586713889000009, 105.906966667 -2.5917249999999967, 105.91291944400001 -2.5917249999999967, 105.91291944400001 -2.602577778000011, 105.92043611100001 -2.602577778000011, 105.92043611100001 -2.5964277780000202, 105.92326111099999 -2.5964277780000202, 105.92326111099999 -2.5919527780000067, 105.92666944400003 -2.5919527780000067, 105.92666944400003 -2.5812833329999876, 105.931744444 -2.5812833329999876, 105.931744444 -2.5730027779999887, 105.94012222200001 -2.5730027779999887, 105.94012222200001 -2.5465111109999725, 105.93660277800001 -2.5465111109999725))",AKTIF
7628,SUMATERA,MENTERI,19,KEPULAUAN BANGKA BELITUNG,05,KABUPATEN BANGKA BARAT,IUP,PT,PT TIMAH TBK,3119052112014150,81201098819560209                                                                                   ,2025-04-30,2035-07-20,OPERASI PRODUKSI,1870.0,TIMAH,2,11,CNC-3,,,MENTOK DAN SIMPANG TERITIP,"POLYGON ((105.34390555599998 -2.128522222000015, 105.34390555599998 -2.1270999999999844, 105.34648611099999 -2.1270999999999844, 105.34648611099999 -2.12323055600001, 105.34870555600003 -2.12323055600001, 105.34870555600003 -2.1200361109999903, 105.354822222 -2.1200361109999903, 105.354822222 -2.1166527780000024, 105.367577778 -2.1166527780000024, 105.367577778 -2.121424999999988, 105.373213889 -2.121424999999988, 105.373213889 -2.123863889000006, 105.37566944399998 -2.123863889000006, 105.37566944399998 -2.125280556000007, 105.37735277799999 -2.125280556000007, 105.37735277799999 -2.1275611109999772, 105.38189166699999 -2.1275611109999772, 105.38189166699999 -2.129169444000013, 105.390572222 -2.129169444000013, 105.390572222 -2.121813889000009, 105.38869722200002 -2.121813889000009, 105.38869722200002 -2.1166166670000166, 105.39286388900001 -2.1166166670000166, 105.39286388900001 -2.1054638890000206, 105.39996944400002 -2.1054638890000206, 105.39996944400002 -2.1151361110000266, 105.40423611099999 -2.1151361110000266, 105.40423611099999 -2.1175194439999814, 105.40887777799998 -2.1175194439999814, 105.40887777799998 -2.1128472220000276, 105.411844444 -2.1128472220000276, 105.411844444 -2.1085722220000207, 105.40850555600002 -2.1085722220000207, 105.40850555600002 -2.1028833330000225, 105.385172222 -2.1028833330000225, 105.385172222 -2.076936111000009, 105.38042777800001 -2.076936111000009, 105.38042777800001 -2.0827861110000185, 105.37660555600002 -2.0827861110000185, 105.37660555600002 -2.102997221999999, 105.36380555599999 -2.102997221999999, 105.36380555599999 -2.1085805559999926, 105.34350555600003 -2.1085805559999926, 105.34350555600003 -2.114605556000015, 105.32967777800002 -2.114605556000015, 105.32967777800002 -2.1210555559999875, 105.31158055600002 -2.1210555559999875, 105.31158055600002 -2.128522222000015, 105.34390555599998 -2.128522222000015))",AKTIF
7729,SUMATERA,GUBERNUR,19,KEPULAUAN BANGKA BELITUNG,06,KABUPATEN BELITUNG TIMUR,IUP,PT,PT KARYA CIPTA LAHANINDO,3119065402014144,91202078227230010                                                                                   ,2023-12-15,2029-12-15,OPERASI PRODUKSI,64.0,PASIR URUG,5,38,CNC-1,,,"DESA LILANGAN, KECAMATAN GANTUNG","POLYGON ((108.12700000000001 -3.150583332999986, 108.12700000000001 -3.1525555559999816, 108.12599999999998 -3.1525555559999816, 108.12599999999998 -3.154833332999999, 108.12441666699999 -3.154833332999999, 108.12441666699999 -3.1563055560000066, 108.13527777799999 -3.1563055560000066, 108.13527777799999 -3.150583332999986, 108.12700000000001 -3.150583332999986))",AKTIF
7939,SUMATERA,GUBERNUR,19,KEPULAUAN BANGKA BELITUNG,05,BANGKA BARAT,IUP,PT,PT JELAJAH MARINDO PERSADA,3119052112014152,188.44/472.A/ESDM/2017,2017-03-30,2027-03-30,OPERASI PRODUKSI,247.0,TIMAH,2,11,CNC-17, , ,LAUT RAMBAT KEC. SIMPANG TERITIP,"POLYGON ((105.25626426999997 -1.8646178459999874, 105.26075999199998 -1.8646171820000177, 105.26076146000003 -1.874568982000028, 105.26255977300002 -1.8745687119999843, 105.26256153100002 -1.8863300169999775, 105.27065388 -1.8863287699999773, 105.27065178999999 -1.8727580560000092, 105.26705516999999 -1.8727586109999947, 105.267053804 -1.8637115249999852, 105.26345727500001 -1.8637120700000196, 105.26345673700001 -1.8600932339999758, 105.256263617 -1.8600942990000249, 105.25626426999997 -1.8646178459999874))",AKTIF
7986,SUMATERA,MENTERI,19,KEPULAUAN BANGKA BELITUNG,02,KABUPATEN BELITUNG,IUP,PT,PT PRIMA BUNDIARTA NUSA,3119025182014011,556/1/IUP/PMDN/2021                                                                                 ,2021-06-15,2026-08-02,OPERASI PRODUKSI,106.0,TANAH LIAT,5,18,CNC-1,,,DESA MENTIGI KEC. MEMBALONG KABUPATEN BELITUNG,"POLYGON ((107.66181388899997 -3.206852777999984, 107.64906388899999 -3.206852777999984, 107.64906388899999 -3.2107444439999995, 107.64965000000001 -3.2107444439999995, 107.64965000000001 -3.213799999999992, 107.65095277799998 -3.213799999999992, 107.65095277799998 -3.2150611110000114, 107.65247499999998 -3.2150611110000114, 107.65247499999998 -3.215977778000024, 107.65636111100002 -3.215977778000024, 107.65636111100002 -3.2137166670000283, 107.65957500000002 -3.2137166670000283, 107.65957500000002 -3.2091361110000207, 107.66181388899997 -3.2091361110000207, 107.66181388899997 -3.206852777999984))",AKTIF
8337,SUMATERA,Bupati,19,KEPULAUAN BANGKA BELITUNG,06,KABUPATEN BELITUNG TIMUR,IUP,PT,PT TIMAH TBK,3119062112014043,503/002/OP-L/BPMPT/2015,2015-02-06,2027-07-21,OPERASI PRODUKSI,30910.0,TIMAH,2,11,CNC-17,,,LAUT OLIVIER,"POLYGON ((108.27433333300002 -2.7641388889999803, 108.27433333300002 -2.7772222219999776, 108.27666666699997 -2.7772222219999776, 108.27666666699997 -2.799805556000024, 108.282083333 -2.799805556000024, 108.282083333 -2.8124722219999967, 108.28747222200002 -2.8124722219999967, 108.28747222200002 -2.8178888890000167, 108.29397222199998 -2.8178888890000167, 108.29397222199998 -2.842777778000027, 108.29705555599998 -2.842777778000027, 108.29705555599998 -2.8782222219999767, 108.294638889 -2.8782222219999767, 108.294638889 -2.8836111109999933, 108.28216666700001 -2.8836111109999933, 108.28216666700001 -2.8872222219999912, 108.276527778 -2.8872222219999912, 108.276527778 -2.891444444000001, 108.26905555600001 -2.891444444000001, 108.26905555600001 -2.895638888999997, 108.26280555599999 -2.895638888999997, 108.26280555599999 -2.901999999999987, 108.25869444400001 -2.901999999999987, 108.25869444400001 -2.9114722219999862, 108.24461111099998 -2.9114722219999862, 108.24461111099998 -2.966666667000027, 108.22272222200002 -2.966666667000027, 108.22272222200002 -2.990611111000021, 108.210944444 -2.990611111000021, 108.210944444 -3.0240833330000214, 108.21816666699999 -3.0240833330000214, 108.21816666699999 -3.0545833329999823, 108.348194444 -3.0545833329999823, 108.348194444 -2.807055556000023, 108.30838888900001 -2.807055556000023, 108.30838888900001 -2.7641388889999803, 108.27433333300002 -2.7641388889999803))",AKTIF
8338,SUMATERA,MENTERI,19,KEPULAUAN BANGKA BELITUNG,06,KABUPATEN BELITUNG TIMUR,IUP,PT,PT TIMAH TBK,3119062112014059,81201098819560181                                                                                   ,2025-05-23,2036-03-27,OPERASI PRODUKSI,1244.0,TIMAH,2,11,CNC-18,,,KELAPA KAMPIT,"POLYGON ((107.995222222 -2.677000000000021, 107.995222222 -2.7012222220000126, 108.00824999999998 -2.7012222220000126, 108.00824999999998 -2.6939722220000135, 108.032111111 -2.6939722220000135, 108.032111111 -2.6858611110000083, 108.04199999999997 -2.6858611110000083, 108.04199999999997 -2.6668055559999857, 108.02604722199999 -2.6668055559999857, 108.02604722199999 -2.6688055559999952, 108.02161111100003 -2.6688055559999952, 108.02161111100003 -2.677000000000021, 107.995222222 -2.677000000000021))",AKTIF
9916,SUMATERA,Menteri,19,KEPULAUAN BANGKA BELITUNG,04,KABUPATEN BANGKA TENGAH,IUP,PT,PT TIMAH TBK,3119042112014008,81201098819560179,2025-07-21,2035-07-21,OPERASI PRODUKSI,440.0,TIMAH,2,11,CNC-1,,,"DESA SARANGMANDI, KEC. SUNGAISELAN, KABUPATEN BANGKA TENGAH","POLYGON ((106.01258333300001 -2.2871111110000015, 106.01258333300001 -2.2920833329999937, 106.01030555599999 -2.2920833329999937, 106.01030555599999 -2.3025555560000157, 106.00797222199998 -2.3025555560000157, 106.00797222199998 -2.3049166669999863, 106.00036111100002 -2.3049166669999863, 106.00036111100002 -2.3078888890000258, 105.99824999999998 -2.3078888890000258, 105.99824999999998 -2.320472221999978, 106.00041666700002 -2.320472221999978, 106.00041666700002 -2.3245277780000038, 106.003916667 -2.3245277780000038, 106.003916667 -2.3287222220000103, 106.00830555599998 -2.3287222220000103, 106.00830555599998 -2.331166666999991, 106.01130555600002 -2.331166666999991, 106.01130555600002 -2.333388888999991, 106.01594444400001 -2.333388888999991, 106.01594444400001 -2.3289166669999872, 106.01469444399999 -2.3289166669999872, 106.01469444399999 -2.3270833330000187, 106.010611111 -2.3270833330000187, 106.010611111 -2.3254722219999735, 106.00869444400001 -2.3254722219999735, 106.00869444400001 -2.322999999999979, 106.00716666699998 -2.322999999999979, 106.00716666699998 -2.3207777779999788, 106.005833333 -2.3207777779999788, 106.005833333 -2.318166667000014, 106.00294444399998 -2.318166667000014, 106.00294444399998 -2.3091944440000134, 106.00961111100003 -2.3091944440000134, 106.00961111100003 -2.3073888889999807, 106.01491666700002 -2.3073888889999807, 106.01491666700002 -2.300555556000006, 106.018416667 -2.300555556000006, 106.018416667 -2.2871111110000015, 106.01258333300001 -2.2871111110000015))",AKTIF
49204,SUMATERA,MENTERI,19,KEPULAUAN BANGKA BELITUNG,06,KABUPATEN BELITUNG TIMUR,IUP,PT,PT TOMMY UTAMA,3119062112014152,02200031608390009                                                                                   ,2023-08-18,2033-04-30,OPERASI PRODUKSI,190.8,TIMAH,2,11,CNC-9,,,"DESA SIMPANG PESAK, KECAMATAN SIMPANG PESAK","POLYGON ((107.984333333 -3.075680556000009, 107.984333333 -3.0787500000000136, 107.99644444400002 -3.0787500000000136, 107.99644444400002 -3.0907638890000158, 107.99952777800002 -3.0907638890000158, 107.99952777800002 -3.0899166670000113, 108.00155555600003 -3.0899166670000113, 108.00155555600003 -3.088694443999998, 108.004777778 -3.088694443999998, 108.004777778 -3.075680556000009, 107.984333333 -3.075680556000009))",AKTIF
117645,SUMATERA,GUBERNUR,19,KEPULAUAN BANGKA BELITUNG,02,BELITUNG,IUP,PT,PT SUKSES INTI MAKMUR,3119022112014085,188.4/268/ESDM/DPMPTSP/2018,2018-05-25,2028-07-21,OPERASI PRODUKSI,71.39,PASIR TIMAH,2,11,CNC-13,,,DESA SUNGAI PADANG KEC. SIJUK KABUPATEN BELITUNG,"POLYGON ((107.866388889 -2.5904222219999724, 107.866388889 -2.5916500000000156, 107.86866944399998 -2.5916500000000156, 107.86866944399998 -2.592416667000009, 107.87093333299998 -2.592416667000009, 107.87093333299998 -2.593250000000012, 107.87412499999999 -2.593250000000012, 107.87412499999999 -2.5943694439999945, 107.87706944400003 -2.5943694439999945, 107.87706944400003 -2.5954249999999774, 107.87889999999999 -2.5954249999999774, 107.87889999999999 -2.596097222000026, 107.88069722199998 -2.596097222000026, 107.88069722199998 -2.5944333329999836, 107.88175000000001 -2.5944333329999836, 107.88175000000001 -2.5929611110000224, 107.88271111099999 -2.5929611110000224, 107.88271111099999 -2.5913305560000026, 107.88373611100002 -2.5913305560000026, 107.88373611100002 -2.589411111000004, 107.8809 -2.589411111000004, 107.8809 -2.5904222219999724, 107.866388889 -2.5904222219999724))",AKTIF
127708,SUMATERA,GUBERNUR,19,KEPULAUAN BANGKA BELITUNG,03,KABUPATEN BANGKA SELATAN,IUP,PT,PT KARUNIA ANUGERAH ALAM,3119032112014061,188.4/48/ESDM/DPMPTSP/2020,2020-02-24,2027-02-23,OPERASI PRODUKSI,190.0,TIMAH,2,11,CNC-14,,,"DESA NYELANDING, KEC. AIR GEGAS","POLYGON ((106.25455555600001 -2.6683777779999787, 106.25455555600001 -2.6826111110000284, 106.262408333 -2.6826111110000284, 106.262408333 -2.6795833329999823, 106.266155556 -2.6795833329999823, 106.266155556 -2.6683777779999787, 106.25455555600001 -2.6683777779999787))",AKTIF
128845,SUMATERA,GUBERNUR,19,KEPULAUAN BANGKA BELITUNG,03,BANGKA SELATAN,IUP,CV,CV BAYU MANDIRI PRATAMA,3119032112014064,188.4/095/ESDM/DPMPTSP/2020,2020-11-06,2027-12-02,OPERASI PRODUKSI,191.2,TIMAH,2,11,CNC-14,,,DESA SEBAGIN DAN GUDANG KEC. SIMPANG RIMBA. BANGKA SELATAN,"POLYGON ((105.93921399999999 -2.658537000000024, 105.93921399999999 -2.670142999999996, 105.94997599999999 -2.670142999999996, 105.94997599999999 -2.6624669999999924, 105.95752800000002 -2.6624669999999924, 105.95752800000002 -2.658537000000024, 105.93921399999999 -2.658537000000024))",AKTIF
128846,SUMATERA,Gubernur,19,KEPULAUAN BANGKA BELITUNG,03,KABUPATEN BANGKA SELATAN,IUP,CV,CV BAYU MANDIRI PRATAMA,3119032112014065,188.4/068/ESDM/DPMPTSP/2020,2020-12-02,2030-12-01,OPERASI PRODUKSI,195.2,TIMAH,2,11,CNC-14,,,"DESA NYELANDING, AIR GEGAS. BANGKA SELATAN","POLYGON ((106.253695 -2.6834908330000076, 106.253695 -2.691625832999989, 106.25943000000001 -2.691625832999989, 106.25943000000001 -2.697703056000023, 106.27800888899998 -2.697703056000023, 106.27800888899998 -2.694725833000007, 106.26994805599998 -2.694725833000007, 106.26994805599998 -2.692843056000015, 106.26328305599998 -2.692843056000015, 106.26328305599998 -2.6834908330000076, 106.253695 -2.6834908330000076))",AKTIF
129245,SUMATERA,GUBERNUR,19,KEPULAUAN BANGKA BELITUNG,03,BANGKA SELATAN,IUP,PT,PT MITRA GAPURA MANDIRI SEJAHTERA,3119032112014067,188.4/076/ESDM/DPMPTSP/2020,2019-07-15,2029-07-16,OPERASI PRODUKSI,192.1,TIMAH,2,11,CNC-14,,,"DESA KEPOSANG DAN TUKAK, TUKAK SADAI, BANGKA SELATAN","POLYGON ((106.61094300000002 -2.982682000000011, 106.61094300000002 -2.9898130000000265, 106.62049400000001 -2.9898130000000265, 106.62049400000001 -2.9934109999999805, 106.63307600000002 -2.9934109999999805, 106.63307600000002 -2.9859270000000038, 106.61831899999999 -2.9859270000000038, 106.61831899999999 -2.982682000000011, 106.61094300000002 -2.982682000000011))",AKTIF
130045,SUMATERA,Menteri,19,KEPULAUAN BANGKA BELITUNG,02,KABUPATEN BELITUNG,IUP,PT,PT IKHWAH,3119022112014131,03022200615380002,2024-09-29,2034-09-29,OPERASI PRODUKSI,82.36,TIMAH,2,11,CNC-14,,,"DESA BANTAN, MEMBALONG, BABEL","POLYGON ((107.67745000000002 -2.9062000000000126, 107.67745000000002 -2.9105194439999877, 107.67620833299998 -2.9105194439999877, 107.67620833299998 -2.9169444440000234, 107.68991388900002 -2.9169444440000234, 107.68991388900002 -2.9152083330000096, 107.68759444400001 -2.9152083330000096, 107.68759444400001 -2.9148611109999933, 107.681322222 -2.9148611109999933, 107.681322222 -2.9062000000000126, 107.67745000000002 -2.9062000000000126))",AKTIF
130177,SUMATERA,MENTERI,19,KEPULAUAN BANGKA BELITUNG,71,KOTA PANGKAL PINANG,IUP,PT,PT TIN INDUSTRI NASIONAL,3119712112014003,19/1/IUP/PMDN/2023,2023-03-13,2033-04-13,OPERASI PRODUKSI,200.0,TIMAH,2,11,CNC-19,,,LAUT PASIR PADI,"POLYGON ((106.21388888899997 -2.120277778000002, 106.22305555600002 -2.120277778000002, 106.22305555600002 -2.1021111109999993, 106.21388888899997 -2.1021111109999993, 106.21388888899997 -2.120277778000002))",AKTIF
130450,SUMATERA,GUBERNUR,19,KEPULAUAN BANGKA BELITUNG,03,KABUPATEN BANGKA SELATAN,IUP,CV,HARAPAN MUDA,3119032112014071,188.4/468/ESDM/DPMPTSP/2019                                                                         ,2019-05-13,2029-05-12,OPERASI PRODUKSI,120.5,TIMAH,2,11,CNC-14,,,"DESA GADUNG DAN KEPOSANG, KEC.TOBOALI","POLYGON ((106.49920277799998 -2.9438611109999897, 106.49920277799998 -2.955216667000002, 106.50893888899998 -2.955216667000002, 106.50893888899998 -2.947516667000002, 106.505372222 -2.947516667000002, 106.505372222 -2.9438611109999897, 106.49920277799998 -2.9438611109999897))",AKTIF
134046,SUMATERA,GUBERNUR,,KEPULAUAN BANGKA BELITUNG,03,KABUPATEN BANGKA SELATAN,IUP,PT,PT HARAPAN MUDA PERKASA,3119032112014073,188.4/469/ESDM/DPMPTSP/2019,2019-05-13,2029-05-13,OPERASI PRODUKSI,193.6,TIMAH,2,11,CNC-15,,,"DESA NYELANDING, AIR GEGAS. BANGKA SELATAN","POLYGON ((106.24591900000001 -2.6795020000000136, 106.24591900000001 -2.6999529999999936, 106.25358299999999 -2.6999529999999936, 106.25358299999999 -2.6795020000000136, 106.24591900000001 -2.6795020000000136))",AKTIF
138059,SUMATERA,GUBERNUR,19,KEPULAUAN BANGKA BELITUNG,03,BANGKA SELATAN,IUP,PT,PT MASBRO ALAM STANIA,3119032112015079,188.4/15/ESDM/DPMPTSP/2020,2020-02-14,2028-02-14,OPERASI PRODUKSI,192.0,TIMAH,2,11,CNC-18,,,"NYELANDING, AIR GEGAS, BANGKA SELATAN","POLYGON ((106.22555555600002 -2.803055556000004, 106.22555555600002 -2.8149999999999977, 106.23849999999999 -2.8149999999999977, 106.23849999999999 -2.803055556000004, 106.22555555600002 -2.803055556000004))",AKTIF
138061,SUMATERA,GUBERNUR,19,KEPULAUAN BANGKA BELITUNG,02,KABUPATEN BELITUNG,IUP,PT,PT ANUGERAH KREATIF MANDIRI,3119025102015133,91202008923390003                                                                                   ,2023-05-27,2028-05-27,OPERASI PRODUKSI,105.26,GRANIT,5,10,CNC-18,,,"KACANG BUTOR, KEC. BADAU, BELITUNG","POLYGON ((107.82277222200003 -2.7121555560000274, 107.823177778 -2.7121555560000274, 107.823177778 -2.716483332999985, 107.830230556 -2.716483332999985, 107.830230556 -2.7158777779999923, 107.83067499999999 -2.7158777779999923, 107.83067499999999 -2.715283333000002, 107.83199722199998 -2.715283333000002, 107.83199722199998 -2.706852777999984, 107.82277222200003 -2.706852777999984, 107.82277222200003 -2.7121555560000274))",AKTIF
138908,SUMATERA,MENTERI,19,KEPULAUAN BANGKA BELITUNG,03,KABUPATEN BANGKA SELATAN,IUP,PT,PT FENG LI MINERAL ABADI,3119032112015081,91205048029120004                                                                                   ,2023-04-26,2033-04-25,OPERASI PRODUKSI,175.0,TIMAH,2,11,CNC-18,,,BANGKA SELATAN,"POLYGON ((106.38775700000002 -2.719252389000019, 106.38775700000002 -2.7343438890000016, 106.39865077799999 -2.7343438890000016, 106.39865077799999 -2.7287391390000266, 106.39625638899997 -2.7287391390000266, 106.39625638899997 -2.719252389000019, 106.38775700000002 -2.719252389000019))",AKTIF
138951,SUMATERA,GUBERNUR,19,KEPULAUAN BANGKA BELITUNG,02,KABUPATEN BELITUNG,IUP,PT,PT IRPAU HERO PROGRES,3119025182015081,02200044410450001                                                                                   ,2023-04-15,2028-04-15,OPERASI PRODUKSI,150.0,TANAH LIAT,5,18,CNC,,,SUNGAI SAMAK,"POLYGON ((107.61391666700001 -2.813611111, 107.609361111 -2.813611111, 107.609361111 -2.819611110999972, 107.607416667 -2.819611110999972, 107.607416667 -2.8264722220000067, 107.62425000000002 -2.8264722220000067, 107.62425000000002 -2.8233888890000003, 107.61652777799998 -2.8233888890000003, 107.61652777799998 -2.8164166669999986, 107.61391666700001 -2.8164166669999986, 107.61391666700001 -2.813611111))",AKTIF
142350,SUMATERA,GUBERNUR,19,KEPULAUAN BANGKA BELITUNG,03,BANGKA SELATAN,IUP,PT,PT BANGKA TIN INDUSTRY,3119032112016309,188.4/088/ESDM/DPMPTSP/2020,2019-08-31,2029-08-31,OPERASI PRODUKSI,185.3,TIMAH,2,11,CNC-18,,,"BATU BETUMPANG, PULAU BESAR, BANGKA SELATAN","POLYGON ((106.139519 -2.780479000000014, 106.139519 -2.7918000000000234, 106.15276 -2.7918000000000234, 106.15276 -2.780479000000014, 106.139519 -2.780479000000014))",AKTIF
142353,SUMATERA,MENTERI,19,KEPULAUAN BANGKA BELITUNG,03,KABUPATEN BANGKA SELATAN,IUP,CV,CV AGUNG SANGUN JAYA,3119030112016312,12102100463480003                                                                                   ,2023-09-08,2033-10-01,OPERASI PRODUKSI,142.1,TIMAH,2,11,CNC-18,,,"TEPUS, AIR GEGAS, BANGKA SELATAN","POLYGON ((106.38300277799999 -2.6403555559999745, 106.38300277799999 -2.6531888889999777, 106.391961111 -2.6531888889999777, 106.391961111 -2.6403555559999745, 106.38300277799999 -2.6403555559999745))",AKTIF
143302,SUMATERA,MENTERI,19,KEPULAUAN BANGKA BELITUNG,02,KABUPATEN BELITUNG,IUP,PT,PT KAOLIN BELITUNG UTAMA,2119024242016001,689/1/IUP/PMDN/2021                                                                                 ,2021-07-23,2026-08-01,OPERASI PRODUKSI,103.05,KAOLIN,4,24,CNC-24,,,"DESA PERAWAS, TANJUNGPANDAN","POLYGON ((107.69286111100001 -2.7210000000000036, 107.69225 -2.7210000000000036, 107.69225 -2.721638889000019, 107.69105555599998 -2.721638889000019, 107.69105555599998 -2.7225277780000283, 107.690055556 -2.7225277780000283, 107.690055556 -2.7233611109999742, 107.68938888899999 -2.7233611109999742, 107.68938888899999 -2.7243611110000074, 107.69016666700003 -2.7243611110000074, 107.69016666700003 -2.7254444440000043, 107.69119444400002 -2.7254444440000043, 107.69119444400002 -2.7266388890000144, 107.692194444 -2.7266388890000144, 107.692194444 -2.7275000000000205, 107.693083333 -2.7275000000000205, 107.693083333 -2.7283055560000093, 107.69358333299999 -2.7283055560000093, 107.69358333299999 -2.7294166670000095, 107.69438888899998 -2.7294166670000095, 107.69438888899998 -2.7305277780000097, 107.69452777800001 -2.7305277780000097, 107.69452777800001 -2.73386111100001, 107.69486111100002 -2.73386111100001, 107.69486111100002 -2.7397777780000183, 107.69625000000002 -2.7397777780000183, 107.69625000000002 -2.7471944440000016, 107.70400000000001 -2.7471944440000016, 107.70400000000001 -2.7482222219999812, 107.70883333299997 -2.7482222219999812, 107.70883333299997 -2.7471944440000016, 107.71424999999999 -2.7471944440000016, 107.71424999999999 -2.7446111109999833, 107.71244444400003 -2.7446111109999833, 107.71244444400003 -2.745138888999975, 107.71024999999997 -2.745138888999975, 107.71024999999997 -2.7454722219999894, 107.70888888899998 -2.7454722219999894, 107.70888888899998 -2.7462222219999717, 107.70808333299999 -2.7462222219999717, 107.70808333299999 -2.747916667000027, 107.704805556 -2.747916667000027, 107.704805556 -2.7460555559999875, 107.70358333299998 -2.7460555559999875, 107.70358333299998 -2.74466666699999, 107.70241666700002 -2.74466666699999, 107.70241666700002 -2.7433055559999957, 107.70130555600002 -2.7433055559999957, 107.70130555600002 -2.741777778000028, 107.70011111100001 -2.741777778000028, 107.70011111100001 -2.740361111000027, 107.69880555600002 -2.740361111000027, 107.69880555600002 -2.7397222220000117, 107.69774999999998 -2.7397222220000117, 107.69774999999998 -2.7392777779999733, 107.69622222200002 -2.7392777779999733, 107.69622222200002 -2.7361944439999775, 107.69547222199998 -2.7361944439999775, 107.69547222199998 -2.732638888999986, 107.69466666699998 -2.732638888999986, 107.69466666699998 -2.729111111000009, 107.69425000000001 -2.729111111000009, 107.69425000000001 -2.7276388889999907, 107.69377777800003 -2.7276388889999907, 107.69377777800003 -2.726111111000023, 107.69322222199997 -2.726111111000023, 107.69322222199997 -2.724027777999993, 107.69286111100001 -2.724027777999993, 107.69286111100001 -2.7210000000000036))",AKTIF
144280,SUMATERA,GUBERNUR,19,KEPULAUAN BANGKA BELITUNG,02,BELITUNG,IUP,PT,PT NIPPINDO KAOLIN ABADI,2119024242017003,188.4/119/ESDM/DPMPTSP/2020,2020-12-10,2026-10-24,OPERASI PRODUKSI,233.8,KAOLIN,4,24,CNC-25,,,"DESA BADAU, KECAMATAN BADAU, KABUPATEN BELITUNG","POLYGON ((107.77136111099998 -2.822638889000018, 107.77136111099998 -2.821694444000002, 107.77077777800002 -2.821694444000002, 107.77077777800002 -2.8221111110000265, 107.76958333300001 -2.8221111110000265, 107.76958333300001 -2.8230277779999824, 107.768416667 -2.8230277779999824, 107.768416667 -2.823972222000009, 107.76736111100001 -2.823972222000009, 107.76736111100001 -2.8248888890000217, 107.76627777800002 -2.8248888890000217, 107.76627777800002 -2.8257500000000277, 107.76519444399997 -2.8257500000000277, 107.76519444399997 -2.8266666669999836, 107.76441666699998 -2.8266666669999836, 107.76441666699998 -2.8272777779999956, 107.765333333 -2.8272777779999956, 107.765333333 -2.828527778000023, 107.76633333299998 -2.828527778000023, 107.76633333299998 -2.8296666670000263, 107.767305556 -2.8296666670000263, 107.767305556 -2.830833332999987, 107.76827777800003 -2.830833332999987, 107.76827777800003 -2.8319999999999936, 107.769222222 -2.8319999999999936, 107.769222222 -2.8331666670000004, 107.77016666700001 -2.8331666670000004, 107.77016666700001 -2.8343333330000178, 107.77116666699999 -2.8343333330000178, 107.77116666699999 -2.835527778000028, 107.77216666700002 -2.835527778000028, 107.77216666700002 -2.8367222219999917, 107.773138889 -2.8367222219999917, 107.773138889 -2.837861110999995, 107.77405555600001 -2.837861110999995, 107.77405555600001 -2.8389999999999986, 107.77502777799998 -2.8389999999999986, 107.77502777799998 -2.8402777779999724, 107.77611111099998 -2.8402777779999724, 107.77611111099998 -2.8414999999999964, 107.77716666700002 -2.8414999999999964, 107.77716666700002 -2.8426111109999965, 107.77794444400001 -2.8426111109999965, 107.77794444400001 -2.841805555999997, 107.779055556 -2.841805555999997, 107.779055556 -2.8408055560000207, 107.78022222200002 -2.8408055560000207, 107.78022222200002 -2.8398055559999875, 107.78144444399999 -2.8398055559999875, 107.78144444399999 -2.838805556000011, 107.782666667 -2.838805556000011, 107.782666667 -2.8377777779999747, 107.78386111100002 -2.8377777779999747, 107.78386111100002 -2.836888889000022, 107.784888889 -2.836888889000022, 107.784888889 -2.8360000000000127, 107.78547222200001 -2.8360000000000127, 107.78547222200001 -2.8355416669999727, 107.78500000000003 -2.8355416669999727, 107.78500000000003 -2.8351111110000033, 107.784333333 -2.8351111110000033, 107.784333333 -2.8344166670000277, 107.78355555600001 -2.8344166670000277, 107.78355555600001 -2.8336944440000025, 107.78258333299999 -2.8336944440000025, 107.78258333299999 -2.832791666999981, 107.78166666700002 -2.832791666999981, 107.78166666700002 -2.831777778000003, 107.78066666699999 -2.831777778000003, 107.78066666699999 -2.83086111099999, 107.77961111100001 -2.83086111099999, 107.77961111100001 -2.8298055559999966, 107.778444444 -2.8298055559999966, 107.778444444 -2.828666666999993, 107.77743055600001 -2.828666666999993, 107.77743055600001 -2.827666667000017, 107.776541667 -2.827666667000017, 107.776541667 -2.826708332999999, 107.775430556 -2.826708332999999, 107.775430556 -2.825638889000004, 107.77443055600003 -2.825638889000004, 107.77443055600003 -2.824736110999993, 107.77330555600003 -2.824736110999993, 107.77330555600003 -2.8235972219999894, 107.77230555599999 -2.8235972219999894, 107.77230555599999 -2.822638889000018, 107.77136111099998 -2.822638889000018))",AKTIF
144292,SUMATERA,GUBERNUR,19,KEPULAUAN BANGKA BELITUNG,04,BANGKA TENGAH,IUP,PT,PT TAMBANG JAYA INDAH,2119044362017001,188.44/917/DPE/2016,2016-10-12,2026-10-12,OPERASI PRODUKSI,189.3,PASIR KUARSA,4,36,CNC-18,,,"DESA LUBUK BESAR, KECAMATAN LUBUK BESAR, KABUPATEN BANGKA TENGAH","POLYGON ((106.683335 -2.572037000000023, 106.683335 -2.5845790000000193, 106.695535 -2.5845790000000193, 106.695535 -2.572037000000023, 106.683335 -2.572037000000023))",AKTIF
144812,SUMATERA,GUBERNUR,19,KEPULAUAN BANGKA BELITUNG,02,KABUPATEN BELITUNG,IUP,CV,CV SRIYUDI LITAJAYA,3119025182017319,02200031009450007                                                                                   ,2022-10-28,2028-04-11,OPERASI PRODUKSI,500.0,TANAH LIAT,5,18,CNC-25,,,"DESA PERPAT, KECAMATAN MEMBALONG","POLYGON ((107.62712083299999 -3.048000000000002, 107.61136111100001 -3.048000000000002, 107.61136111100001 -3.055101666999974, 107.618833333 -3.055101666999974, 107.618833333 -3.0558786110000256, 107.62597222199997 -3.0558786110000256, 107.62597222199997 -3.0589722220000226, 107.617444444 -3.0589722220000226, 107.617444444 -3.0638000000000147, 107.62644444400001 -3.0638000000000147, 107.62644444400001 -3.0706983329999957, 107.628083333 -3.0706983329999957, 107.628083333 -3.072527777999994, 107.62544444399998 -3.072527777999994, 107.62544444399998 -3.07778083300002, 107.626666667 -3.07778083300002, 107.626666667 -3.0819480559999874, 107.62811111100001 -3.0819480559999874, 107.62811111100001 -3.086008611000011, 107.63161277799998 -3.086008611000011, 107.63161277799998 -3.085337222000021, 107.63322388900002 -3.085337222000021, 107.63322388900002 -3.0846130560000233, 107.634051667 -3.0846130560000233, 107.634051667 -3.052083056000015, 107.62712083299999 -3.052083056000015, 107.62712083299999 -3.048000000000002))",AKTIF
158778,SUMATERA,MENTERI,19,KEPULAUAN BANGKA BELITUNG,01,KABUPATEN BANGKA,IUP,PT,PT TIMAH TBK,3119012112014163,81201098819560210                                                                                   ,2025-05-06,2035-07-20,OPERASI PRODUKSI,3939.0,TIMAH,2,11,CNC-14,,,SUNGAI LIAT,"POLYGON ((106.04230555599997 -1.7157250000000204, 106.04230555599997 -1.7212722219999819, 106.02904999999998 -1.7212722219999819, 106.02904999999998 -1.7249388889999864, 106.02375555600003 -1.7249388889999864, 106.02375555600003 -1.730077778000009, 106.01886111099998 -1.730077778000009, 106.01886111099998 -1.7355555560000084, 106.01368888899998 -1.7355555560000084, 106.01368888899998 -1.753325000000018, 106.00577777799998 -1.753325000000018, 106.00577777799998 -1.7686805559999925, 106.002883333 -1.7686805559999925, 106.002883333 -1.7655055559999937, 105.99379166699998 -1.7655055559999937, 105.99379166699998 -1.7726749999999925, 105.992936111 -1.7726749999999925, 105.992936111 -1.7710916670000074, 105.99132222200001 -1.7710916670000074, 105.99132222200001 -1.7688583330000256, 105.98565277799997 -1.7688583330000256, 105.98565277799997 -1.7756388889999926, 105.994058333 -1.7756388889999926, 105.994058333 -1.7736305560000005, 105.99549999999999 -1.7736305560000005, 105.99549999999999 -1.7744805560000145, 105.99695555599999 -1.7744805560000145, 105.99695555599999 -1.7756388889999926, 106.00179444399998 -1.7756388889999926, 106.00179444399998 -1.789699999999982, 106.01060555599997 -1.789699999999982, 106.01060555599997 -1.795500000000004, 106.00136666700001 -1.795500000000004, 106.00136666700001 -1.8004722219999962, 106.01613333300003 -1.8004722219999962, 106.01613333300003 -1.7902444439999954, 106.02356666700001 -1.7902444439999954, 106.02356666700001 -1.7998833330000252, 106.03046388899998 -1.7998833330000252, 106.03046388899998 -1.7912305560000163, 106.043 -1.7912305560000163, 106.043 -1.7949833330000047, 106.040047222 -1.7949833330000047, 106.040047222 -1.8036583329999871, 106.037138889 -1.8036583329999871, 106.037138889 -1.8071333330000243, 106.03163888900002 -1.8071333330000243, 106.03163888900002 -1.8115222220000078, 106.03834722200003 -1.8115222220000078, 106.03834722200003 -1.8091000000000008, 106.04469722200002 -1.8091000000000008, 106.04469722200002 -1.7994222219999756, 106.04860555599998 -1.7994222219999756, 106.04860555599998 -1.7952361110000083, 106.06079999999997 -1.7952361110000083, 106.06079999999997 -1.7984138890000168, 106.06316944399998 -1.7984138890000168, 106.06316944399998 -1.8015083330000152, 106.06079999999997 -1.8015083330000152, 106.06079999999997 -1.8115666670000223, 106.06790555600003 -1.8115666670000223, 106.06790555600003 -1.7883972220000146, 106.076072222 -1.7883972220000146, 106.076072222 -1.7944888889999788, 106.08318333300002 -1.7944888889999788, 106.08318333300002 -1.7871666670000081, 106.08814999999998 -1.7871666670000081, 106.08814999999998 -1.7849388889999886, 106.08680833300002 -1.7849388889999886, 106.08680833300002 -1.7833916669999894, 106.08001944400002 -1.7833916669999894, 106.08001944400002 -1.7791861110000013, 106.06902777800002 -1.7791861110000013, 106.06902777800002 -1.774902778000012, 106.06088055599997 -1.774902778000012, 106.06088055599997 -1.772158332999993, 106.05583055599999 -1.772158332999993, 106.05583055599999 -1.7820222220000232, 106.048530556 -1.7820222220000232, 106.048530556 -1.7697944440000128, 106.04523611100001 -1.7697944440000128, 106.04058333299997 -1.7697944440000128, 106.04058333299997 -1.7840111109999839, 106.03057222199999 -1.7840111109999839, 106.03057222199999 -1.7800722220000011, 106.02429722199997 -1.7800722220000011, 106.02429722199997 -1.781588888999977, 106.00999999999999 -1.781588888999977, 106.00999999999999 -1.7755333329999985, 106.00800277799999 -1.7755333329999985, 106.00800277799999 -1.77369166699998, 106.00393888899998 -1.77369166699998, 106.00393888899998 -1.7721666670000218, 106.00999999999999 -1.7721666670000218, 106.00999999999999 -1.7687722219999955, 106.02011388900002 -1.7687722219999955, 106.02011388900002 -1.7495000000000118, 106.025744444 -1.7495000000000118, 106.025744444 -1.7431833329999904, 106.033233333 -1.7431833329999904, 106.033233333 -1.749430555999993, 106.03689444399998 -1.749430555999993, 106.03689444399998 -1.7538472219999903, 106.03252777799997 -1.7538472219999903, 106.03252777799997 -1.759847222000019, 106.04666666700001 -1.759847222000019, 106.04666666700001 -1.757466667000017, 106.049588889 -1.757466667000017, 106.049588889 -1.7501111110000238, 106.05468888899998 -1.7501111110000238, 106.05468888899998 -1.7434749999999894, 106.06017777800002 -1.7434749999999894, 106.06017777800002 -1.7590749999999957, 106.06895277799998 -1.7590749999999957, 106.06895277799998 -1.7554833329999724, 106.06548333299997 -1.7554833329999724, 106.06548333299997 -1.7496555559999933, 106.06438888899999 -1.7496555559999933, 106.06438888899999 -1.7476361110000198, 106.06185833299998 -1.7476361110000198, 106.06185833299998 -1.7431944439999825, 106.06103055599999 -1.7431944439999825, 106.06103055599999 -1.7419722220000153, 106.05971111100001 -1.7419722220000153, 106.05971111100001 -1.7396944440000084, 106.05677500000002 -1.7396944440000084, 106.05677500000002 -1.7345027779999782, 106.05529722199998 -1.7345027779999782, 106.05529722199998 -1.7305861109999796, 106.05418611099998 -1.7305861109999796, 106.05418611099998 -1.7282111110000073, 106.05220555599999 -1.7282111110000073, 106.05220555599999 -1.7234750000000076, 106.05098611099999 -1.7234750000000076, 106.05098611099999 -1.7203472219999867, 106.04988611099998 -1.7203472219999867, 106.04988611099998 -1.7178722219999827, 106.046397222 -1.7178722219999827, 106.046397222 -1.7157250000000204, 106.04230555599997 -1.7157250000000204), (106.04523611100001 -1.7861277779999796, 106.04677777799998 -1.7861277779999796, 106.04677777799998 -1.7879527779999762, 106.04523611100001 -1.7879527779999762, 106.04523611100001 -1.7861277779999796))",AKTIF
158779,SUMATERA,MENTERI,19,KEPULAUAN BANGKA BELITUNG,02,KABUPATEN BELITUNG,IUP,PT,PT TIMAH TBK,2119022112019127,81201098819560203                                                                                   ,2025-05-21,2036-07-20,OPERASI PRODUKSI,46.9,TIMAH,2,11,CNC-2,,,MEMBALONG,"POLYGON ((107.72360833300002 -3.13061944399999, 107.73148888899999 -3.13061944399999, 107.73148888899999 -3.123258333000024, 107.73012499999999 -3.123258333000024, 107.73012499999999 -3.1222472219999986, 107.72907777799998 -3.1222472219999986, 107.72907777799998 -3.1254916670000057, 107.728461111 -3.1254916670000057, 107.728461111 -3.1257916669999872, 107.728105556 -3.1257916669999872, 107.728105556 -3.1264583330000164, 107.72655833300001 -3.1264583330000164, 107.72655833300001 -3.127002778000019, 107.72532222199999 -3.127002778000019, 107.72532222199999 -3.1280888890000256, 107.724413889 -3.1280888890000256, 107.724413889 -3.129233333000002, 107.72360833300002 -3.129233333000002, 107.72360833300002 -3.13061944399999))",AKTIF
158780,SUMATERA,MENTERI,19,KEPULAUAN BANGKA BELITUNG,02,KABUPATEN BELITUNG,IUP,PT,PT TIMAH TBK,2119022112019128,81201098819560202                                                                                   ,2025-07-01,2035-07-21,OPERASI PRODUKSI,134.3,TIMAH,2,11,CNC-17,,,SIJUK,"POLYGON ((107.811586111 -2.5378861109999775, 107.81177500000001 -2.5378861109999775, 107.81177500000001 -2.5379722220000076, 107.81222777800002 -2.5379722220000076, 107.81222777800002 -2.538566666999998, 107.81237222200002 -2.538566666999998, 107.81237222200002 -2.54043055599999, 107.81298333299998 -2.54043055599999, 107.81298333299998 -2.5392083329999764, 107.81339722199999 -2.5392083329999764, 107.81339722199999 -2.5392777779999847, 107.81393888899999 -2.5392777779999847, 107.81393888899999 -2.53946111099998, 107.814297222 -2.53946111099998, 107.814297222 -2.538063889, 107.81446111100001 -2.538063889, 107.81446111100001 -2.537780555999973, 107.81471944399999 -2.537780555999973, 107.81471944399999 -2.5376416670000026, 107.81507222200003 -2.5376416670000026, 107.81507222200003 -2.5377055559999917, 107.81565833299999 -2.5377055559999917, 107.81565833299999 -2.5379166669999904, 107.81608888900001 -2.5379166669999904, 107.81608888900001 -2.537341667000021, 107.81651388900002 -2.537341667000021, 107.81651388900002 -2.5369999999999777, 107.81683611099999 -2.5369999999999777, 107.81683611099999 -2.5367722220000246, 107.81705555600001 -2.5367722220000246, 107.81705555600001 -2.536494444000027, 107.817277778 -2.536494444000027, 107.817277778 -2.5360305560000143, 107.81953333299998 -2.5360305560000143, 107.81953333299998 -2.535205555999994, 107.82009166699999 -2.535205555999994, 107.82009166699999 -2.534772222000015, 107.823322222 -2.534772222000015, 107.823322222 -2.5353666670000052, 107.82685277799999 -2.5353666670000052, 107.82685277799999 -2.537725000000023, 107.83085 -2.537725000000023, 107.83085 -2.5310499999999934, 107.811586111 -2.5310499999999934, 107.811586111 -2.5378861109999775))",AKTIF
158787,SUMATERA,MENTERI,19,KEPULAUAN BANGKA BELITUNG,05,KABUPATEN BANGKA BARAT,IUP,PT,PT TIMAH TBK,3119052112014136,81201098819560124                                                                                   ,2024-08-28,2035-07-20,OPERASI PRODUKSI,2234.0,TIMAH,2,11,CNC-2,,,JEBUS,"POLYGON ((105.59418888900001 -1.6909666669999979, 105.61504722199999 -1.6909666669999979, 105.61504722199999 -1.687436111000011, 105.610511111 -1.687436111000011, 105.610511111 -1.6765555559999825, 105.60615277800002 -1.6765555559999825, 105.60615277800002 -1.672113889000002, 105.593261111 -1.672113889000002, 105.593261111 -1.6626555560000043, 105.59615555599999 -1.6626555560000043, 105.59615555599999 -1.6601416670000049, 105.60613888900002 -1.6601416670000049, 105.60613888900002 -1.6580916670000079, 105.61099166700001 -1.6580916670000079, 105.61099166700001 -1.6543138889999796, 105.62197777799997 -1.6543138889999796, 105.62197777799997 -1.643863888999988, 105.63323611099997 -1.643863888999988, 105.63323611099997 -1.6476638890000004, 105.64942777800002 -1.6476638890000004, 105.64942777800002 -1.6532611110000062, 105.64636111099998 -1.6532611110000062, 105.64636111099998 -1.6639777780000031, 105.64863888899998 -1.6639777780000031, 105.64863888899998 -1.6629777780000268, 105.65033333299999 -1.6629777780000268, 105.65033333299999 -1.6601083329999824, 105.65264444399998 -1.6601083329999824, 105.65264444399998 -1.6573888890000035, 105.66148333299998 -1.6573888890000035, 105.66148333299998 -1.6533333329999778, 105.65082222199999 -1.6533333329999778, 105.65082222199999 -1.6486305560000005, 105.65020833300002 -1.6486305560000005, 105.65020833300002 -1.646477778000019, 105.64565555600001 -1.646477778000019, 105.64565555600001 -1.6459500000000276, 105.643588889 -1.6459500000000276, 105.643588889 -1.6447416670000052, 105.64208888899998 -1.6447416670000052, 105.64208888899998 -1.6436833330000127, 105.64093888899998 -1.6436833330000127, 105.64093888899998 -1.6430555559999789, 105.63638888899999 -1.6430555559999789, 105.63638888899999 -1.6319750000000113, 105.63491944399999 -1.6319750000000113, 105.63491944399999 -1.6314805559999854, 105.63358333299999 -1.6314805559999854, 105.63358333299999 -1.6308916670000144, 105.63196388900002 -1.6308916670000144, 105.63196388900002 -1.6302777779999928, 105.62853888900003 -1.6302777779999928, 105.62853888900003 -1.635575000000017, 105.611147222 -1.635575000000017, 105.611147222 -1.6474638889999937, 105.60737222199998 -1.6474638889999937, 105.60737222199998 -1.651124999999979, 105.60259166700001 -1.651124999999979, 105.60259166700001 -1.6550027779999823, 105.59987222199999 -1.6550027779999823, 105.59987222199999 -1.6353444439999976, 105.59605555600001 -1.6353444439999976, 105.59605555600001 -1.6305472220000183, 105.57583333299999 -1.6305472220000183, 105.57583333299999 -1.6374416670000187, 105.58980555599999 -1.6374416670000187, 105.58980555599999 -1.648680555999988, 105.59330833299998 -1.648680555999988, 105.59330833299998 -1.6541972219999934, 105.58531388900002 -1.6541972219999934, 105.58531388900002 -1.6430722220000007, 105.57856944399998 -1.6430722220000007, 105.57856944399998 -1.6543694439999967, 105.55947222200001 -1.6543694439999967, 105.55947222200001 -1.6617916669999886, 105.58072222200002 -1.6617916669999886, 105.58072222200002 -1.6717944439999997, 105.58605 -1.6717944439999997, 105.58605 -1.678252778000001, 105.588616667 -1.678252778000001, 105.588616667 -1.687313888999995, 105.59418888900001 -1.687313888999995, 105.59418888900001 -1.6909666669999979))",AKTIF
158791,SUMATERA,MENTERI,19,KEPULAUAN BANGKA BELITUNG,05,KABUPATEN BANGKA BARAT,IUP,PT,PT TIMAH TBK,3119052112014134,81201098819560175                                                                                   ,2025-04-30,2035-07-20,OPERASI PRODUKSI,296.4,TIMAH,2,11,CNC-2,,,JEBUS,"POLYGON ((105.62754722199998 -1.6909666669999979, 105.64060555600003 -1.6909666669999979, 105.64060555600003 -1.6878861110000116, 105.63542222199999 -1.6878861110000116, 105.63542222199999 -1.6733527779999804, 105.63030277799999 -1.6733527779999804, 105.63030277799999 -1.6671555560000115, 105.62343611099999 -1.6671555560000115, 105.62343611099999 -1.6704388890000246, 105.62111388900001 -1.6704388890000246, 105.62111388900001 -1.6789499999999862, 105.62754722199998 -1.6789499999999862, 105.62754722199998 -1.6909666669999979))",AKTIF
158800,SUMATERA,MENTERI,19,KEPULAUAN BANGKA BELITUNG,05,KABUPATEN BANGKA BARAT,IUP,PT,PT TIMAH TBK,3119052112014124,81201098819560197                                                                                   ,2025-01-22,2035-07-20,OPERASI PRODUKSI,1763.0,TIMAH,2,11,CNC-2,,,JEBUS,"POLYGON ((105.54206111100001 -1.5832861110000067, 105.54206111100001 -1.5759194440000215, 105.53074166699997 -1.5759194440000215, 105.53074166699997 -1.5776972219999834, 105.52829166700002 -1.5776972219999834, 105.52829166700002 -1.5808416670000156, 105.53444999999999 -1.5808416670000156, 105.53444999999999 -1.5859666669999797, 105.525561111 -1.5859666669999797, 105.525561111 -1.5884972220000009, 105.51486666699998 -1.5884972220000009, 105.51486666699998 -1.5903388890000087, 105.506788889 -1.5903388890000087, 105.506788889 -1.5914805560000218, 105.50170833300001 -1.5914805560000218, 105.50170833300001 -1.5932888890000072, 105.494494444 -1.5932888890000072, 105.494494444 -1.5942611109999802, 105.49036666699999 -1.5942611109999802, 105.49036666699999 -1.5936138889999825, 105.48692499999999 -1.5936138889999825, 105.48692499999999 -1.5983555560000013, 105.49016111100002 -1.5983555560000013, 105.49016111100002 -1.603941667000015, 105.48813611100002 -1.603941667000015, 105.48813611100002 -1.6079611110000087, 105.49375277799999 -1.6079611110000087, 105.49375277799999 -1.6033944440000027, 105.49613888900001 -1.6033944440000027, 105.49613888900001 -1.5949027780000051, 105.53049166699998 -1.5949027780000051, 105.53049166699998 -1.599649999999997, 105.52048888899998 -1.599649999999997, 105.52048888899998 -1.6025916670000129, 105.53158611100002 -1.6025916670000129, 105.53158611100002 -1.6073333329999855, 105.512397222 -1.6073333329999855, 105.512397222 -1.6118111110000086, 105.519675 -1.6118111110000086, 105.519675 -1.614500000000021, 105.52960555599998 -1.614500000000021, 105.52960555599998 -1.618325000000027, 105.52578333299999 -1.618325000000027, 105.52578333299999 -1.6242500000000177, 105.53414166699997 -1.6242500000000177, 105.53414166699997 -1.6216777779999916, 105.55413333299998 -1.6216777779999916, 105.55413333299998 -1.629863888999978, 105.56442500000003 -1.629863888999978, 105.56442500000003 -1.6259305560000143, 105.55818055600002 -1.6259305560000143, 105.55818055600002 -1.6163888890000067, 105.563930556 -1.6163888890000067, 105.563930556 -1.6191944440000157, 105.56792777800001 -1.6191944440000157, 105.56792777800001 -1.6242611110000098, 105.57291944399998 -1.6242611110000098, 105.57291944399998 -1.615850000000023, 105.56864999999999 -1.615850000000023, 105.56864999999999 -1.6122166669999842, 105.561825 -1.6122166669999842, 105.561825 -1.602461111000025, 105.55566666700003 -1.602461111000025, 105.55566666700003 -1.6105527779999989, 105.55117222199999 -1.6105527779999989, 105.55117222199999 -1.6144416669999941, 105.54475000000002 -1.6144416669999941, 105.54475000000002 -1.6053972220000219, 105.54088888899997 -1.6053972220000219, 105.54088888899997 -1.5972138889999883, 105.54407777799997 -1.5972138889999883, 105.54407777799997 -1.6017361109999797, 105.54668055600001 -1.6017361109999797, 105.54668055600001 -1.6049472220000212, 105.54938055600002 -1.6049472220000212, 105.54938055600002 -1.5989333329999909, 105.54745000000003 -1.5989333329999909, 105.54745000000003 -1.5899777779999908, 105.54196944400002 -1.5899777779999908, 105.54196944400002 -1.5875833329999978, 105.54848611099999 -1.5875833329999978, 105.54848611099999 -1.5832861110000067, 105.54206111100001 -1.5832861110000067))",AKTIF
158810,SUMATERA,MENTERI,19,KEPULAUAN BANGKA BELITUNG,05,KABUPATEN BANGKA BARAT,IUP,PT,PT TIMAH TBK,3119052112014009,81201098819560151                                                                                   ,2024-08-28,2035-07-20,OPERASI PRODUKSI,1248.0,TIMAH,2,11,CNC-2,,,JEBUS,"POLYGON ((105.61374999999998 -1.5969444439999734, 105.61374999999998 -1.6013833330000011, 105.61455000000001 -1.6013833330000011, 105.61455000000001 -1.6058472220000226, 105.61857222200001 -1.6058472220000226, 105.61857222200001 -1.6084055559999797, 105.620963889 -1.6084055559999797, 105.620963889 -1.6128833330000134, 105.61804999999998 -1.6128833330000134, 105.61804999999998 -1.6206305559999805, 105.61469444400001 -1.6206305559999805, 105.61469444400001 -1.619252777999975, 105.59870833299999 -1.619252777999975, 105.59870833299999 -1.6105249999999955, 105.59656111100003 -1.6105249999999955, 105.59656111100003 -1.6091194439999867, 105.59285277800001 -1.6091194439999867, 105.59285277800001 -1.6075999999999908, 105.58478333300002 -1.6075999999999908, 105.58478333300002 -1.6171555560000002, 105.58262500000001 -1.6171555560000002, 105.58262500000001 -1.60760555600001, 105.57673888900001 -1.60760555600001, 105.57673888900001 -1.6016805560000194, 105.58159444400002 -1.6016805560000194, 105.58159444400002 -1.598327777999998, 105.578405556 -1.598327777999998, 105.578405556 -1.596516667000003, 105.57270833299998 -1.596516667000003, 105.57270833299998 -1.593849999999975, 105.56898055599999 -1.593849999999975, 105.56898055599999 -1.5910527780000052, 105.56308611100002 -1.5910527780000052, 105.56308611100002 -1.5881027780000068, 105.56933055600001 -1.5881027780000068, 105.56933055600001 -1.5845333330000244, 105.56049999999999 -1.5845333330000244, 105.56049999999999 -1.5810749999999985, 105.55659166700002 -1.5810749999999985, 105.55659166700002 -1.5721944439999902, 105.56502222199998 -1.5721944439999902, 105.56502222199998 -1.5635333330000094, 105.562327778 -1.5635333330000094, 105.562327778 -1.5684416670000019, 105.55828333300002 -1.5684416670000019, 105.55828333300002 -1.5701472220000028, 105.55686944399997 -1.5701472220000028, 105.55686944399997 -1.571463888999972, 105.55590555600003 -1.571463888999972, 105.55590555600003 -1.5737166669999851, 105.55413611099999 -1.5737166669999851, 105.55413611099999 -1.5762583329999984, 105.54583611100003 -1.5762583329999984, 105.54583611100003 -1.579038889000003, 105.54978888900001 -1.579038889000003, 105.54978888900001 -1.5831999999999766, 105.55194444400001 -1.5831999999999766, 105.55194444400001 -1.5867722219999791, 105.55473055599998 -1.5867722219999791, 105.55473055599998 -1.592694444000017, 105.56101666699999 -1.592694444000017, 105.56101666699999 -1.5959583329999987, 105.56537777800003 -1.5959583329999987, 105.56537777800003 -1.5991277780000246, 105.57049722199997 -1.5991277780000246, 105.57049722199997 -1.6048888889999944, 105.57276944400002 -1.6048888889999944, 105.57276944400002 -1.6118250000000103, 105.57651388900001 -1.6118250000000103, 105.57651388900001 -1.621097222000003, 105.584105556 -1.621097222000003, 105.584105556 -1.6234944440000163, 105.59291111099998 -1.6234944440000163, 105.59291111099998 -1.6261194439999826, 105.61941944400002 -1.6261194439999826, 105.61941944400002 -1.6289277779999907, 105.623611111 -1.6289277779999907, 105.623611111 -1.6114944440000158, 105.62303888899999 -1.6114944440000158, 105.62303888899999 -1.6000305559999788, 105.62277222199998 -1.6000305559999788, 105.62277222199998 -1.599538888999973, 105.62211944400002 -1.599538888999973, 105.62211944400002 -1.5988277779999862, 105.621216667 -1.5988277779999862, 105.621216667 -1.5978527780000036, 105.62064444399999 -1.5978527780000036, 105.62064444399999 -1.5969444439999734, 105.61374999999998 -1.5969444439999734))",AKTIF
158811,SUMATERA,MENTERI,19,KEPULAUAN BANGKA BELITUNG,05,KABUPATEN BANGKA BARAT,IUP,PT,PT TIMAH TBK,3119052112014010,81201098819560220                                                                                   ,2025-05-27,2035-07-20,OPERASI PRODUKSI,546.7,TIMAH,2,11,CNC-2,,,JEBUS,"POLYGON ((105.44741388900002 -1.6129555559999744, 105.46027777799998 -1.6129555559999744, 105.46027777799998 -1.6162499999999795, 105.46848888900001 -1.6162499999999795, 105.46848888900001 -1.6118138890000182, 105.46366666699998 -1.6118138890000182, 105.46366666699998 -1.6089444439999738, 105.45915555599998 -1.6089444439999738, 105.45915555599998 -1.605624999999975, 105.45605555600002 -1.605624999999975, 105.45605555600002 -1.599113889000023, 105.457927778 -1.599113889000023, 105.457927778 -1.5959666670000274, 105.46087499999999 -1.5959666670000274, 105.46087499999999 -1.5937694439999746, 105.46589999999998 -1.5937694439999746, 105.46589999999998 -1.6033111109999822, 105.471738889 -1.6033111109999822, 105.471738889 -1.5946138890000157, 105.47290833300002 -1.5946138890000157, 105.47290833300002 -1.591305556000009, 105.47816666699998 -1.591305556000009, 105.47816666699998 -1.5879055560000097, 105.48013611099998 -1.5879055560000097, 105.48013611099998 -1.5853083330000004, 105.47847777800001 -1.5853083330000004, 105.47847777800001 -1.5837250000000154, 105.47500000000002 -1.5837250000000154, 105.47500000000002 -1.5804638889999865, 105.46836111099998 -1.5804638889999865, 105.46836111099998 -1.5825666669999805, 105.466472222 -1.5825666669999805, 105.466472222 -1.5881166670000084, 105.46130833299998 -1.5881166670000084, 105.46130833299998 -1.591175000000021, 105.458747222 -1.591175000000021, 105.458747222 -1.592300000000023, 105.45693888900001 -1.592300000000023, 105.45693888900001 -1.5936083330000201, 105.45563611099999 -1.5936083330000201, 105.45563611099999 -1.5948138890000223, 105.45441388900002 -1.5948138890000223, 105.45441388900002 -1.5959833329999924, 105.453402778 -1.5959833329999924, 105.453402778 -1.5971472219999896, 105.45228611099998 -1.5971472219999896, 105.45228611099998 -1.5992416670000011, 105.450344444 -1.5992416670000011, 105.450344444 -1.6021000000000072, 105.44777499999998 -1.6021000000000072, 105.44777499999998 -1.6033638889999793, 105.44741388900002 -1.6033638889999793, 105.44741388900002 -1.6129555559999744))",AKTIF
158812,SUMATERA,MENTERI,19,KEPULAUAN BANGKA BELITUNG,05,KABUPATEN BANGKA BARAT,IUP,PT,PT TIMAH TBK,3119052112014018,81201098819560198                                                                                   ,2025-05-05,2035-07-20,OPERASI PRODUKSI,470.1,TIMAH,2,11,CNC-2,,,JEBUS,"POLYGON ((105.58641111100002 -1.5790111109999998, 105.58641111100002 -1.5751000000000204, 105.58405833299997 -1.5751000000000204, 105.58405833299997 -1.5695388890000004, 105.58047499999998 -1.5695388890000004, 105.58047499999998 -1.5656027780000272, 105.57915833300001 -1.5656027780000272, 105.57915833300001 -1.5629000000000133, 105.57810833299999 -1.5629000000000133, 105.57810833299999 -1.5585083330000202, 105.577780556 -1.5585083330000202, 105.577780556 -1.5575444439999728, 105.57707222200003 -1.5575444439999728, 105.57707222200003 -1.5555749999999762, 105.576605556 -1.5555749999999762, 105.576605556 -1.55443333300002, 105.57597500000003 -1.55443333300002, 105.57597500000003 -1.5528972220000128, 105.571722222 -1.5528972220000128, 105.571722222 -1.5590055559999882, 105.57461388899998 -1.5590055559999882, 105.57461388899998 -1.579044443999976, 105.57600277799997 -1.579044443999976, 105.57600277799997 -1.5868222220000234, 105.578363889 -1.5868222220000234, 105.578363889 -1.592113889000018, 105.58499722200003 -1.592113889000018, 105.58499722200003 -1.6004805559999795, 105.59100277800002 -1.6004805559999795, 105.59100277800002 -1.588636111000028, 105.58754166699998 -1.588636111000028, 105.58754166699998 -1.5790111109999998, 105.58641111100002 -1.5790111109999998))",AKTIF
158813,SUMATERA,MENTERI,19,KEPULAUAN BANGKA BELITUNG,05,KABUPATEN BANGKA BARAT,IUP,PT,PT TIMAH TBK,3119052112014082,81201098819560163                                                                                   ,2025-02-19,2035-07-20,OPERASI PRODUKSI,154.5,TIMAH,2,11,CNC-2,,,MENTOK,"POLYGON ((105.13560555599997 -1.9870277780000265, 105.139330556 -1.9870277780000265, 105.139330556 -1.9825166670000272, 105.14235277799997 -1.9825166670000272, 105.14235277799997 -1.9774444440000138, 105.14436111100002 -1.9774444440000138, 105.14436111100002 -1.9796694440000238, 105.14667777800003 -1.9796694440000238, 105.14667777800003 -1.9820777780000185, 105.14799722200001 -1.9820777780000185, 105.14799722200001 -1.9843833329999825, 105.14987500000001 -1.9843833329999825, 105.14987500000001 -1.9866361109999957, 105.1524 -1.9866361109999957, 105.1524 -1.982180556000003, 105.15084722199998 -1.982180556000003, 105.15084722199998 -1.9779472220000116, 105.14890000000003 -1.9779472220000116, 105.14890000000003 -1.9745444440000028, 105.14526111100002 -1.9745444440000028, 105.14526111100002 -1.9719749999999863, 105.13737500000002 -1.9719749999999863, 105.13737500000002 -1.9744527779999999, 105.139116667 -1.9744527779999999, 105.139116667 -1.9784388890000173, 105.13783611100001 -1.9784388890000173, 105.13783611100001 -1.9812416670000061, 105.13713333300001 -1.9812416670000061, 105.13713333300001 -1.9827555559999723, 105.13645555599999 -1.9827555559999723, 105.13645555599999 -1.9846638889999895, 105.13560555599997 -1.9846638889999895, 105.13560555599997 -1.9870277780000265))",AKTIF
158814,SUMATERA,MENTERI,19,KEPULAUAN BANGKA BELITUNG,05,KABUPATEN BANGKA BARAT,IUP,PT,PT TIMAH TBK,3119052112014083,81201098819560164                                                                                   ,2025-01-22,2035-07-20,OPERASI PRODUKSI,59.58,TIMAH,2,11,CNC-2,,,MENTOK,"POLYGON ((105.13462500000003 -1.9937111109999819, 105.13512777800003 -1.9937111109999819, 105.13512777800003 -1.995900000000006, 105.13866111099998 -1.995900000000006, 105.13866111099998 -1.997863888999973, 105.143125 -1.997863888999973, 105.143125 -1.9942472220000127, 105.14146388900002 -1.9942472220000127, 105.14146388900002 -1.9913999999999987, 105.138086111 -1.9913999999999987, 105.138086111 -1.9892805559999829, 105.134977778 -1.9892805559999829, 105.134977778 -1.990141666999989, 105.13462500000003 -1.990141666999989, 105.13462500000003 -1.9937111109999819))",AKTIF
158815,SUMATERA,MENTERI,19,KEPULAUAN BANGKA BELITUNG,05,KABUPATEN BANGKA BARAT,IUP,PT,PT TIMAH TBK,3119052112014086,81201098819560169                                                                                   ,2025-04-30,2035-07-20,OPERASI PRODUKSI,23.59,TIMAH,2,11,CNC-2,,,MUNTOK,"POLYGON ((105.13440833300001 -2.012463889000003, 105.13440833300001 -2.013902777999988, 105.140375 -2.013902777999988, 105.140375 -2.0115638890000014, 105.13721388900001 -2.0115638890000014, 105.13721388900001 -2.0093833330000166, 105.13472777800001 -2.0093833330000166, 105.13472777800001 -2.012463889000003, 105.13440833300001 -2.012463889000003))",AKTIF
158816,SUMATERA,MENTERI,19,KEPULAUAN BANGKA BELITUNG,05,KABUPATEN BANGKA BARAT,IUP,PT,PT TIMAH TBK,3119052112014087,81201098819560166                                                                                   ,2025-03-24,2035-07-20,OPERASI PRODUKSI,182.1,TIMAH,2,11,CNC-2,,,MENTOK,"POLYGON ((105.123480556 -2.02457777799998, 105.12428888900001 -2.02457777799998, 105.12428888900001 -2.026241667000022, 105.13471666700002 -2.026241667000022, 105.13471666700002 -2.030027777999976, 105.132105556 -2.030027777999976, 105.132105556 -2.0337083329999928, 105.12831111100002 -2.0337083329999928, 105.12831111100002 -2.0363611110000193, 105.12980555600001 -2.0363611110000193, 105.12980555600001 -2.038880555999981, 105.136975 -2.038880555999981, 105.136975 -2.0369999999999777, 105.135397222 -2.0369999999999777, 105.135397222 -2.035786110999993, 105.136975 -2.035786110999993, 105.136975 -2.0334833329999924, 105.13875555599998 -2.0334833329999924, 105.13875555599998 -2.026341666999997, 105.14097222200002 -2.026341666999997, 105.14097222200002 -2.0227972220000083, 105.13466388900002 -2.0227972220000083, 105.13466388900002 -2.019999999999982, 105.13135 -2.019999999999982, 105.13135 -2.022736110999972, 105.123480556 -2.022736110999972, 105.123480556 -2.02457777799998))",AKTIF
158817,SUMATERA,MENTERI,19,KEPULAUAN BANGKA BELITUNG,03,KABUPATEN BANGKA SELATAN,IUP,PT,PT TIMAH TBK,3119032112014039,81201098819560189                                                                                   ,2025-04-22,2035-07-20,OPERASI PRODUKSI,322.4,TIMAH,2,11,CNC-14,,,TOBOALI,"POLYGON ((106.68466111100003 -3.0838444440000217, 106.68466111100003 -3.0665277780000224, 106.670261111 -3.0665277780000224, 106.670261111 -3.0755777780000244, 106.66576944399998 -3.0755777780000244, 106.66576944399998 -3.07783888900002, 106.66779444399998 -3.07783888900002, 106.66779444399998 -3.0824027780000165, 106.67302222199999 -3.0824027780000165, 106.67302222199999 -3.083044443999995, 106.68013611100002 -3.083044443999995, 106.68013611100002 -3.0838444440000217, 106.68466111100003 -3.0838444440000217))",AKTIF
158818,SUMATERA,MENTERI,19,KEPULAUAN BANGKA BELITUNG,03,KABUPATEN BANGKA SELATAN,IUP,PT,PT TIMAH TBK,3119032112014044,81201098819560190                                                                                   ,2025-05-21,2035-07-20,OPERASI PRODUKSI,60.77,TIMAH,2,11,CNC-14,,,TUKAK SADAI DAN TOBOALI,"POLYGON ((106.689605556 -3.076697222000007, 106.689605556 -3.084666667000022, 106.69253333299997 -3.084666667000022, 106.69253333299997 -3.0849249999999984, 106.695677778 -3.0849249999999984, 106.695677778 -3.076697222000007, 106.689605556 -3.076697222000007))",AKTIF
158819,SUMATERA,MENTERI,19,KEPULAUAN BANGKA BELITUNG,05,KABUPATEN BANGKA BARAT,IUP,PT,PT TIMAH TBK,3119052112014037,81201098819560199                                                                                   ,2025-02-17,2035-07-20,OPERASI PRODUKSI,97.89,TIMAH,2,11,CNC-2,,,JEBUS,"POLYGON ((105.50679444399998 -1.5723194440000157, 105.50679444399998 -1.5710694439999884, 105.50867499999998 -1.5710694439999884, 105.50867499999998 -1.569861111000023, 105.51031111100002 -1.569861111000023, 105.51031111100002 -1.5653083330000186, 105.506338889 -1.5653083330000186, 105.506338889 -1.5642388890000234, 105.50221388900002 -1.5642388890000234, 105.50221388900002 -1.5648138889999927, 105.50153611100001 -1.5648138889999927, 105.50153611100001 -1.5660388890000263, 105.50054444400001 -1.5660388890000263, 105.50054444400001 -1.5671333330000152, 105.498119444 -1.5671333330000152, 105.498119444 -1.5680750000000216, 105.496638889 -1.5680750000000216, 105.496638889 -1.5711111109999933, 105.49902222200001 -1.5711111109999933, 105.49902222200001 -1.5713861109999812, 105.50024166700001 -1.5713861109999812, 105.50024166700001 -1.5715722219999861, 105.50245000000001 -1.5715722219999861, 105.50245000000001 -1.5720111109999948, 105.50289444399999 -1.5720111109999948, 105.50289444399999 -1.5723194440000157, 105.50679444399998 -1.5723194440000157))",AKTIF
159866,SUMATERA,GUBERNUR,19,KEPULAUAN BANGKA BELITUNG,06,KABUPATEN BELITUNG TIMUR,IUP,PT,PT KARYA CIPTA LAHANINDO,3119064052014056,91202078227230005                                                                                   ,2023-12-15,2034-12-15,OPERASI PRODUKSI,132.4,PASIR KUARSA,6,11,CNC-1,,,"DESA LILANGAN, KECAMATAN GANTUNG","POLYGON ((108.11108333300001 -3.1401388890000135, 108.11108333300001 -3.143944443999999, 108.107138889 -3.143944443999999, 108.107138889 -3.145750000000021, 108.11361111100001 -3.145750000000021, 108.11361111100001 -3.147305555999992, 108.128638889 -3.147305555999992, 108.128638889 -3.146500000000003, 108.127805556 -3.146500000000003, 108.127805556 -3.145611110999994, 108.12683333299998 -3.145611110999994, 108.12683333299998 -3.144583333000014, 108.12572222199998 -3.144583333000014, 108.12572222199998 -3.1434444440000107, 108.12488888899998 -3.1434444440000107, 108.12488888899998 -3.1425277779999874, 108.12377777799998 -3.1425277779999874, 108.12377777799998 -3.1413333329999773, 108.12258333300002 -3.1413333329999773, 108.12258333300002 -3.1401388890000135, 108.11108333300001 -3.1401388890000135))",AKTIF
159868,SUMATERA,GUBERNUR,19,KEPULAUAN BANGKA BELITUNG,06,KABUPATEN BELITUNG TIMUR,IUP,PT,PT KARYA CIPTA LAHANINDO,3119064052014039,91202078227230013                                                                                   ,2023-12-15,2034-12-15,OPERASI PRODUKSI,43.0,PASIR KUARSA,6,11,CNC-17,,,"DESA LILANGAN, KECAMATAN GANTUNG","POLYGON ((108.13566666700001 -3.1510000000000105, 108.13566666700001 -3.156388889000027, 108.13713888900003 -3.156388889000027, 108.13713888900003 -3.1554166669999972, 108.13991666700002 -3.1554166669999972, 108.13991666700002 -3.1543888890000176, 108.14277777799998 -3.1543888890000176, 108.14277777799998 -3.153611110999975, 108.145611111 -3.153611110999975, 108.145611111 -3.152249999999981, 108.14413888899998 -3.152249999999981, 108.14413888899998 -3.1510000000000105, 108.13566666700001 -3.1510000000000105))",AKTIF
167562,SUMATERA,GUBERNUR,19,KEPULAUAN BANGKA BELITUNG,02,BELITUNG,IUP,PT,PT XINRUN SUKSES INTERNASIONAL,2119024242020108,188.4/316/ESDM/DPMPTSP/2018,2018-08-14,2028-08-14,OPERASI PRODUKSI,177.7,KAOLIN,4,24,CNC,,,"KEC BADAU, BELITUNG","POLYGON ((107.73836111100002 -2.8357611110000107, 107.73836111100002 -2.8379444440000157, 107.76052222200002 -2.8379444440000157, 107.76052222200002 -2.8250555559999952, 107.75768055600003 -2.8250555559999952, 107.75768055600003 -2.8299222219999933, 107.75355000000002 -2.8299222219999933, 107.75355000000002 -2.832872221999992, 107.750013889 -2.832872221999992, 107.750013889 -2.827111111000022, 107.74948611100001 -2.827111111000022, 107.74948611100001 -2.8302777779999815, 107.74620833300003 -2.8302777779999815, 107.74620833300003 -2.8313888889999816, 107.74433055600002 -2.8313888889999816, 107.74433055600002 -2.8357611110000107, 107.73836111100002 -2.8357611110000107))",AKTIF
167563,SUMATERA,Gubernur,19,KEPULAUAN BANGKA BELITUNG,02,KABUPATEN BELITUNG,IUP,PT,PT MINERAL PUTRA BELITUNG MANDIRI,3119024242017130,91201072203610003,2025-01-14,2030-01-14,OPERASI PRODUKSI,25.76,KAOLIN,4,24,CNC-25,,,"DESA IBUL, KEC. BADAU, KABUPATEN BELITUNG, PROV. KEPULAUAN BANGKA BELITUNG","POLYGON ((107.82933611099998 -2.8251166669999748, 107.82933611099998 -2.828255555999988, 107.82953888899999 -2.828255555999988, 107.82953888899999 -2.828463888999977, 107.830161111 -2.828463888999977, 107.830161111 -2.8286472219999723, 107.83068888899999 -2.8286472219999723, 107.83068888899999 -2.828866667, 107.83131111099999 -2.828866667, 107.83131111099999 -2.829074999999989, 107.83195833299999 -2.829074999999989, 107.83195833299999 -2.829355555999996, 107.83280277799997 -2.829355555999996, 107.83280277799997 -2.829541667000001, 107.833947222 -2.829541667000001, 107.833947222 -2.8287611110000057, 107.83441666700003 -2.8287611110000057, 107.83441666700003 -2.828125, 107.83479722200002 -2.828125, 107.83479722200002 -2.827391666999972, 107.83511388900001 -2.827391666999972, 107.83511388900001 -2.8268749999999727, 107.83535833299999 -2.8268749999999727, 107.83535833299999 -2.8264972220000004, 107.835416667 -2.8264972220000004, 107.835416667 -2.826119444000028, 107.835347222 -2.826119444000028, 107.835347222 -2.8260472219999997, 107.83463888900002 -2.8260472219999997, 107.83463888900002 -2.825855556000022, 107.83386388899999 -2.825855556000022, 107.83386388899999 -2.825655556000015, 107.833338889 -2.825655556000015, 107.833338889 -2.825519444000008, 107.832822222 -2.825519444000008, 107.832822222 -2.8253916670000194, 107.832158333 -2.8253916670000194, 107.832158333 -2.825183332999984, 107.83181388899999 -2.825183332999984, 107.83181388899999 -2.8250249999999824, 107.83145555599998 -2.8250249999999824, 107.83145555599998 -2.8248583330000088, 107.83109999999999 -2.8248583330000088, 107.83109999999999 -2.8246972219999975, 107.83077777800003 -2.8246972219999975, 107.83077777800003 -2.824549999999988, 107.83067222199998 -2.824549999999988, 107.83067222199998 -2.8251166669999748, 107.82933611099998 -2.8251166669999748))",AKTIF
168907,SUMATERA,GUBERNUR,19,KEPULAUAN BANGKA BELITUNG,06,BELITUNG TIMUR,IUP,PT,PT SUMBER ALAM ANTARNUSA,2119064052020028,188.44/312/ESDM/2017,2017-03-08,2027-03-08,OPERASI PRODUKSI,164.1,PASIR KUARSA,4,05,CNC,,,"GANTUNG, BELITUNG TIMUR","POLYGON ((108.131166667 -3.13247222199999, 108.13183333299997 -3.13247222199999, 108.13183333299997 -3.1317777780000142, 108.13261111100002 -3.1317777780000142, 108.13261111100002 -3.130916667000008, 108.13438888899998 -3.130916667000008, 108.13438888899998 -3.129555556000014, 108.13524999999998 -3.129555556000014, 108.13524999999998 -3.1286944440000184, 108.13627777800002 -3.1286944440000184, 108.13627777800002 -3.1278611110000156, 108.13627777800002 -3.1278333330000123, 108.137277778 -3.1278333330000123, 108.137277778 -3.1268611109999824, 108.13844444400002 -3.1268611109999824, 108.13844444400002 -3.125861111000006, 108.13961111100002 -3.125861111000006, 108.13961111100002 -3.125, 108.140638889 -3.125, 108.140638889 -3.1242500000000177, 108.14152777800001 -3.1242500000000177, 108.14152777800001 -3.122633647999976, 108.14138888899998 -3.1226388889999726, 108.139222222 -3.1226388889999726, 108.139222222 -3.1236111110000024, 108.13788888900001 -3.1236111110000024, 108.13788888900001 -3.124611110999979, 108.13652777800002 -3.124611110999979, 108.13652777800002 -3.125805555999989, 108.135027778 -3.125805555999989, 108.135027778 -3.127166666999983, 108.13358333299999 -3.127166666999983, 108.13358333299999 -3.1288888889999953, 108.13144444400001 -3.1288888889999953, 108.13144444400001 -3.1309722220000253, 108.12905555600003 -3.1309722220000253, 108.12905555600003 -3.1316666669999904, 108.128083333 -3.1316666669999904, 108.128083333 -3.133722222000017, 108.12883333299999 -3.133722222000017, 108.12883333299999 -3.1356666670000095, 108.12936111099998 -3.1356666670000095, 108.12936111099998 -3.137166666999974, 108.12986111100003 -3.137166666999974, 108.12986111100003 -3.138638888999992, 108.13061111100001 -3.138638888999992, 108.13061111100001 -3.139972221999983, 108.13155555600002 -3.139972221999983, 108.13155555600002 -3.1415555560000143, 108.13258333300001 -3.1415555560000143, 108.13258333300001 -3.1434444440000107, 108.133638889 -3.1434444440000107, 108.133638889 -3.1453333329999964, 108.135027778 -3.1453333329999964, 108.135027778 -3.1479722220000212, 108.13638888899999 -3.1479722220000212, 108.13638888899999 -3.1505000000000223, 108.14247222199998 -3.1505000000000223, 108.14247222199998 -3.150111111000001, 108.14488888900001 -3.150111111000001, 108.14488888900001 -3.151527778000002, 108.146472222 -3.151527778000002, 108.146472222 -3.152388889000008, 108.14736111100001 -3.152388889000008, 108.14736111100001 -3.1521944439999743, 108.14808333299999 -3.1521944439999743, 108.14808333299999 -3.15188888900002, 108.14863888899998 -3.15188888900002, 108.14863888899998 -3.1516111110000224, 108.14913888900003 -3.1516111110000224, 108.14913888900003 -3.151277778000008, 108.14949999999999 -3.151277778000008, 108.14949999999999 -3.151055556000017, 108.14988888900001 -3.151055556000017, 108.14988888900001 -3.150250000000028, 108.149277778 -3.150250000000028, 108.149277778 -3.1500833329999978, 108.14825000000002 -3.1500833329999978, 108.14825000000002 -3.14980555599999, 108.14708333300001 -3.14980555599999, 108.14708333300001 -3.149499999999989, 108.14594444400001 -3.149499999999989, 108.14594444400001 -3.1491844180000044, 108.145916667 -3.1491944439999884, 108.145361111 -3.1491944439999884, 108.145361111 -3.149027778000004, 108.144805556 -3.149027778000004, 108.144805556 -3.148888888999977, 108.14377777800001 -3.148888888999977, 108.14377777800001 -3.1486111109999797, 108.14269444400003 -3.1486111109999797, 108.14269444400003 -3.1483333329999823, 108.14269444400003 -3.1483055560000253, 108.141777778 -3.1483055560000253, 108.141777778 -3.148083332999988, 108.14102777800002 -3.148083332999988, 108.14102777800002 -3.1478888890000007, 108.14019444399997 -3.1478888890000007, 108.14016666700002 -3.1478888890000007, 108.14016666700002 -3.1474999999999795, 108.13988888900002 -3.1474999999999795, 108.13988888900002 -3.1468333330000178, 108.13938888899997 -3.1468333330000178, 108.13938888899997 -3.1456666670000004, 108.138972222 -3.1456666670000004, 108.138972222 -3.1447499999999877, 108.13855555599997 -3.1447499999999877, 108.13855555599997 -3.1437777780000147, 108.138138889 -3.1437777780000147, 108.138138889 -3.142861111000002, 108.138138889 -3.1428333329999987, 108.13769444399998 -3.1428333329999987, 108.13769444399998 -3.1418055560000084, 108.137305556 -3.1418055560000084, 108.137305556 -3.1409722220000162, 108.13686111099997 -3.1409722220000162, 108.13686111099997 -3.1399166670000227, 108.13650000000001 -3.1399166670000227, 108.13650000000001 -3.1391388889999803, 108.136138889 -3.1391388889999803, 108.136138889 -3.138138889000004, 108.13547222199998 -3.138138889000004, 108.13547222199998 -3.1374722219999853, 108.1345 -3.1374722219999853, 108.1345 -3.136472222000009, 108.13344444400002 -3.136472222000009, 108.13344444400002 -3.1354722219999758, 108.13238888900003 -3.1354722219999758, 108.13238888900003 -3.13469444399999, 108.131166667 -3.13469444399999, 108.131166667 -3.13247222199999))",AKTIF
169434,SUMATERA,GUBERNUR,19,KEPULAUAN BANGKA BELITUNG,03,BANGKA SELATAN,IUP,PT,PT BANGKA MINERAL ABADI,2019034332020001,188.4/11/ESDM/DPMPTSP/2020,2020-02-26,2030-02-26,OPERASI PRODUKSI,193.7,ZIRKON,4,33,CNC,,,AIR GEGAS DAN DELAS,"POLYGON ((106.35145833299998 -2.713055555999972, 106.35145833299998 -2.7301388889999885, 106.36063888899997 -2.7301388889999885, 106.36063888899997 -2.713055555999972, 106.35145833299998 -2.713055555999972))",AKTIF
169493,SUMATERA,GUBERNUR,19,KEPULAUAN BANGKA BELITUNG,01,KABUPATEN BANGKA,IUP,PT,PT CINTA MAPUR INDONESIA,2119014052017001,02120102717550009                                                                                   ,2024-07-16,2037-03-30,OPERASI PRODUKSI,137.0,PASIR KUARSA,6,11,CNC,,,"DESA MAPUR, KECAMATAN RIAU SILIP","POLYGON ((106.019144444 -1.674205556000004, 106.01749722199997 -1.674205556000004, 106.01749722199997 -1.6738444439999967, 106.01713888900002 -1.6738444439999967, 106.01713888900002 -1.6734833329999788, 106.016311111 -1.6734833329999788, 106.016311111 -1.6738083330000109, 106.01586944399997 -1.6738083330000109, 106.01586944399997 -1.674152778000007, 106.01541111099999 -1.674152778000007, 106.01541111099999 -1.6744972220000136, 106.014963889 -1.6744972220000136, 106.014963889 -1.6746611109999776, 106.01459444400001 -1.6746611109999776, 106.01459444400001 -1.6743694439999786, 106.01437777799998 -1.6743694439999786, 106.01437777799998 -1.6739277780000066, 106.01416388899997 -1.6739277780000066, 106.01416388899997 -1.6734666670000138, 106.01373888900002 -1.6734666670000138, 106.01373888900002 -1.6738277779999748, 106.01318888899999 -1.6738277779999748, 106.01318888899999 -1.6741805560000103, 106.012833333 -1.6741805560000103, 106.012833333 -1.6745333329999994, 106.01239166699997 -1.6745333329999994, 106.01239166699997 -1.6748972220000269, 106.01194166699997 -1.6748972220000269, 106.01194166699997 -1.6752500000000055, 106.011494444 -1.6752500000000055, 106.011494444 -1.6754750000000058, 106.011297222 -1.6754750000000058, 106.011297222 -1.675747221999984, 106.01138611099998 -1.675747221999984, 106.01138611099998 -1.6761999999999944, 106.01156666700001 -1.6761999999999944, 106.01156666700001 -1.6765611110000123, 106.011747222 -1.6765611110000123, 106.011747222 -1.6768333329999905, 106.01147777800003 -1.6768333329999905, 106.01147777800003 -1.677105556000015, 106.01111666700001 -1.677105556000015, 106.01111666700001 -1.6773749999999836, 106.010847222 -1.6773749999999836, 106.010847222 -1.6775555560000157, 106.01066666700001 -1.6775555560000157, 106.01066666700001 -1.6776472220000187, 106.01048888899999 -1.6776472220000187, 106.01048888899999 -1.677827777999994, 106.01012777800003 -1.677827777999994, 106.01012777800003 -1.6780999999999722, 106.00976944400003 -1.6780999999999722, 106.00976944400003 -1.6783722220000072, 106.00940833300001 -1.6783722220000072, 106.00940833300001 -1.6786416670000222, 106.00905 -1.6786416670000222, 106.00905 -1.6789138890000004, 106.008691667 -1.6789138890000004, 106.008691667 -1.6791861109999786, 106.00833055599998 -1.6791861109999786, 106.00833055599998 -1.6794583330000137, 106.00797222199998 -1.6794583330000137, 106.00797222199998 -1.6797305559999813, 106.00761388900003 -1.6797305559999813, 106.00761388900003 -1.6800000000000068, 106.00725277800001 -1.6800000000000068, 106.00725277800001 -1.680272221999985, 106.006983333 -1.680272221999985, 106.006983333 -1.6804527780000171, 106.00662499999999 -1.6804527780000171, 106.00662499999999 -1.6807249999999954, 106.00626388900002 -1.6807249999999954, 106.00626388900002 -1.6809972219999736, 106.00590555600002 -1.6809972219999736, 106.00590555600002 -1.6812694440000087, 106.00554722200002 -1.6812694440000087, 106.00554722200002 -1.6815388890000236, 106.005186111 -1.6815388890000236, 106.005186111 -1.6818111110000018, 106.00482777799999 -1.6818111110000018, 106.00482777799999 -1.68208333299998, 106.00446666699997 -1.68208333299998, 106.00446666699997 -1.6823555560000045, 106.00410833299998 -1.6823555560000045, 106.00410833299998 -1.6826249999999732, 106.00375000000003 -1.6826249999999732, 106.00375000000003 -1.6828972220000082, 106.00347777799999 -1.6828972220000082, 106.00347777799999 -1.6830777779999835, 106.00311944399999 -1.6830777779999835, 106.00311944399999 -1.6833500000000186, 106.00276111099998 -1.6833500000000186, 106.00276111099998 -1.6836222219999968, 106.00240000000002 -1.6836222219999968, 106.00240000000002 -1.683894443999975, 106.00204166700001 -1.683894443999975, 106.00204166700001 -1.68416388899999, 106.00168333300002 -1.68416388899999, 106.00168333300002 -1.684436111000025, 106.001322222 -1.684436111000025, 106.001322222 -1.6847083330000032, 106.00096388899999 -1.6847083330000032, 106.00096388899999 -1.6849805560000277, 106.00060277799997 -1.6849805560000277, 106.00060277799997 -1.6868805560000055, 106.00105277799997 -1.6868805560000055, 106.00105277799997 -1.6866972220000207, 106.00150277799997 -1.6866972220000207, 106.00150277799997 -1.6863361110000028, 106.00195277799997 -1.6863361110000028, 106.00195277799997 -1.6858833329999925, 106.00285277799998 -1.6858833329999925, 106.00285277799998 -1.6854305559999716, 106.00375000000003 -1.6854305559999716, 106.00375000000003 -1.6848888889999785, 106.00465000000003 -1.6848888889999785, 106.00465000000003 -1.684705555999983, 106.00527777799999 -1.684705555999983, 106.00527777799999 -1.6843444439999757, 106.005636111 -1.6843444439999757, 106.005636111 -1.68416388899999, 106.006177778 -1.68416388899999, 106.006177778 -1.6839805559999945, 106.006536111 -1.6839805559999945, 106.006536111 -1.6836194439999872, 106.00707499999999 -1.6836194439999872, 106.00707499999999 -1.6832583330000261, 106.00761388900003 -1.6832583330000261, 106.00761388900003 -1.6828944439999987, 106.00851388900003 -1.6828944439999987, 106.00851388900003 -1.6825333329999808, 106.009591667 -1.6825333329999808, 106.009591667 -1.6827138890000128, 106.01228888899999 -1.6827138890000128, 106.01228888899999 -1.6829833329999815, 106.01363611099998 -1.6829833329999815, 106.01363611099998 -1.6834361109999918, 106.01453611099998 -1.6834361109999918, 106.01453611099998 -1.6838861109999925, 106.01498611099998 -1.6838861109999925, 106.01498611099998 -1.6843222219999916, 106.018986111 -1.6843222219999916, 106.018986111 -1.683930556000007, 106.01878055600002 -1.683930556000007, 106.01878055600002 -1.6834861109999792, 106.018563889 -1.6834861109999792, 106.018563889 -1.6830333330000258, 106.01834722199999 -1.6830333330000258, 106.01834722199999 -1.682583333000025, 106.01813055600002 -1.682583333000025, 106.01813055600002 -1.6821111109999833, 106.01768055600002 -1.6821111109999833, 106.01768055600002 -1.6818694439999717, 106.01792499999999 -1.6818694439999717, 106.01792499999999 -1.6814777779999872, 106.01838333299997 -1.6814777779999872, 106.01838333299997 -1.6810888890000228, 106.01882222199998 -1.6810888890000228, 106.01882222199998 -1.6807000000000016, 106.01927222199998 -1.6807000000000016, 106.01927222199998 -1.6803111109999804, 106.01961388900003 -1.6803111109999804, 106.01961388900003 -1.679922222000016, 106.01971111099999 -1.679922222000016, 106.01971111099999 -1.6795416670000236, 106.01992777800001 -1.6795416670000236, 106.01992777800001 -1.6792694439999991, 106.020108333 -1.6792694439999991, 106.020108333 -1.6789083329999812, 106.02069444400001 -1.6789083329999812, 106.02069444400001 -1.6780055560000164, 106.02036388900001 -1.6780055560000164, 106.02036388900001 -1.6765416669999809, 106.019805556 -1.6765416669999809, 106.019805556 -1.6750583329999813, 106.019144444 -1.6750583329999813, 106.019144444 -1.674205556000004))",AKTIF
169901,SUMATERA,GUBERNUR,19,KEPULAUAN BANGKA BELITUNG,06,KABUPATEN BELITUNG TIMUR,IUP,PT,PT HERO CERAMAS,2119065182020076,02550009123590006                                                                                   ,2026-01-26,2031-01-26,OPERASI PRODUKSI,195.0,TANAH LIAT,5,18,CNC,,,DESA LENGGANG KEC. GANTUNG KABUPATEN BELITUNG TIMUR,"POLYGON ((108.12008333300003 -2.9293611109999915, 108.12008333300003 -2.934833332999972, 108.12041666699997 -2.934833332999972, 108.12041666699997 -2.9408055559999866, 108.13386111099999 -2.9408055559999866, 108.13386111099999 -2.9466111109999815, 108.14027777799998 -2.9466111109999815, 108.14027777799998 -2.942222221999998, 108.13675 -2.942222221999998, 108.13675 -2.9363055559999793, 108.12772222199999 -2.9363055559999793, 108.12772222199999 -2.9293611109999915, 108.12008333300003 -2.9293611109999915))",AKTIF
169902,SUMATERA,GUBERNUR,19,KEPULAUAN BANGKA BELITUNG,02,KABUPATEN BELITUNG,IUP,PT,PT BUMI SENTOSA PROGRESS,3119024242014046,188.4/084/ESDM/DPMPTSP/2020                                                                         ,2022-06-19,2027-06-19,OPERASI PRODUKSI,33.2,KAOLIN,4,24,CNC,,,KAB BELITUNG,"POLYGON ((107.70543333299997 -2.671449999999993, 107.70543333299997 -2.674572221999995, 107.70697222199999 -2.674572221999995, 107.70697222199999 -2.677991667000015, 107.705452778 -2.677991667000015, 107.705452778 -2.681666667000002, 107.70784166700003 -2.681666667000002, 107.70784166700003 -2.680127777999985, 107.70852777800002 -2.680127777999985, 107.70852777800002 -2.6799166669999863, 107.70874166700003 -2.6799166669999863, 107.70874166700003 -2.671449999999993, 107.70543333299997 -2.671449999999993))",AKTIF
169909,SUMATERA,GUBERNUR,19,KEPULAUAN BANGKA BELITUNG,06,KABUPATEN BELITUNG TIMUR,IUP,PT,PT SEJAHTERA UTAMA MITRA JAYA,3119064052014037,31032200350030015                                                                                   ,2023-03-25,2033-03-25,OPERASI PRODUKSI,190.0,PASIR KUARSA,6,11,CNC-23,,,"DESA LILANGAN, KECAMATAN GANTUNG, KABUPATEN BELITUNG TIMUR  PROVINSI KEPULAUAN BANGKA BELITUNG","POLYGON ((108.11713888899999 -3.126666666999995, 108.11713888899999 -3.1283333330000005, 108.11619444399997 -3.1283333330000005, 108.11619444399997 -3.130999999999972, 108.11500000000001 -3.130999999999972, 108.11500000000001 -3.133222221999972, 108.11388888900001 -3.133222221999972, 108.11388888900001 -3.1351944439999784, 108.11291666699998 -3.1351944439999784, 108.11291666699998 -3.1361944440000116, 108.11233333299998 -3.1361944440000116, 108.11233333299998 -3.1370000000000005, 108.12208333299998 -3.1370000000000005, 108.12208333299998 -3.137999999999977, 108.12908333299998 -3.137999999999977, 108.12908333299998 -3.1361388889999944, 108.12824999999998 -3.1361388889999944, 108.12824999999998 -3.1338611109999874, 108.12766666700003 -3.1338611109999874, 108.12766666700003 -3.1311666670000022, 108.12886111099999 -3.1311666670000022, 108.12886111099999 -3.1296944439999947, 108.13074999999998 -3.1296944439999947, 108.13074999999998 -3.1282222219999767, 108.132527778 -3.1282222219999767, 108.132527778 -3.126666666999995, 108.11713888899999 -3.126666666999995))",AKTIF
170768,SUMATERA,GUBERNUR,19,KEPULAUAN BANGKA BELITUNG,06,BELITUNG TIMUR,IUP,PT,PT KARYA MELATI BELITONG,2119064052020136,188.4/091/ESDM/DPMPTSP/2020,2020-10-05,2030-10-05,OPERASI PRODUKSI,49.5,PASIR KUARSA,4,05,CNC,,,"SIMPANG SESAK, BELITUNG TIMUR","POLYGON ((108.01208333300002 -3.227811110999994, 108.01208333300002 -3.230922222000004, 108.005386111 -3.230922222000004, 108.005386111 -3.2330861109999773, 108.006405556 -3.2330861109999773, 108.006405556 -3.232638888999986, 108.00791666700002 -3.232638888999986, 108.00791666700002 -3.234422221999978, 108.00973055600002 -3.234422221999978, 108.00973055600002 -3.236180556000022, 108.01354166700003 -3.236180556000022, 108.01354166700003 -3.230916666999974, 108.01527499999997 -3.230916666999974, 108.01527499999997 -3.2287166670000147, 108.01438333300001 -3.2287166670000147, 108.01438333300001 -3.227811110999994, 108.01208333300002 -3.227811110999994))",AKTIF
170769,SUMATERA,MENTERI,19,KEPULAUAN BANGKA BELITUNG,01,KABUPATEN BANGKA,IUP,PT,PT SINAR LOGINDO ALAM,3119012112014194,02870102006140003                                                                                   ,2023-06-06,2033-06-06,OPERASI PRODUKSI,40.0,TIMAH,2,11,CNC-17,,,KECAMATAN RIAU SILIP KABUPATEN BANGKA,"POLYGON ((106.11895083299999 -1.7805888890000006, 106.123292778 -1.7805888890000006, 106.123292778 -1.7730900000000247, 106.11895083299999 -1.7730900000000247, 106.11895083299999 -1.7805888890000006))",AKTIF
170785,SUMATERA,GUBERNUR,19,KEPULAUAN BANGKA BELITUNG,02,KABUPATEN BELITUNG,IUP,PT,PT PARIT MUJUR SEJAHTERA,2119024052019088,188.4/494/ESDM/DPMPTSP/2019                                                                         ,2019-12-17,2029-12-17,OPERASI PRODUKSI,94.29,PASIR KUARSA,6,11,CNC,,,"JL. DR. SUSILO NO. 88 RT 009 RW 004, KELURAHAN PAAL SATU, KECAMATAN TANJUNG PANDAN","POLYGON ((107.61705555600003 -3.167111110999997, 107.61677777800003 -3.167111110999997, 107.61677777800003 -3.167305555999974, 107.61675000000002 -3.167305555999974, 107.61675000000002 -3.167488889000026, 107.616586111 -3.167488889000026, 107.616586111 -3.167599999999993, 107.616480556 -3.167599999999993, 107.616480556 -3.167752778000022, 107.616333333 -3.167752778000022, 107.616333333 -3.1679888890000143, 107.61611666699997 -3.1679888890000143, 107.61611666699997 -3.168263889000002, 107.61585277799998 -3.168263889000002, 107.61585277799998 -3.1685888889999774, 107.61554999999998 -3.1685888889999774, 107.61554999999998 -3.168886111000006, 107.61526666700001 -3.168886111000006, 107.61526666700001 -3.169102778000024, 107.615063889 -3.169102778000024, 107.615063889 -3.169272222000018, 107.61489999999998 -3.169272222000018, 107.61489999999998 -3.169452777999993, 107.61472777799997 -3.169452777999993, 107.61472777799997 -3.169661110999982, 107.61453888900002 -3.169661110999982, 107.61453888900002 -3.16983944399999, 107.614363889 -3.16983944399999, 107.614363889 -3.170122221999975, 107.61410277800002 -3.170122221999975, 107.61410277800002 -3.1703999999999724, 107.61383888900002 -3.1703999999999724, 107.61383888900002 -3.170644444000004, 107.613594444 -3.170644444000004, 107.613594444 -3.1709861109999906, 107.61327499999999 -3.1709861109999906, 107.61327499999999 -3.1712499999999864, 107.613027778 -3.1712499999999864, 107.613027778 -3.1716055559999745, 107.61275 -3.1716055559999745, 107.61275 -3.171972222000022, 107.61247222200001 -3.171972222000022, 107.61247222200001 -3.1721055560000195, 107.61207777800001 -3.1721055560000195, 107.61207777800001 -3.1726666669999872, 107.611808333 -3.1726666669999872, 107.611808333 -3.172888888999978, 107.61237499999999 -3.172888888999978, 107.61237499999999 -3.1732222219999926, 107.61304999999999 -3.1732222219999926, 107.61304999999999 -3.173691667000014, 107.61380555599999 -3.173691667000014, 107.61380555599999 -3.174141667000015, 107.61450000000002 -3.174141667000015, 107.61450000000002 -3.1745750000000044, 107.61531111099998 -3.1745750000000044, 107.61531111099998 -3.1750277780000147, 107.616005556 -3.1750277780000147, 107.616005556 -3.175444443999993, 107.61669444400002 -3.175444443999993, 107.61669444400002 -3.1763055559999884, 107.61722222200001 -3.1763055559999884, 107.61722222200001 -3.1768333329999905, 107.616611111 -3.1768333329999905, 107.616611111 -3.1773888889999853, 107.61586111100002 -3.1773888889999853, 107.61586111100002 -3.1779444439999907, 107.615194444 -3.1779444439999907, 107.615194444 -3.1770666670000196, 107.61373611099998 -3.1770666670000196, 107.61373611099998 -3.1803611110000247, 107.61361666699997 -3.1803611110000247, 107.61361666699997 -3.179986111000005, 107.612841667 -3.179986111000005, 107.612841667 -3.1795833329999823, 107.61194999999998 -3.1795833329999823, 107.61194999999998 -3.1791388890000007, 107.61149999999998 -3.1791388890000007, 107.61149999999998 -3.181244444000015, 107.611055556 -3.181244444000015, 107.611055556 -3.1837444440000127, 107.61149444400002 -3.1837444440000127, 107.61149444400002 -3.1841694440000197, 107.61241111099997 -3.1841694440000197, 107.61241111099997 -3.184611110999981, 107.61328333300003 -3.184611110999981, 107.61328333300003 -3.1850222219999864, 107.614166667 -3.1850222219999864, 107.614166667 -3.185450000000003, 107.61500555600003 -3.185450000000003, 107.61500555600003 -3.1858277779999753, 107.61579722200003 -3.1858277779999753, 107.61579722200003 -3.186269444000004, 107.61677500000002 -3.186269444000004, 107.61677500000002 -3.1867111110000224, 107.61764722200002 -3.1867111110000224, 107.61764722200002 -3.1871222220000277, 107.618452778 -3.1871222220000277, 107.618452778 -3.187611111000024, 107.61894444400002 -3.187611111000024, 107.61894444400002 -3.184011111000018, 107.61951111100001 -3.184011111000018, 107.61951111100001 -3.182875000000024, 107.618688889 -3.182875000000024, 107.618688889 -3.182450000000017, 107.617802778 -3.182450000000017, 107.617802778 -3.1820222220000005, 107.61696666699999 -3.1820222220000005, 107.61696666699999 -3.1815972219999935, 107.61611111100001 -3.1815972219999935, 107.61611111100001 -3.1812027779999994, 107.615275 -3.1812027779999994, 107.615275 -3.180774999999983, 107.61441944400002 -3.180774999999983, 107.61441944400002 -3.1803638889999775, 107.613794444 -3.1803638889999775, 107.613794444 -3.177141667000001, 107.615102778 -3.177141667000001, 107.615102778 -3.177988889000005, 107.61593333299999 -3.177988889000005, 107.61593333299999 -3.177447222000012, 107.61669444400002 -3.177447222000012, 107.61669444400002 -3.176866667000013, 107.61726944399999 -3.176866667000013, 107.61726944399999 -3.1762527779999914, 107.61678611100001 -3.1762527779999914, 107.61678611100001 -3.1757499999999936, 107.61736111099998 -3.1757499999999936, 107.61736111099998 -3.174555555999973, 107.61833333300001 -3.174555555999973, 107.61833333300001 -3.17349999999999, 107.619138889 -3.17349999999999, 107.619138889 -3.1726111109999806, 107.619944444 -3.1726111109999806, 107.619944444 -3.1716388890000076, 107.62063888900002 -3.1716388890000076, 107.62063888900002 -3.1710833330000128, 107.620527778 -3.1710833330000128, 107.620527778 -3.1709166669999718, 107.620277778 -3.1709166669999718, 107.620277778 -3.1706388889999744, 107.62002777800001 -3.1706388889999744, 107.62002777800001 -3.170361110999977, 107.61977777800001 -3.170361110999977, 107.61977777800001 -3.1700555560000225, 107.61947222200001 -3.1700555560000225, 107.61947222200001 -3.169777778000025, 107.61922222200002 -3.169777778000025, 107.61922222200002 -3.1695000000000277, 107.61900000000003 -3.1695000000000277, 107.61900000000003 -3.1692222219999735, 107.61869444400003 -3.1692222219999735, 107.61869444400003 -3.1688888890000158, 107.61838888900002 -3.1688888890000158, 107.61838888900002 -3.168527777999998, 107.618027778 -3.168527777999998, 107.618027778 -3.1681388889999766, 107.617694444 -3.1681388889999766, 107.617694444 -3.1677777780000156, 107.61736111099998 -3.1677777780000156, 107.61736111099998 -3.1674444440000116, 107.61705555600003 -3.1674444440000116, 107.61705555600003 -3.167111110999997))",AKTIF
170790,SUMATERA,GUBERNUR,19,KEPULAUAN BANGKA BELITUNG,06,BELITUNG TIMUR,IUP,CV,CV PERMATA BATU ITAM,2119064052020137,188.4/477/ESDM/DPMPTSP/2019,2019-12-09,2029-12-09,OPERASI PRODUKSI,40.3,PASIR KUARSA,4,05,CNC,,,"DESA TANJUNG KELUMPANG, KEC. SIMPANG PESAK","POLYGON ((108.021194444 -3.1914444440000125, 108.021194444 -3.1882499999999823, 108.01972222199998 -3.1882499999999823, 108.01972222199998 -3.1884166670000127, 108.01850000000002 -3.1884166670000127, 108.01850000000002 -3.188611111, 108.016194444 -3.188611111, 108.016194444 -3.188916667000001, 108.01297222199997 -3.188916667000001, 108.01297222199997 -3.1940833329999805, 108.01377777800002 -3.1940833329999805, 108.01377777800002 -3.1938611109999897, 108.01425 -3.1938611109999897, 108.01425 -3.1933611110000015, 108.01569444400002 -3.1933611110000015, 108.01569444400002 -3.1928888890000167, 108.01711111100002 -3.1928888890000167, 108.01711111100002 -3.192333333000022, 108.01863888899999 -3.192333333000022, 108.01863888899999 -3.19186111099998, 108.01997222199998 -3.19186111099998, 108.01997222199998 -3.1914444440000125, 108.021194444 -3.1914444440000125))",AKTIF
171625,SUMATERA,GUBERNUR,19,KEPULAUAN BANGKA BELITUNG,02,KABUPATEN BELITUNG,IUP,PT,PT SRIYUDI ALAM PERKASA,2119025182021318,91201015106250002                                                                                   ,2022-10-28,2028-01-25,OPERASI PRODUKSI,88.89,TANAH LIAT,5,18,CNC,,,KECAMATAN MEMBALONG,"POLYGON ((107.67630500000001 -3.1990258330000074, 107.67630500000001 -3.1984199999999987, 107.67647416699998 -3.1984199999999987, 107.67647416699998 -3.1978050000000167, 107.676724444 -3.1978050000000167, 107.676724444 -3.197388611000008, 107.67700194399998 -3.197388611000008, 107.67700194399998 -3.196971667000014, 107.677198611 -3.196971667000014, 107.677198611 -3.196474443999989, 107.67744777799999 -3.196474443999989, 107.67744777799999 -3.1960038889999964, 107.67766361100001 -3.1960038889999964, 107.67766361100001 -3.195524444, 107.67788722199998 -3.195524444, 107.67788722199998 -3.1951352780000093, 107.67808388899999 -3.1951352780000093, 107.67808388899999 -3.194637778000015, 107.67833444399997 -3.194637778000015, 107.67833444399997 -3.194112777999976, 107.67861166699998 -3.194112777999976, 107.67861166699998 -3.1936150000000225, 107.678806667 -3.1936150000000225, 107.678806667 -3.192973056000028, 107.67911222200001 -3.192973056000028, 107.67911222200001 -3.192357500000014, 107.679470278 -3.192357500000014, 107.679470278 -3.191778333000002, 107.67974750000002 -3.191778333000002, 107.67974750000002 -3.191280000000006, 107.67999805599999 -3.191280000000006, 107.67999805599999 -3.190809999999999, 107.68022166700001 -3.190809999999999, 107.68022166700001 -3.1903575000000046, 107.680391111 -3.1903575000000046, 107.680391111 -3.1899141669999835, 107.680641944 -3.1899141669999835, 107.680641944 -3.189552221999975, 107.68077583299998 -3.189552221999975, 107.68077583299998 -3.1893363890000046, 107.68016305600003 -3.1893363890000046, 107.68016305600003 -3.1890847220000182, 107.67972250000003 -3.1890847220000182, 107.67972250000003 -3.1888058330000035, 107.67916444399998 -3.1888058330000035, 107.67916444399998 -3.1885541670000066, 107.67864222200001 -3.1885541670000066, 107.67864222200001 -3.1883025000000202, 107.678165278 -3.1883025000000202, 107.678165278 -3.1880597219999913, 107.67766999999998 -3.1880597219999913, 107.67766999999998 -3.187835000000007, 107.67721999999998 -3.187835000000007, 107.67721999999998 -3.187636944000019, 107.676887222 -3.187636944000019, 107.676887222 -3.1877816670000243, 107.67647416699998 -3.1877816670000243, 107.67647416699998 -3.1880280560000074, 107.67597138899998 -3.1880280560000074, 107.67597138899998 -3.1882811109999807, 107.67536083300001 -3.1882811109999807, 107.67536083300001 -3.1885824999999954, 107.67469638900002 -3.1885824999999954, 107.67469638900002 -3.1888911109999754, 107.674193333 -3.1888911109999754, 107.674193333 -3.189136667000014, 107.67363666699998 -3.189136667000014, 107.67363666699998 -3.189444999999978, 107.67322333300001 -3.189444999999978, 107.67322333300001 -3.18925611100002, 107.67286305599998 -3.18925611100002, 107.67286305599998 -3.1888866670000198, 107.67250250000001 -3.1888866670000198, 107.67250250000001 -3.1885800000000017, 107.672196111 -3.1885800000000017, 107.672196111 -3.188281943999982, 107.671665556 -3.188281943999982, 107.671665556 -3.188528610999981, 107.671135833 -3.188528610999981, 107.671135833 -3.1888097219999736, 107.67077666699998 -3.1888097219999736, 107.67077666699998 -3.1890822220000246, 107.670246389 -3.1890822220000246, 107.670246389 -3.189390555999978, 107.66983416699998 -3.189390555999978, 107.66983416699998 -3.1896075000000224, 107.669529722 -3.1896075000000224, 107.669529722 -3.1900872219999883, 107.66958499999998 -3.1900872219999883, 107.66958499999998 -3.190610832999994, 107.66969472199997 -3.190610832999994, 107.66969472199997 -3.1913338890000205, 107.66997444399999 -3.1913338890000205, 107.66997444399999 -3.1917308330000083, 107.67025444400002 -3.1917308330000083, 107.67025444400002 -3.192226388999984, 107.67052555599997 -3.192226388999984, 107.67052555599997 -3.1927236110000194, 107.67080416699997 -3.1927236110000194, 107.67080416699997 -3.193246944000009, 107.67111249999999 -3.193246944000009, 107.67111249999999 -3.193724443999997, 107.67139250000002 -3.193724443999997, 107.67139250000002 -3.1942755559999796, 107.67166361099999 -3.1942755559999796, 107.67166361099999 -3.1947811109999975, 107.67197055600002 -3.1947811109999975, 107.67197055600002 -3.195248889000027, 107.67241999999999 -3.195248889000027, 107.67241999999999 -3.195999167000025, 107.672808611 -3.195999167000025, 107.672808611 -3.1966938890000165, 107.67317000000003 -3.1966938890000165, 107.67317000000003 -3.1971975000000157, 107.673747778 -3.1971975000000157, 107.673747778 -3.1976133329999925, 107.67433305600002 -3.1976133329999925, 107.67433305600002 -3.1979730560000235, 107.67489055599998 -3.1979730560000235, 107.67489055599998 -3.198331666999991, 107.67547583300001 -3.198331666999991, 107.67547583300001 -3.198809166999979, 107.67608027799997 -3.198809166999979, 107.67608027799997 -3.1990258330000074, 107.67630500000001 -3.1990258330000074))",AKTIF
171627,SUMATERA,GUBERNUR,19,KEPULAUAN BANGKA BELITUNG,02,BELITUNG,IUP,PT,PT SRIYUDI ALAM PERKASA,2119024052021090,188.4/065/ESDM/DPMPTSP/2020,2020-06-25,2030-06-25,OPERASI PRODUKSI,49.47,PASIR KUARSA,4,05,CNC,,,"DESA MENTIGI, KEC. MEMBALONG, KABUPATEN BELITUNG, KEPULAUAN BANGKA BELITUNG","POLYGON ((107.66735833299998 -3.188669444000027, 107.66735833299998 -3.18778611099998, 107.66619166700002 -3.18778611099998, 107.66619166700002 -3.1880638889999773, 107.66530555600002 -3.1880638889999773, 107.66530555600002 -3.1886333329999843, 107.66451388899998 -3.1886333329999843, 107.66451388899998 -3.189374999999984, 107.66403888899998 -3.189374999999984, 107.66403888899998 -3.1902305560000173, 107.66289444400002 -3.1902305560000173, 107.66289444400002 -3.1914750000000254, 107.66318888900003 -3.1914750000000254, 107.66318888900003 -3.191688888999977, 107.66349166700002 -3.191688888999977, 107.66349166700002 -3.192124999999976, 107.66420833299998 -3.192124999999976, 107.66420833299998 -3.1930416669999886, 107.664438889 -3.1930416669999886, 107.664438889 -3.1934944440000095, 107.66477222200001 -3.1934944440000095, 107.66477222200001 -3.193852778000007, 107.66501388900002 -3.193852778000007, 107.66501388900002 -3.1942527780000205, 107.66528333299999 -3.1942527780000205, 107.66528333299999 -3.1946611110000163, 107.66555833299998 -3.1946611110000163, 107.66555833299998 -3.1951055559999872, 107.66587222200002 -3.1951055559999872, 107.66587222200002 -3.195455556000013, 107.66806111099999 -3.195455556000013, 107.66806111099999 -3.196758332999991, 107.67076111099999 -3.196758332999991, 107.67076111099999 -3.195055556, 107.667297222 -3.195055556, 107.667297222 -3.194313889, 107.669388889 -3.194313889, 107.669388889 -3.1944194440000047, 107.66998611100001 -3.1944194440000047, 107.66998611100001 -3.194977778000009, 107.6703 -3.194977778000009, 107.6703 -3.194313889, 107.669572222 -3.194313889, 107.669572222 -3.1908083330000068, 107.66941111099999 -3.1908083330000068, 107.66941111099999 -3.188669444000027, 107.66735833299998 -3.188669444000027))",AKTIF
172055,SUMATERA,GUBERNUR,19,KEPULAUAN BANGKA BELITUNG,01,KABUPATEN BANGKA,IUP,PT,PT PRIMA ZIRCON MINERAL,2119014332021001,188.4/066/ESDM/DPMPTSP/2020                                                                         ,2020-06-29,2030-06-29,OPERASI PRODUKSI,48.9,ZIRKON,4,33,CNC,,,"DESA BUKIT KETOK, KEC.BELINYU, KABUPATEN BANGKA","POLYGON ((105.763983333 -1.5910499999999956, 105.763983333 -1.596236110999996, 105.761008333 -1.596236110999996, 105.761008333 -1.5983611109999742, 105.76755000000003 -1.5983611109999742, 105.76755000000003 -1.595305556000028, 105.77274999999997 -1.595305556000028, 105.77274999999997 -1.5943750000000136, 105.76931111099998 -1.5943750000000136, 105.76931111099998 -1.5933194439999738, 105.767847222 -1.5933194439999738, 105.767847222 -1.5910499999999956, 105.763983333 -1.5910499999999956))",AKTIF
172060,SUMATERA,GUBERNUR,19,KEPULAUAN BANGKA BELITUNG,06,BELITUNG TIMUR,IUP,PT,PT BINTANG MAJU RAHARJA,2119064052021001,188.4/480/ESDM/DPMPTSP/2019,2019-12-16,2029-12-16,OPERASI PRODUKSI,195.37,PASIR KUARSA,4,05,CNC,,,"DESA TG KELUMPANG DAN TG BATU ITAM, KEC. SIMPANG PESAK KAB BELITUNG TIMUR","POLYGON ((108.01299999999998 -3.18341700000002, 108.01299999999998 -3.188110999999992, 108.021389 -3.188110999999992, 108.021389 -3.1929440000000113, 108.022111 -3.1929440000000113, 108.022111 -3.1895279999999957, 108.02786099999997 -3.1895279999999957, 108.02786099999997 -3.1883609999999862, 108.03013900000002 -3.1883609999999862, 108.03013900000002 -3.186916999999994, 108.032333 -3.186916999999994, 108.032333 -3.1820829999999773, 108.03111100000001 -3.1820829999999773, 108.03111100000001 -3.1799439999999777, 108.029222 -3.1799439999999777, 108.029222 -3.1786940000000072, 108.02063900000002 -3.1786940000000072, 108.02063900000002 -3.181083000000001, 108.016528 -3.181083000000001, 108.016528 -3.18341700000002, 108.01299999999998 -3.18341700000002))",AKTIF
172471,SUMATERA,GUBERNUR,19,KEPULAUAN BANGKA BELITUNG,06,BELITUNG TIMUR,IUP,PT,PT BINTANG DELAPAN ENAM,2119064052021138,188.4/120/ESDM/DPMPTSP/2020,2020-12-10,2030-12-10,OPERASI PRODUKSI,49.5,PASIR KUARSA,4,05,CNC,,,"DESA GANTUNG DAN BAYU PENYU, KEC. GANTUNG","POLYGON ((108.12373333300002 -3.013794443999984, 108.12373333300002 -3.0130888890000165, 108.116666667 -3.0130888890000165, 108.116666667 -3.0147361109999906, 108.12436944400002 -3.0147361109999906, 108.12436944400002 -3.0190694440000243, 108.12262777799998 -3.0190694440000243, 108.12262777799998 -3.0200472220000165, 108.128569444 -3.0200472220000165, 108.128569444 -3.013794443999984, 108.12373333300002 -3.013794443999984))",AKTIF
172476,SUMATERA,GUBERNUR,19,KEPULAUAN BANGKA BELITUNG,2,BELITUNG,IUP,PT,PT HERO PROGRES INTERNATIONAL,2119024052021003,188.4/069/ESDM/DPMPTSP/2020,2020-07-20,2030-07-20,OPERASI PRODUKSI,28.02,PASIR KUARSA,4,05,CNC,,,"DESA PADANG KANDIS DAN MEMBALONG, KEC. MEMBALONG KAB BELITUNG","POLYGON ((107.60852799999998 -3.176860999999974, 107.61519399999997 -3.176860999999974, 107.61519399999997 -3.177944000000025, 107.615861 -3.177944000000025, 107.615861 -3.177389000000005, 107.61661099999998 -3.177389000000005, 107.61661099999998 -3.176832999999988, 107.61722200000003 -3.176832999999988, 107.61722200000003 -3.176306000000011, 107.616694 -3.176306000000011, 107.616694 -3.1757499999999936, 107.61611099999999 -3.1757499999999936, 107.61611099999999 -3.1754999999999995, 107.61552799999998 -3.1754999999999995, 107.61552799999998 -3.1752220000000193, 107.61500000000001 -3.1752220000000193, 107.61500000000001 -3.1749169999999935, 107.614528 -3.1749169999999935, 107.614528 -3.1746390000000133, 107.61397199999999 -3.1746390000000133, 107.61397199999999 -3.1742780000000153, 107.613472 -3.1742780000000153, 107.613472 -3.173999999999978, 107.61297200000001 -3.173999999999978, 107.61297200000001 -3.17363899999998, 107.612417 -3.17363899999998, 107.612417 -3.173306000000025, 107.611806 -3.173306000000025, 107.611806 -3.172555999999986, 107.61208299999998 -3.172555999999986, 107.61208299999998 -3.1721109999999726, 107.61247200000003 -3.1721109999999726, 107.61247200000003 -3.1717780000000175, 107.61202800000001 -3.1717780000000175, 107.61202800000001 -3.1720000000000255, 107.611806 -3.1720000000000255, 107.611806 -3.1721390000000156, 107.61161099999998 -3.1721390000000156, 107.61161099999998 -3.1723329999999805, 107.61130600000001 -3.1723329999999805, 107.61130600000001 -3.1725829999999746, 107.61091699999997 -3.1725829999999746, 107.61091699999997 -3.1728610000000117, 107.61055599999997 -3.1728610000000117, 107.61055599999997 -3.173249999999996, 107.61025000000001 -3.173249999999996, 107.61025000000001 -3.173610999999994, 107.60980599999999 -3.173610999999994, 107.60980599999999 -3.173999999999978, 107.60947199999998 -3.173999999999978, 107.60947199999998 -3.174500000000023, 107.60922199999999 -3.174500000000023, 107.60922199999999 -3.1751669999999876, 107.608972 -3.1751669999999876, 107.608972 -3.1757220000000075, 107.60874999999999 -3.1757220000000075, 107.60874999999999 -3.1760830000000055, 107.60852799999998 -3.1760830000000055, 107.60852799999998 -3.176860999999974))",AKTIF
172478,SUMATERA,GUBERNUR,19,KEPULAUAN BANGKA BELITUNG,02,KABUPATEN BELITUNG,IUP,CV,CV IRPAU HERO,2119024052021002,91202161907870006                                                                                   ,2023-08-23,2033-08-23,OPERASI PRODUKSI,49.5,PASIR KUARSA,6,11,CNC,,,DESA MEMBALONG KEC. MEMBALONG KABUPATEN BELITUNG,"POLYGON ((107.63438888899998 -3.1849444439999957, 107.63438888899998 -3.188611111, 107.645333333 -3.188611111, 107.645333333 -3.1849444439999957, 107.63438888899998 -3.1849444439999957))",AKTIF
172480,SUMATERA,GUBERNUR,19,KEPULAUAN BANGKA BELITUNG,2,BELITUNG,IUP,PT,PT HERO PROGRES INTERNATIONAL,2119025182021004,188.4/070/ESDM/DPMPTSP/2020,2020-07-20,2030-07-20,OPERASI PRODUKSI,49.89,TANAH LIAT,5,18,CNC,,,"DESA PADANG KANDIS, KEC. MEMBALONG","POLYGON ((107.63724444399998 -3.206747000000007, 107.63802500000003 -3.206747000000007, 107.63802199999998 -3.2058890000000133, 107.63908611099998 -3.2058860390000063, 107.63908611099998 -3.2045916669999883, 107.64043299999997 -3.2045916669999883, 107.64043299999997 -3.204586000000006, 107.64773300000002 -3.204586000000006, 107.64773300000002 -3.1997499999999945, 107.648661 -3.1997499999999945, 107.648661 -3.1989639999999895, 107.649811 -3.198960999999997, 107.64980800000001 -3.1981420000000185, 107.65101399999998 -3.198139000000026, 107.65101399999998 -3.197428000000002, 107.65243099999998 -3.1974250000000097, 107.65243099999998 -3.206735999999978, 107.65274499999998 -3.206735999999978, 107.65274470399999 -3.203405327999974, 107.65274166699999 -3.203405556000007, 107.65247222199997 -3.203405556000007, 107.65247222199997 -3.1970527779999998, 107.65116666699998 -3.1970527779999998, 107.65116666699998 -3.197180555999978, 107.65095000000002 -3.197180555999978, 107.65095000000002 -3.197358333000011, 107.65089444400002 -3.197358333000011, 107.65089444400002 -3.198041666999984, 107.649633333 -3.198041666999984, 107.649633333 -3.1988555560000123, 107.649080556 -3.1988555560000123, 107.649080556 -3.196416666999994, 107.64469444399998 -3.196416666999994, 107.64469444399998 -3.1944333330000063, 107.64289444399998 -3.1944333330000063, 107.64289444399998 -3.195274999999981, 107.64084412199998 -3.195274999999981, 107.64084700000001 -3.196322000000009, 107.633981 -3.196322000000009, 107.63399399999997 -3.1968330000000265, 107.646725 -3.196836000000019, 107.646725 -3.2013749999999845, 107.64729399999999 -3.2013749999999845, 107.64729399999999 -3.2013916669999958, 107.64729722200002 -3.2013916669999958, 107.64729722200002 -3.2044805560000214, 107.64402222199999 -3.2044805560000214, 107.64402222199999 -3.202827778000028, 107.63736752400001 -3.202827778000028, 107.63724444399998 -3.202827778000028, 107.63724444399998 -3.2028279859999884, 107.63724444399998 -3.206747000000007))",AKTIF
172485,SUMATERA,GUBERNUR,19,KEPULAUAN BANGKA BELITUNG,04,KABUPATEN BANGKA TENGAH,IUP,PT,PT TANJUNG BUKIT NUNGGAL,1119045102021001,91200072007620001                                                                                   ,2023-07-27,2028-07-27,OPERASI PRODUKSI,46.77,GRANIT,5,10,CNC,,,KEPULAUAN BANGKA BELITUNG,"POLYGON ((106.15333305600001 -2.2233888889999776, 106.15333305600001 -2.2242219440000213, 106.15283305600002 -2.2242219440000213, 106.15283305600002 -2.225278055999979, 106.15222194400002 -2.225278055999979, 106.15222194400002 -2.225611110999978, 106.15230611099997 -2.225638888999981, 106.15230611099997 -2.225861110999972, 106.15238888900001 -2.225861110999972, 106.15238888900001 -2.226083055999993, 106.15247194400001 -2.226083055999993, 106.15247194400001 -2.226443888999995, 106.15258305600003 -2.226443888999995, 106.15258305600003 -2.2267780560000006, 106.15266694399998 -2.2267780560000006, 106.15266694399998 -2.2271111109999993, 106.15275000000003 -2.2271111109999993, 106.15275000000003 -2.2274719440000013, 106.15283305600002 -2.2274719440000013, 106.15283305600002 -2.2278061110000067, 106.15294388900003 -2.2278061110000067, 106.15294388900003 -2.2281669440000087, 106.15302805599998 -2.2281669440000087, 106.15302805599998 -2.228499999999997, 106.15305611100001 -2.228499999999997, 106.15305611100001 -2.228943888999993, 106.15294388900003 -2.228943888999993, 106.15294388900003 -2.229416943999979, 106.15277805599999 -2.229416943999979, 106.15277805599999 -2.2298061110000162, 106.15386111100003 -2.2298061110000162, 106.15386111100003 -2.2300280559999806, 106.15550000000002 -2.2300280559999806, 106.15550000000002 -2.2306938890000083, 106.158333056 -2.2306938890000083, 106.158333056 -2.2273061110000185, 106.15897222199999 -2.2273061110000185, 106.15897222199999 -2.225388888999987, 106.157611111 -2.225388888999987, 106.157611111 -2.2233888889999776, 106.15333305600001 -2.2233888889999776))",AKTIF
172487,SUMATERA,GUBERNUR,19,KEPULAUAN BANGKA BELITUNG,2,BELITUNG,IUP,CV,CV IRPAU HERO,2119025402021012,188.44/112/ESDM/DPMPTSP/2020,2020-12-04,2027-10-29,OPERASI PRODUKSI,35.4,PASIR BANGUNAN,5,40,CNC,,,"DESA BULUH TUMBANG, KEC. TANJUNGPANDAN","POLYGON ((107.74102699999997 -2.8120549999999866, 107.74022200000002 -2.8120549999999866, 107.74022200000002 -2.8124159999999847, 107.740388 -2.8124159999999847, 107.740388 -2.8128879999999867, 107.74077699999998 -2.8128879999999867, 107.74077699999998 -2.8137219999999843, 107.74113799999998 -2.8137219999999843, 107.74113799999998 -2.814638000000002, 107.74149999999997 -2.814638000000002, 107.74149999999997 -2.8154440000000136, 107.741805 -2.8154440000000136, 107.741805 -2.8161380000000236, 107.74211100000002 -2.8161380000000236, 107.74211100000002 -2.816471999999976, 107.74255499999998 -2.816471999999976, 107.74255499999998 -2.817165999999986, 107.74213800000001 -2.817165999999986, 107.74213800000001 -2.820194000000015, 107.74486100000001 -2.820194000000015, 107.74486100000001 -2.8179440000000113, 107.75099999999998 -2.8179440000000113, 107.75099999999998 -2.8142219999999725, 107.75049999999999 -2.8142219999999725, 107.75049999999999 -2.814638000000002, 107.74933299999998 -2.814638000000002, 107.74933299999998 -2.8150269999999864, 107.74824999999998 -2.8150269999999864, 107.74824999999998 -2.8154160000000275, 107.74716599999999 -2.8154160000000275, 107.74716599999999 -2.8157770000000255, 107.74616600000002 -2.8157770000000255, 107.74616600000002 -2.8161380000000236, 107.74511100000001 -2.8161380000000236, 107.74511100000001 -2.816500000000019, 107.744166 -2.816500000000019, 107.744166 -2.816804999999988, 107.74338799999998 -2.816804999999988, 107.74338799999998 -2.817083000000025, 107.743 -2.817083000000025, 107.743 -2.816665999999998, 107.74272200000001 -2.816665999999998, 107.74272200000001 -2.81574999999998, 107.74233299999997 -2.81574999999998, 107.74233299999997 -2.8149720000000116, 107.74202700000001 -2.8149720000000116, 107.74202700000001 -2.814166, 107.741694 -2.814166, 107.741694 -2.813277000000028, 107.741333 -2.813277000000028, 107.741333 -2.8124159999999847, 107.74102699999997 -2.8124159999999847, 107.74102699999997 -2.8120549999999866))",AKTIF
172504,SUMATERA,GUBERNUR,19,KEPULAUAN BANGKA BELITUNG,02,KABUPATEN BELITUNG,IUP,PT,PT SANDEIR SETIA BROTHERS,2119024242021123,81200180421610002                                                                                   ,2023-03-02,2028-03-02,OPERASI PRODUKSI,162.6,KAOLIN,4,24,CNC,,,DESA MEMBALONG KEC. MEMBALONG KABUPATEN BELITUNG,"POLYGON ((107.63972222199999 -3.173749999999984, 107.63972222199999 -3.177472222000006, 107.63611111099999 -3.177472222000006, 107.63611111099999 -3.1797500000000127, 107.63430555600002 -3.1797500000000127, 107.63430555600002 -3.181972222000013, 107.64097222200002 -3.181972222000013, 107.64097222200002 -3.1843055560000266, 107.64583333299998 -3.1843055560000266, 107.64583333299998 -3.189305556000022, 107.641777778 -3.189305556000022, 107.641777778 -3.193027777999987, 107.64819444400001 -3.193027777999987, 107.64819444400001 -3.189166666999995, 107.64694444399998 -3.189166666999995, 107.64694444399998 -3.1877777779999974, 107.64916666699997 -3.1877777779999974, 107.64916666699997 -3.185555555999997, 107.64805555599997 -3.185555555999997, 107.64805555599997 -3.182638888999975, 107.64291666700001 -3.182638888999975, 107.64291666700001 -3.1797222220000094, 107.65027777799997 -3.1797222220000094, 107.65027777799997 -3.177500000000009, 107.64916666699997 -3.177500000000009, 107.64916666699997 -3.176388889000009, 107.64808333299999 -3.176388889000009, 107.64808333299999 -3.1750000000000114, 107.647055556 -3.1750000000000114, 107.647055556 -3.173749999999984, 107.63972222199999 -3.173749999999984))",AKTIF
172529,SUMATERA,GUBERNUR,19,KEPULAUAN BANGKA BELITUNG,01,BANGKA,IUP,PT,PT TELAGA INTAN PUTIH,2119014242021104,188.4/319/ESDM/DPMPTSP/2018,2018-08-16,2028-08-16,OPERASI PRODUKSI,44.0,KAOLIN,4,24,CNC,,,"RIAU SILIP, BANGKA","POLYGON ((105.92856111100002 -1.8047222220000094, 105.92856111100002 -1.8055694440000138, 105.927988889 -1.8055694440000138, 105.927988889 -1.8066972220000252, 105.927327778 -1.8066972220000252, 105.927327778 -1.8088472219999971, 105.927972222 -1.8088472219999971, 105.927972222 -1.80925000000002, 105.92872222199998 -1.80925000000002, 105.92872222199998 -1.8097222220000049, 105.92950000000002 -1.8097222220000049, 105.92950000000002 -1.8102083329999914, 105.93013888899998 -1.8102083329999914, 105.93013888899998 -1.8106111110000143, 105.93087777800002 -1.8106111110000143, 105.93087777800002 -1.8110555559999852, 105.93384444399999 -1.8110555559999852, 105.93384444399999 -1.8047222220000094, 105.92856111100002 -1.8047222220000094))",AKTIF
172942,SUMATERA,MENTERI,19,KEPULAUAN BANGKA BELITUNG,06,KABUPATEN BELITUNG TIMUR,IUP,PT,PT HPM BELTIM,3119062112014009,1110/1/IUP/PMDN/2022,2022-10-25,2032-03-30,OPERASI PRODUKSI,187.3,TIMAH,2,11,CNC-18,,,KECAMATAN GANTUNG,"POLYGON ((108.07850000000002 -3.0612222220000262, 108.07850000000002 -3.061694444000011, 108.078972222 -3.061694444000011, 108.078972222 -3.062250000000006, 108.07941666699998 -3.062250000000006, 108.07941666699998 -3.0628333330000146, 108.07986111100001 -3.0628333330000146, 108.07986111100001 -3.0634166670000127, 108.080333333 -3.0634166670000127, 108.080333333 -3.0640000000000214, 108.08077777800003 -3.0640000000000214, 108.08077777800003 -3.064583332999973, 108.08122222200001 -3.064583332999973, 108.08122222200001 -3.065138889000025, 108.08166666699998 -3.065138889000025, 108.08166666699998 -3.0656944439999734, 108.08211111100002 -3.0656944439999734, 108.08211111100002 -3.0662777780000283, 108.08255555599999 -3.0662777780000283, 108.08255555599999 -3.06686111099998, 108.08300000000003 -3.06686111099998, 108.08300000000003 -3.067416666999975, 108.08347222200001 -3.067416666999975, 108.08347222200001 -3.0679999999999836, 108.08391666699998 -3.0679999999999836, 108.08391666699998 -3.0685555559999784, 108.08436111100002 -3.0685555559999784, 108.08436111100002 -3.069138888999987, 108.08480555599999 -3.069138888999987, 108.08480555599999 -3.069722221999996, 108.08527777799998 -3.069722221999996, 108.08527777799998 -3.070305555999994, 108.08572222200002 -3.070305555999994, 108.08572222200002 -3.0708611109999993, 108.08616666699999 -3.0708611109999993, 108.08616666699999 -3.071416666999994, 108.08661111100002 -3.071416666999994, 108.08661111100002 -3.0720000000000027, 108.087055556 -3.0720000000000027, 108.087055556 -3.0725833330000114, 108.08749999999998 -3.0725833330000114, 108.08749999999998 -3.073138889000006, 108.08794444400002 -3.073138889000006, 108.08794444400002 -3.073722222000015, 108.08838888899999 -3.073722222000015, 108.08838888899999 -3.0742777780000097, 108.08883333300003 -3.0742777780000097, 108.08883333300003 -3.0748611110000184, 108.089277778 -3.0748611110000184, 108.089277778 -3.075416667000013, 108.08974999999998 -3.075416667000013, 108.08974999999998 -3.076027778000025, 108.09019444400002 -3.076027778000025, 108.09019444400002 -3.0765833329999737, 108.09063888899999 -3.0765833329999737, 108.09063888899999 -3.0771666669999718, 108.09111111099998 -3.0771666669999718, 108.09111111099998 -3.077722221999977, 108.09130555600001 -3.077722221999977, 108.09130555600001 -3.0779999999999745, 108.09911111100001 -3.0779999999999745, 108.09911111100001 -3.077694443999974, 108.098805556 -3.077694443999974, 108.098805556 -3.0772499999999923, 108.09838888899998 -3.0772499999999923, 108.09838888899998 -3.076611110999977, 108.09800000000001 -3.076611110999977, 108.09800000000001 -3.076027778000025, 108.097638889 -3.076027778000025, 108.097638889 -3.075638889000004, 108.097083333 -3.075638889000004, 108.097083333 -3.074805556000001, 108.09680555599999 -3.074805556000001, 108.09680555599999 -3.074222222000003, 108.09641666700003 -3.074222222000003, 108.09641666700003 -3.0736388889999944, 108.096027778 -3.0736388889999944, 108.096027778 -3.072999999999979, 108.09561111099998 -3.072999999999979, 108.09561111099998 -3.0723611110000206, 108.095138889 -3.0723611110000206, 108.095138889 -3.071694444000002, 108.09472222199997 -3.071694444000002, 108.09472222199997 -3.071444444000008, 108.09408333300001 -3.071444444000008, 108.09408333300001 -3.070305555999994, 108.09383333300002 -3.070305555999994, 108.09383333300002 -3.0696666669999786, 108.09338888899998 -3.0696666669999786, 108.09338888899998 -3.0690555560000234, 108.09305555600002 -3.0690555560000234, 108.09305555600002 -3.0684722220000253, 108.092638889 -3.0684722220000253, 108.092638889 -3.0678888890000167, 108.09224999999998 -3.0678888890000167, 108.09224999999998 -3.0672777780000047, 108.09186111100001 -3.0672777780000047, 108.09186111100001 -3.0666944440000066, 108.091472222 -3.0666944440000066, 108.091472222 -3.066361110999992, 108.09108333299997 -3.066361110999992, 108.09108333299997 -3.065499999999986, 108.09072222200001 -3.065499999999986, 108.09072222200001 -3.064944443999991, 108.09033333299999 -3.064944443999991, 108.09033333299999 -3.0643611109999824, 108.08994444400003 -3.0643611109999824, 108.08994444400003 -3.0637500000000273, 108.089555556 -3.0637500000000273, 108.089555556 -3.0631666670000186, 108.08916666699997 -3.0631666670000186, 108.08916666699997 -3.0625555560000066, 108.08877777800001 -3.0625555560000066, 108.08877777800001 -3.0624166669999795, 108.08827777800002 -3.0624166669999795, 108.08827777800002 -3.061388889, 108.08797222200002 -3.061388889, 108.08797222200002 -3.060777777999988, 108.087583333 -3.060777777999988, 108.087583333 -3.0601944439999897, 108.08719444399998 -3.0601944439999897, 108.08719444399998 -3.0595833329999778, 108.085638889 -3.0595833329999778, 108.085638889 -3.0599166669999818, 108.084222222 -3.0599166669999818, 108.084222222 -3.0601944439999897, 108.08305555599998 -3.0601944439999897, 108.08305555599998 -3.0605277779999938, 108.08161111099997 -3.0605277779999938, 108.08161111099997 -3.060833333000005, 108.08016666700001 -3.060833333000005, 108.08016666700001 -3.0612222220000262, 108.07850000000002 -3.0612222220000262))",AKTIF
173805,SUMATERA,GUBERNUR,19,KEPULAUAN BANGKA BELITUNG,02,KABUPATEN BELITUNG,IUP,CV,CV BERSATU BANGUN PERTIWI,3119025382015139,91201142718960004                                                                                   ,2022-10-13,2033-12-11,OPERASI PRODUKSI,79.16,PASIR KUARSA,6,11,CNC,,,KEC. BADAU KABUPATEN BELITUNG,"POLYGON ((107.61055555600001 -2.814444444000003, 107.61055555600001 -2.8230555559999857, 107.61361111100001 -2.8230555559999857, 107.61361111100001 -2.8255555559999834, 107.616388889 -2.8255555559999834, 107.616388889 -2.8227777779999883, 107.617777778 -2.8227777779999883, 107.617777778 -2.821944443999996, 107.618055556 -2.821944443999996, 107.618055556 -2.8211111109999933, 107.61944444400001 -2.8211111109999933, 107.61944444400001 -2.8191666669999904, 107.6175 -2.8191666669999904, 107.6175 -2.8166666669999927, 107.61513888899998 -2.8166666669999927, 107.61513888899998 -2.8156944439999734, 107.61388888900001 -2.8156944439999734, 107.61388888900001 -2.814444444000003, 107.61055555600001 -2.814444444000003))",AKTIF
173809,SUMATERA,GUBERNUR,19,KEPULAUAN BANGKA BELITUNG,6,BELITUNG TIMUR,IUP,CV,CV PUTRA MAJU KAMEX,2119064052021003,188.4/340/ESDM/DPMPTSP/2018,2018-10-17,2028-10-17,OPERASI PRODUKSI,49.8,PASIR KUARSA,4,05,CNC,,,"DESA SUKAMANDI, KERCAMATAN DAMAR","POLYGON ((108.26683300000002 -2.808138999999983, 108.26683300000002 -2.8141110000000253, 108.27252800000002 -2.8141110000000253, 108.27252800000002 -2.808138999999983, 108.270306 -2.808138999999983, 108.270306 -2.805583000000013, 108.26780600000001 -2.805583000000013, 108.26780600000001 -2.808138999999983, 108.26683300000002 -2.808138999999983))",AKTIF
174335,SUMATERA,MENTERI,19,KEPULAUAN BANGKA BELITUNG,16,BELITUNG TIMUR,WIUP,PT,PT BERSAHAJA BERKAT SAHABAT JAYA,1119164052021001,,,,PENCADANGAN,270.9,PASIR KUARSA,6,11,,,,"Desa Tanjung Batu Itam, Kec. Simpang Pesak, KABUPATEN Belitung Timur","POLYGON ((108.0576944 -3.1381111110000006, 108.0576944 -3.1355555559999857, 108.05327779999999 -3.1355555559999857, 108.05327779999999 -3.1413611109999806, 108.05647219999997 -3.1413611109999806, 108.05647219999997 -3.154305555999997, 108.06 -3.154305555999997, 108.06 -3.1641666670000177, 108.06277779999999 -3.1641666670000177, 108.06277779999999 -3.1521111110000106, 108.0746944 -3.1521111110000106, 108.0746944 -3.164222221999978, 108.07980559999999 -3.164222221999978, 108.07980559999999 -3.158638888999974, 108.07755559999998 -3.158638888999974, 108.07755559999998 -3.1524722219999717, 108.07527779999998 -3.1524722219999717, 108.07527779999998 -3.151305556000011, 108.07387499999999 -3.151305556000011, 108.07387499999999 -3.150472222000019, 108.0683889 -3.150472222000019, 108.0683889 -3.1484166669999922, 108.06411109999999 -3.1484166669999922, 108.06411109999999 -3.144999999999982, 108.06208329999998 -3.144999999999982, 108.06208329999998 -3.1413611109999806, 108.05938889999999 -3.1413611109999806, 108.05938889999999 -3.1381111110000006, 108.0576944 -3.1381111110000006))",AKTIF
174372,SUMATERA,MENTERI,19,KEPULAUAN BANGKA BELITUNG,06,KABUPATEN BELITUNG TIMUR,IUP,PT,PT SUMBER ALAM ANTARNUSA,1106194052021001,942/1/IUP/PMDN/2021                                                                                 ,2021-09-17,2028-09-17,EKSPLORASI,787.25,PASIR KUARSA,6,11,CNC,,,GANTUNG,"POLYGON ((108.125967806 -3.084617332999983, 108.125967806 -3.086565778000022, 108.123393556 -3.086565778000022, 108.123393556 -3.0887219169999867, 108.12136694399999 -3.0887219169999867, 108.12136694399999 -3.090231167000013, 108.11994477799999 -3.090231167000013, 108.11994477799999 -3.0919587779999915, 108.118594556 -3.0919587779999915, 108.118594556 -3.0934380830000237, 108.11681563899998 -3.0934380830000237, 108.11681563899998 -3.0952197780000006, 108.11512800000003 -3.0952197780000006, 108.11512800000003 -3.097075055999994, 108.113188417 -3.097075055999994, 108.113188417 -3.0990313330000276, 108.11151786099998 -3.0990313330000276, 108.11151786099998 -3.100792055999989, 108.10978136099999 -3.100792055999989, 108.10978136099999 -3.102352888999974, 108.108073972 -3.102352888999974, 108.108073972 -3.1041624169999977, 108.099127194 -3.1041624169999977, 108.099127194 -3.112735332999989, 108.12466072199999 -3.112735332999989, 108.12466072199999 -3.1098757500000147, 108.126740111 -3.1098757500000147, 108.126740111 -3.1076627219999864, 108.128388444 -3.1076627219999864, 108.128388444 -3.1050705000000107, 108.13032097199999 -3.1050705000000107, 108.13032097199999 -3.1024774439999874, 108.13225349999999 -3.1024774439999874, 108.13225349999999 -3.099960500000009, 108.13412919400002 -3.099960500000009, 108.13412919400002 -3.09744372199998, 108.136004861 -3.09744372199998, 108.136004861 -3.095311028000026, 108.13759366699998 -3.095311028000026, 108.13759366699998 -3.092849000000001, 108.13942908299998 -3.092849000000001, 108.13942908299998 -3.090624083000023, 108.14108686100002 -3.090624083000023, 108.14108686100002 -3.088478916999975, 108.142685417 -3.088478916999975, 108.142685417 -3.08625469399999, 108.14434319399999 -3.08625469399999, 108.14434319399999 -3.084617332999983, 108.125967806 -3.084617332999983))",AKTIF
175180,SUMATERA,GUBERNUR,19,KEPULAUAN BANGKA BELITUNG,02,KABUPATEN BELITUNG,IUP,PT,PT DUA SATU UTAMA,3119024242021007,188.4/347-S/ESDM/2023                                                                               ,2021-09-02,2026-07-08,OPERASI PRODUKSI,49.52,KAOLIN,4,24,CNC,,,"KECAMATAN BADAU, KABUPATEN BELITUNG","POLYGON ((107.75127777799997 -2.807833333000019, 107.75127777799997 -2.817416666999975, 107.75644444400001 -2.817416666999975, 107.75644444400001 -2.815861111000004, 107.75488888899997 -2.815861111000004, 107.75488888899997 -2.8141111109999883, 107.75430555600002 -2.8141111109999883, 107.75430555600002 -2.8135277779999797, 107.752472222 -2.8135277779999797, 107.752472222 -2.811194444000023, 107.75286111100002 -2.811194444000023, 107.75286111100002 -2.810555555999997, 107.75372222200002 -2.810555555999997, 107.75372222200002 -2.8109999999999786, 107.75480555600001 -2.8109999999999786, 107.75480555600001 -2.8115000000000236, 107.75580555599998 -2.8115000000000236, 107.75580555599998 -2.8117222220000144, 107.75819444400003 -2.8117222220000144, 107.75819444400003 -2.8078055560000053, 107.757222222 -2.8078055560000053, 107.757222222 -2.810222221999993, 107.75602777799998 -2.810222221999993, 107.75602777799998 -2.807833333000019, 107.75127777799997 -2.807833333000019))",AKTIF
175811,SUMATERA,MENTERI,19,KEPULAUAN BANGKA BELITUNG,06,BELITUNG TIMUR,IUP,CV,CV BERKAH BANGKA MAJU,1119066112021003,1757/1/IUP/PMDN/2021,2021-12-09,2028-12-09,EKSPLORASI,117.5,PASIR KUARSA,6,11,CNC,,,"Tanjung Batu Itam, Simpang Pesak, Belitung Timur, Kepulauan Bangka Belitung","POLYGON ((108.06480555600001 -3.164555555999982, 108.06480555600001 -3.170500000000004, 108.067277778 -3.170500000000004, 108.067277778 -3.1787222219999762, 108.07033333300001 -3.1787222219999762, 108.07033333300001 -3.1756388890000267, 108.07208333300002 -3.1756388890000267, 108.07208333300002 -3.172888888999978, 108.074222222 -3.172888888999978, 108.074222222 -3.164555555999982, 108.06480555600001 -3.164555555999982))",AKTIF
175851,SUMATERA,MENTERI,19,KEPULAUAN BANGKA BELITUNG,06,KABUPATEN BELITUNG TIMUR,IUP,PT,PT BERSAHAJA BERKAT SAHABAT JAYA,1119064052021002,1124/1/IUP/PMDN/2021                                                                                ,2021-10-19,2028-10-19,EKSPLORASI,121.4,PASIR KUARSA,6,11,CNC,,,"KECAMATAN GANTUNG, KABUPATEN BELITUNG TIMUR","POLYGON ((108.107138889 -3.1461944440000025, 108.107138889 -3.1484166669999922, 108.10836111100002 -3.1484166669999922, 108.10836111100002 -3.151305556000011, 108.109916667 -3.151305556000011, 108.109916667 -3.1553055559999734, 108.115194444 -3.1553055559999734, 108.115194444 -3.1717499999999745, 108.117777778 -3.1717499999999745, 108.117777778 -3.163250000000005, 108.11722222200001 -3.163250000000005, 108.11722222200001 -3.1501388890000044, 108.11291666699998 -3.1501388890000044, 108.11291666699998 -3.1461944440000025, 108.107138889 -3.1461944440000025))",AKTIF
175959,SUMATERA,GUBERNUR,19,KEPULAUAN BANGKA BELITUNG,06,KABUPATEN BELITUNG TIMUR,IUP,PT,PT HERO PROGRES INTERNATIONAL,1119065182021001,81201078200390024                                                                                   ,2023-07-07,2028-07-06,OPERASI PRODUKSI,196.85,TANAH LIAT,5,18,CNC,,,DESA BATU PENYU DAN DESA LIMBONGAN,"POLYGON ((108.157838889 -3.0682055560000094, 108.157838889 -3.0713805560000083, 108.15564444400002 -3.0713805560000083, 108.15564444400002 -3.0740694439999743, 108.15362222200002 -3.0740694439999743, 108.15362222200002 -3.076011111000014, 108.15211666699997 -3.076011111000014, 108.15211666699997 -3.077788888999976, 108.15083611099999 -3.077788888999976, 108.15083611099999 -3.0794833329999847, 108.15593611100002 -3.0794833329999847, 108.15593611100002 -3.0873333330000037, 108.161780556 -3.0873333330000037, 108.161780556 -3.087366667000026, 108.161833333 -3.087366667000026, 108.161833333 -3.082613889000015, 108.16263611099998 -3.082613889000015, 108.16263611099998 -3.079441667000026, 108.16520555599999 -3.079441667000026, 108.16520555599999 -3.0771055559999922, 108.16545000000002 -3.0771055559999922, 108.16545000000002 -3.076733332999993, 108.16567222200001 -3.076733332999993, 108.16567222200001 -3.0761777779999875, 108.16598055600002 -3.0761777779999875, 108.16598055600002 -3.0758500000000026, 108.16630833300002 -3.0758500000000026, 108.16630833300002 -3.0756666670000072, 108.16668333299998 -3.0756666670000072, 108.16668333299998 -3.0754361109999877, 108.16705555599998 -3.0754361109999877, 108.16705555599998 -3.075261110999975, 108.16727777800003 -3.075261110999975, 108.16727777800003 -3.075083333000009, 108.16770000000002 -3.075083333000009, 108.16770000000002 -3.0748777779999727, 108.16800555600003 -3.0748777779999727, 108.16800555600003 -3.0747333329999833, 108.168408333 -3.0747333329999833, 108.168408333 -3.074580556000001, 108.16877222199997 -3.074580556000001, 108.16877222199997 -3.0743666669999925, 108.16921388899999 -3.0743666669999925, 108.16921388899999 -3.074152777999984, 108.16958888900001 -3.074152777999984, 108.16958888900001 -3.0739694439999994, 108.16991111099998 -3.0739694439999994, 108.16991111099998 -3.0737555559999805, 108.17036388899999 -3.0737555559999805, 108.17036388899999 -3.073558332999994, 108.17074722199999 -3.073558332999994, 108.17074722199999 -3.0733111110000095, 108.17107777799998 -3.0733111110000095, 108.17107777799998 -3.0730500000000234, 108.17148888899999 -3.0730500000000234, 108.17148888899999 -3.068336111000008, 108.16810277799999 -3.068336111000008, 108.16810277799999 -3.068952777999982, 108.16714166700001 -3.068952777999982, 108.16714166700001 -3.0748944439999946, 108.16218055600001 -3.0748944439999946, 108.16218055600001 -3.0825583330000086, 108.161594444 -3.0825583330000086, 108.161594444 -3.087024999999983, 108.15975833300001 -3.087024999999983, 108.15975833300001 -3.073891666999998, 108.16505555600003 -3.073891666999998, 108.16505555600003 -3.0685416669999768, 108.16041111099997 -3.0685416669999768, 108.16041111099997 -3.0682055560000094, 108.157838889 -3.0682055560000094))",AKTIF
175999,SUMATERA,MENTERI,19,KEPULAUAN BANGKA BELITUNG,02,KABUPATEN BELITUNG,IUP,PT,PT SINAR INDAH SELARAS,3119022112014017,1097/1/IUP/PMDN/2022,2022-09-21,2041-10-22,OPERASI PRODUKSI,5015.0,TIMAH,2,11,CNC-12,,,"AIR SERUK, SIJUK","POLYGON ((107.83300000000003 -2.6810500000000275, 107.83300000000003 -2.690488888999994, 107.82636111099998 -2.690488888999994, 107.82636111099998 -2.696158333000028, 107.80799999999999 -2.696158333000028, 107.80799999999999 -2.6831888890000073, 107.815 -2.6831888890000073, 107.815 -2.6750583329999813, 107.82100000000003 -2.6750583329999813, 107.82100000000003 -2.6682777780000038, 107.82189537300002 -2.6682777780000038, 107.827 -2.6682777780000038, 107.827 -2.659477777999996, 107.80900000000003 -2.659477777999996, 107.80900000000003 -2.6566555559999756, 107.78477222200002 -2.6566555559999756, 107.78477222200002 -2.6670166669999844, 107.75494444399999 -2.6670166669999844, 107.75494444399999 -2.6785416669999904, 107.74900000000002 -2.6785416669999904, 107.74900000000002 -2.711838888999978, 107.757 -2.711838888999978, 107.757 -2.7175694439999916, 107.78399999999999 -2.7175694439999916, 107.78399999999999 -2.7126444439999773, 107.78384211299999 -2.7126778659999786, 107.78384211299999 -2.7123894910000104, 107.78984211300002 -2.7123894910000104, 107.78984211300002 -2.7071191140000224, 107.80784211299999 -2.7071191140000224, 107.80784211299999 -2.7029921559999934, 107.862842113 -2.7029921559999934, 107.862842113 -2.696327778000011, 107.856 -2.696327778000011, 107.856 -2.691550989999996, 107.856 -2.6800777779999976, 107.85199999999998 -2.6800777779999976, 107.85199999999998 -2.6770888890000037, 107.846 -2.6770888890000037, 107.846 -2.6733194440000148, 107.83999999999997 -2.6733194440000148, 107.83999999999997 -2.6810500000000275, 107.83300000000003 -2.6810500000000275))",AKTIF
177281,SUMATERA,MENTERI,19,KEPULAUAN BANGKA BELITUNG,02,BELITUNG,WIUP,PT,PT ALDITA KWARSAINDO MAKMUR,1119026112021001,,,,PENCADANGAN,363.0,PASIR KUARSA,6,11,,,,"MEMBALONG, BELITUNG","POLYGON ((107.60777805599997 -3.003333055999974, 107.60777777800001 -3.0077777779999906, 107.60527805599997 -3.0077780560000065, 107.60527805599997 -3.021111110999982, 107.62583305599998 -3.021111110999982, 107.62583305599998 -3.007499999999993, 107.61416694399998 -3.007499999999993, 107.61416694399998 -3.00722194399998, 107.61388888900001 -3.00722194399998, 107.61388888900001 -3.006943889000013, 107.61305611099999 -3.006943889000013, 107.61305611099999 -3.006666944000017, 107.61277805600002 -3.006666944000017, 107.61277805600002 -3.006388888999993, 107.61250000000001 -3.006388888999993, 107.61250000000001 -3.0061111109999956, 107.61194388899997 -3.0061111109999956, 107.61194388899997 -3.0058330559999717, 107.61166694399998 -3.0058330559999717, 107.61166694399998 -3.0055561109999758, 107.61111111100001 -3.0055561109999758, 107.61111111100001 -3.0052780560000087, 107.61083305599999 -3.0052780560000087, 107.61083305599999 -3.0049999999999955, 107.61027805600003 -3.0049999999999955, 107.61027805600003 -3.003333055999974, 107.60777805599997 -3.003333055999974))",AKTIF
177475,SUMATERA,MENTERI,19,KEPULAUAN BANGKA BELITUNG,02,KABUPATEN BELITUNG,WIUP,CV,CV IRPAU HERO,1119026112021002,,,,PENCADANGAN,49.7,PASIR KUARSA,6,11,,,,"DESA MEMBALONG, KEC. MEMBALONG, KABUPATEN BELITUNG","POLYGON ((107.64322777799998 -3.1742777779999756, 107.64322777799998 -3.1755361109999853, 107.63973333299998 -3.1755361109999853, 107.63973333299998 -3.1774861110000074, 107.63610555600002 -3.1774861110000074, 107.63610555600002 -3.1794722220000153, 107.641936111 -3.1794722220000153, 107.641936111 -3.1836638890000017, 107.64633333299997 -3.1836638890000017, 107.64633333299997 -3.196358332999978, 107.65358888899999 -3.196358332999978, 107.65358888899999 -3.1962805559999765, 107.646419444 -3.1962805559999765, 107.646419444 -3.1835833330000014, 107.64202222199998 -3.1835833330000014, 107.64202222199998 -3.1794666669999856, 107.642730556 -3.1794666669999856, 107.642730556 -3.177838888999986, 107.64899722199999 -3.177838888999986, 107.64899722199999 -3.1763916670000185, 107.64808888900001 -3.1763916670000185, 107.64808888900001 -3.1750000000000114, 107.647055556 -3.1750000000000114, 107.647055556 -3.1742777779999756, 107.64322777799998 -3.1742777779999756))",AKTIF
177498,SUMATERA,MENTERI,19,KEPULAUAN BANGKA BELITUNG,02,KABUPATEN BELITUNG,WIUP,PT,PT IRPAU HERO PROGRES,1119024242021001,,,,PENCADANGAN,20.57,KAOLIN,4,24,,,,"DESA PADANG KANDIS, KEC. MEMBALONG, KABUPATEN BELITUNG, PROV. KEPULAUAN BANGKA BELITUNG","POLYGON ((107.64586111099999 -3.214136111000016, 107.64586111099999 -3.2156833330000154, 107.64673055600002 -3.2156833330000154, 107.64673055600002 -3.2170249999999783, 107.648061111 -3.2170249999999783, 107.648061111 -3.217538889000025, 107.64854444399998 -3.217538889000025, 107.64854444399998 -3.2184805559999745, 107.64898888900001 -3.2184805559999745, 107.64898888900001 -3.2198666670000193, 107.649925 -3.2198666670000193, 107.649925 -3.221061110999983, 107.65130833299997 -3.221061110999983, 107.65130833299997 -3.2225722219999966, 107.653127778 -3.2225722219999966, 107.653127778 -3.2206305560000033, 107.65159722200002 -3.2206305560000033, 107.65159722200002 -3.2190555560000007, 107.65035833299999 -3.2190555560000007, 107.65035833299999 -3.2178833329999748, 107.649277778 -3.2178833329999748, 107.649277778 -3.2167861109999762, 107.64841388899998 -3.2167861109999762, 107.64841388899998 -3.214136111000016, 107.64586111099999 -3.214136111000016))",AKTIF
177522,SUMATERA,MENTERI,19,KEPULAUAN BANGKA BELITUNG,02,KABUPATEN BELITUNG,IUP,CV,CV SILICA JAYA UTAMA,1119026112021003,1538/1/IUP/PMDN/2021                                                                                ,2021-11-19,2028-11-19,EKSPLORASI,44.7,PASIR KUARSA,6,11,CNC,,,"DESA LASAR, KECAMATAN MEMBALONG","POLYGON ((107.605805556 -3.036555555999996, 107.605444444 -3.036555555999996, 107.605444444 -3.036944444000028, 107.60477777800003 -3.036944444000028, 107.60477777800003 -3.0373611109999956, 107.60405555599999 -3.0373611109999956, 107.60405555599999 -3.037750000000017, 107.603277778 -3.037750000000017, 107.603277778 -3.0381666669999845, 107.60269444400001 -3.0381666669999845, 107.60269444400001 -3.0385277780000024, 107.60197222199997 -3.0385277780000024, 107.60197222199997 -3.0389444439999806, 107.60116666699997 -3.0389444439999806, 107.60116666699997 -3.039361111000005, 107.60038888899999 -3.039361111000005, 107.60038888899999 -3.039805555999976, 107.599611111 -3.039805555999976, 107.599611111 -3.0402500000000146, 107.59883333300002 -3.0402500000000146, 107.59883333300002 -3.0407500000000027, 107.59797222200001 -3.0407500000000027, 107.59797222200001 -3.0411944439999843, 107.59713888900001 -3.0411944439999843, 107.59713888900001 -3.041611111000009, 107.596555556 -3.041611111000009, 107.596555556 -3.0419722220000267, 107.59580555600002 -3.0419722220000267, 107.59580555600002 -3.0424166669999977, 107.59497222200002 -3.0424166669999977, 107.59497222200002 -3.0429444439999997, 107.59408333300001 -3.0429444439999997, 107.59408333300001 -3.043416666999974, 107.59316666699999 -3.043416666999974, 107.59316666699999 -3.0439722219999794, 107.59219444399997 -3.0439722219999794, 107.59219444399997 -3.0444722220000244, 107.59174999999999 -3.0444722220000244, 107.59174999999999 -3.044861110999989, 107.59613888899997 -3.044861110999989, 107.59613888899997 -3.045472222000001, 107.59694444399997 -3.045472222000001, 107.59694444399997 -3.0450277780000192, 107.59747222200002 -3.0450277780000192, 107.59747222200002 -3.044527777999974, 107.598194444 -3.044527777999974, 107.598194444 -3.0439999999999827, 107.59883333300002 -3.0439999999999827, 107.59883333300002 -3.043583333000015, 107.59949999999998 -3.043583333000015, 107.59949999999998 -3.043083333000027, 107.60019444400001 -3.043083333000027, 107.60019444400001 -3.0426388889999885, 107.60083333300003 -3.0426388889999885, 107.60083333300003 -3.0420833329999937, 107.60163888900001 -3.0420833329999937, 107.60163888900001 -3.041611111000009, 107.60225000000003 -3.041611111000009, 107.60225000000003 -3.0411666670000272, 107.60291666699999 -3.0411666670000272, 107.60291666699999 -3.040638888999979, 107.60363888900002 -3.040638888999979, 107.60363888900002 -3.0401111109999874, 107.604361111 -3.0401111109999874, 107.604361111 -3.0396388890000026, 107.60500000000002 -3.0396388890000026, 107.60500000000002 -3.039111111000011, 107.605805556 -3.039111111000011, 107.605805556 -3.036555555999996))",AKTIF
177528,SUMATERA,GUBERNUR,19,KEPULAUAN BANGKA BELITUNG,06,KABUPATEN BELITUNG TIMUR,IUP,PT,PT HERO PROGRES INTERNATIONAL,1119066112021004,81201078200390025                                                                                   ,2023-07-07,2043-07-06,OPERASI PRODUKSI,37.32,PASIR KUARSA,6,11,CNC,,,DESA LIMBONGAN,"POLYGON ((108.16761611099997 -3.0682724999999778, 108.16610833300001 -3.0682724999999778, 108.16610833300001 -3.068550000000016, 108.16536944400002 -3.068550000000016, 108.16536944400002 -3.0741969439999934, 108.16013388900001 -3.0741969439999934, 108.16013388900001 -3.0865694440000198, 108.161263889 -3.0865694440000198, 108.161263889 -3.082460000000026, 108.16188388900002 -3.082460000000026, 108.16188388900002 -3.0746263890000023, 108.16684166700003 -3.0746263890000023, 108.16684166700003 -3.068688055999985, 108.16761611099997 -3.068688055999985, 108.16761611099997 -3.0682724999999778))",AKTIF
177529,SUMATERA,MENTERI,19,KEPULAUAN BANGKA BELITUNG,02,KABUPATEN BELITUNG,WIUP,PT,PT SANDEIR SETIA BROTHERS,1119024242021002,,,,PENCADANGAN,47.36,KAOLIN,4,24,,,,"DESA MENTIGI, KEC. MEMBALONG. KABUPATEN BELITUNG. PROV. BANGKA BELITUNG","POLYGON ((107.65076666700003 -3.198972222000009, 107.65076666700003 -3.1997277780000104, 107.64932777799999 -3.1997277780000104, 107.64932777799999 -3.2006583329999785, 107.64806666700002 -3.2006583329999785, 107.64806666700002 -3.2049222219999933, 107.642597222 -3.2049222219999933, 107.642597222 -3.2068027779999966, 107.65206666699999 -3.2068027779999966, 107.65206666699999 -3.198972222000009, 107.65076666700003 -3.198972222000009))",AKTIF
177572,SUMATERA,MENTERI,19,KEPULAUAN BANGKA BELITUNG,02,KABUPATEN BELITUNG,IUP,CV,CV SILICA JAYA SEJAHTERA,1119026112021004,1544/1/IUP/PMDN/2021                                                                                ,2021-11-19,2028-11-19,EKSPLORASI,98.0,PASIR KUARSA,6,11,CNC,,,"DESA LASAR, KECAMATAN MEMBALONG","POLYGON ((107.59613805599997 -2.999951110999973, 107.59613805599997 -3.0073249999999803, 107.60693527799998 -3.0073249999999803, 107.60693527799998 -2.999951110999973, 107.59613805599997 -2.999951110999973))",AKTIF
177594,SUMATERA,Gubernur,19,KEPULAUAN BANGKA BELITUNG,01,KABUPATEN BANGKA,IUP,CV,CV GUNUNG LEBAK,1119014242021001,02201054628180005,2025-08-04,2035-08-04,OPERASI PRODUKSI,6.08,KAOLIN,4,24,CNC,,,BELINYU,"POLYGON ((105.87672222200001 -1.5299999999999727, 105.87672222200001 -1.5326944440000148, 105.878583333 -1.5326944440000148, 105.878583333 -1.5299999999999727, 105.87672222200001 -1.5299999999999727))",AKTIF
177620,SUMATERA,MENTERI,19,KEPULAUAN BANGKA BELITUNG,02,KABUPATEN BELITUNG,IUP,CV,CV SILICA JAYA,1119026112021005,1752/1/IUP/PMDN/2021                                                                                ,2021-12-09,2028-12-09,EKSPLORASI,40.0,PASIR KUARSA,6,11,CNC,,,,"POLYGON ((107.60622222199999 -3.0523333329999787, 107.60622222199999 -3.0545000000000186, 107.60649999999998 -3.0545000000000186, 107.60649999999998 -3.0549166669999863, 107.60702777799997 -3.0549166669999863, 107.60702777799997 -3.0553611110000247, 107.60766666699999 -3.0553611110000247, 107.60766666699999 -3.0558333330000096, 107.608222222 -3.0558333330000096, 107.608222222 -3.0562777779999806, 107.608833333 -3.0562777779999806, 107.608833333 -3.0568888889999926, 107.60961111099999 -3.0568888889999926, 107.60961111099999 -3.0574722220000012, 107.610222222 -3.0574722220000012, 107.610222222 -3.057833333000019, 107.616083333 -3.057833333000019, 107.616083333 -3.055277778000004, 107.61111111100001 -3.055277778000004, 107.61111111100001 -3.0523333329999787, 107.60622222199999 -3.0523333329999787))",AKTIF
178118,SUMATERA,MENTERI,19,KEPULAUAN BANGKA BELITUNG,06,KABUPATEN BELITUNG TIMUR,IUP,PT,PT INDAHSANA LESTARI JAYA,1119066112021005,115/1/IUP/PMDN/2022                                                                                 ,2022-01-21,2029-01-21,EKSPLORASI,205.0,PASIR KUARSA,6,11,CNC,,,"KECAMATAN KELAPA KAMPIT, KABUPATEN BELITUNG TIMUR, PROVINSI KEPULAUAN BANGKA BELITUNG","POLYGON ((107.98474722200001 -2.60344444399999, 107.98474722200001 -2.606416667000019, 107.977972222 -2.606416667000019, 107.977972222 -2.6234999999999786, 107.982722222 -2.6234999999999786, 107.982722222 -2.6192777780000256, 107.98486111099999 -2.6192777780000256, 107.98486111099999 -2.6168055559999743, 107.98899999999998 -2.6168055559999743, 107.98899999999998 -2.60344444399999, 107.98474722200001 -2.60344444399999))",AKTIF
178151,SUMATERA,MENTERI,19,KEPULAUAN BANGKA BELITUNG,06,BELITUNG TIMUR,WIUP,PT,PT ARCHIE EXPERANZA MANUNGGAL,1119066112021006,,,,PENCADANGAN,49.5,PASIR KUARSA,6,11,,,,"DESA BUDING, KECAMATAN KELAPA KAMPIT, KABUPATEN BELITUNG TIMUR, PROVINSI KEP. BANGKA BELITUNG","POLYGON ((107.98374999999999 -2.5818611110000234, 107.98374999999999 -2.5838055560000157, 107.98455555599998 -2.5838055560000157, 107.98455555599998 -2.585944444000006, 107.989083333 -2.585944444000006, 107.989083333 -2.5854305560000057, 107.99296944399998 -2.5854305560000057, 107.99296944399998 -2.584816666999984, 107.99338055599998 -2.584816666999984, 107.99338055599998 -2.584349999999972, 107.99408055599997 -2.584349999999972, 107.99408055599997 -2.583369444000027, 107.99451388900002 -2.583369444000027, 107.99451388900002 -2.5829722220000235, 107.99538888900003 -2.5829722220000235, 107.99538888900003 -2.5811944440000048, 107.99297222199999 -2.5811944440000048, 107.99297222199999 -2.5818611110000234, 107.98374999999999 -2.5818611110000234))",AKTIF
179171,SUMATERA,GUBERNUR,19,KEPULAUAN BANGKA BELITUNG,01,KABUPATEN BANGKA,IUP,CV,CV SEJAHTERA MINERAL BABEL,2119016112020001,188.4/071/ESDM/DPMTSP/2020                                                                          ,2020-07-21,2030-07-21,OPERASI PRODUKSI,44.0,PASIR KUARSA,6,11,CNC,,,DESA MAPUR KEC RIAU SILIP KAB BANGKA PROVINSI KEPULAUAN BANGKA BELITUNG,"POLYGON ((106.01454999999999 -1.6601888889999827, 106.01454999999999 -1.6606027779999977, 106.01394722200001 -1.6606027779999977, 106.01394722200001 -1.6617194440000276, 106.014458333 -1.6617194440000276, 106.014458333 -1.663208333, 106.01411388899999 -1.663208333, 106.01411388899999 -1.6699888890000238, 106.01507500000002 -1.6699888890000238, 106.01507500000002 -1.671205556000018, 106.01436666699999 -1.671205556000018, 106.01436666699999 -1.6717027779999967, 106.01370277799998 -1.6717027779999967, 106.01370277799998 -1.672236111000018, 106.012741667 -1.672236111000018, 106.012741667 -1.6729666670000256, 106.01192500000002 -1.6729666670000256, 106.01192500000002 -1.6736027779999745, 106.01150277800002 -1.6736027779999745, 106.01150277800002 -1.6739305560000162, 106.01095833300002 -1.6739305560000162, 106.01095833300002 -1.6745694439999852, 106.01098611100002 -1.6745694439999852, 106.01098611100002 -1.6746611109999776, 106.01104166699997 -1.6746611109999776, 106.01104166699997 -1.6748416670000097, 106.01107777800001 -1.6748416670000097, 106.01107777800001 -1.6749305559999925, 106.01112499999999 -1.6749305559999925, 106.01112499999999 -1.6750222219999955, 106.011166667 -1.6750222219999955, 106.011166667 -1.675158333000013, 106.01121666699999 -1.675158333000013, 106.01121666699999 -1.6754750000000058, 106.01149166699997 -1.6754750000000058, 106.01149166699997 -1.6752083330000005, 106.01193055599998 -1.6752083330000005, 106.01193055599998 -1.674874999999986, 106.01236111100002 -1.674874999999986, 106.01236111100002 -1.6745000000000232, 106.012819444 -1.6745000000000232, 106.012819444 -1.6741666670000086, 106.01325000000003 -1.6741666670000086, 106.01325000000003 -1.6738055559999907, 106.01372222200001 -1.6738055559999907, 106.01372222200001 -1.6734444439999834, 106.014194444 -1.6734444439999834, 106.014194444 -1.673913889000005, 106.01440277799998 -1.673913889000005, 106.01440277799998 -1.6743527780000136, 106.01461111100002 -1.6743527780000136, 106.01461111100002 -1.6746583330000249, 106.01496111099999 -1.6746583330000249, 106.01496111099999 -1.674494444000004, 106.01540277800001 -1.674494444000004, 106.01540277800001 -1.6739972220000254, 106.01585833299998 -1.6739972220000254, 106.01585833299998 -1.6738027779999811, 106.01630277800001 -1.6738027779999811, 106.01630277800001 -1.6734611109999946, 106.01676666700001 -1.6734611109999946, 106.01676666700001 -1.6731472220000114, 106.01720833299999 -1.6731472220000114, 106.01720833299999 -1.6728611109999747, 106.01825000000002 -1.6728611109999747, 106.01825000000002 -1.6729194440000015, 106.01842222200003 -1.6729194440000015, 106.01842222200003 -1.6733722220000118, 106.01859166700001 -1.6733722220000118, 106.01859166700001 -1.673825000000022, 106.01875555599997 -1.673825000000022, 106.01875555599997 -1.6741916670000023, 106.01914166699999 -1.6741916670000023, 106.01914166699999 -1.675055556000018, 106.019805556 -1.675055556000018, 106.019805556 -1.6765416669999809, 106.020402778 -1.6765416669999809, 106.020402778 -1.677983332999986, 106.02080277800002 -1.677983332999986, 106.02080277800002 -1.6792750000000183, 106.02267499999999 -1.6792750000000183, 106.02267499999999 -1.673819444000003, 106.02240555600002 -1.673819444000003, 106.02240555600002 -1.6736888890000046, 106.02138611100003 -1.6736888890000046, 106.02138611100003 -1.6734805560000154, 106.02059722199999 -1.6734805560000154, 106.02059722199999 -1.6732527780000055, 106.01942500000001 -1.6732527780000055, 106.01942500000001 -1.6730583329999718, 106.01925555600002 -1.6730583329999718, 106.01925555600002 -1.672911111000019, 106.01875277800002 -1.672911111000019, 106.01875277800002 -1.6728416670000001, 106.01761666700003 -1.6728416670000001, 106.01761666700003 -1.6728055560000143, 106.01740555600003 -1.6728055560000143, 106.01740555600003 -1.672783332999984, 106.01720833299999 -1.672783332999984, 106.01720833299999 -1.6726527779999856, 106.01708888899998 -1.6726527779999856, 106.01708888899998 -1.6724638890000278, 106.01696388900001 -1.6724638890000278, 106.01696388900001 -1.672269443999994, 106.01680555600001 -1.672269443999994, 106.01680555600001 -1.6720388890000208, 106.01658055600001 -1.6720388890000208, 106.01658055600001 -1.6717888890000268, 106.01651666700002 -1.6717888890000268, 106.01651666700002 -1.6715583330000072, 106.01638888899998 -1.6715583330000072, 106.01638888899998 -1.6713416669999788, 106.01626666700002 -1.6713416669999788, 106.01626666700002 -1.6711472220000019, 106.01612499999999 -1.6711472220000019, 106.01612499999999 -1.6709388890000128, 106.01600277799997 -1.6709388890000128, 106.01600277799997 -1.6707416670000157, 106.015863889 -1.6707416670000157, 106.015863889 -1.6705194439999786, 106.01572777799998 -1.6705194439999786, 106.01572777799998 -1.6702888890000054, 106.01559444399999 -1.6702888890000054, 106.01559444399999 -1.6700722219999875, 106.015452778 -1.6700722219999875, 106.015452778 -1.6698166670000205, 106.01530555599999 -1.6698166670000205, 106.01530555599999 -1.6695388890000231, 106.01514166700002 -1.6695388890000231, 106.01514166700002 -1.6692305560000023, 106.01501111099998 -1.6692305560000023, 106.01501111099998 -1.6689722219999794, 106.01487222200001 -1.6689722219999794, 106.01487222200001 -1.6687277780000045, 106.014725 -1.6687277780000045, 106.014725 -1.66853888899999, 106.014580556 -1.66853888899999, 106.014580556 -1.6683555559999945, 106.014472222 -1.6683555559999945, 106.014472222 -1.6682194439999876, 106.01440277799998 -1.6682194439999876, 106.01440277799998 -1.6680055560000255, 106.01444444399999 -1.6680055560000255, 106.01444444399999 -1.6676749999999743, 106.01451111099999 -1.6676749999999743, 106.01451111099999 -1.665124999999989, 106.01457777799999 -1.665124999999989, 106.01457777799999 -1.6648194439999884, 106.01461666699998 -1.6648194439999884, 106.01461666699998 -1.6645750000000135, 106.014658333 -1.6645750000000135, 106.014658333 -1.6631944439999984, 106.01470833299999 -1.6631944439999984, 106.01470833299999 -1.6625527780000198, 106.014780556 -1.6625527780000198, 106.014780556 -1.6621361109999953, 106.014858333 -1.6621361109999953, 106.014858333 -1.6616194439999958, 106.014925 -1.6616194439999958, 106.014925 -1.6606249999999818, 106.014977778 -1.6606249999999818, 106.014977778 -1.6601888889999827, 106.01454999999999 -1.6601888889999827))",AKTIF
179313,SUMATERA,GUBERNUR,19,KEPULAUAN BANGKA BELITUNG,06,KABUPATEN BELITUNG TIMUR,IUP,PT,PT KARYA PUTERA BANGKA BELITUNG,2119066112019001,188.4/506/ESDM/DPMTSP/2019                                                                          ,2019-12-31,2029-12-31,OPERASI PRODUKSI,153.5,PASIR KUARSA,6,11,CNC,,,"DESA : SIMPANG PESAK, KECAMATAN : SIMPANG PESAK, KABUPATEN : BELITUNG TIMUR, PROVINSI : KEPULAUAN BANGKA BELITUNG","POLYGON ((107.933027778 -3.0947722220000173, 107.933027778 -3.098555556000008, 107.93186111099999 -3.098555556000008, 107.93186111099999 -3.10677777799998, 107.93938888899999 -3.10677777799998, 107.93938888899999 -3.1102500000000077, 107.94383333299999 -3.1102500000000077, 107.94383333299999 -3.1074166669999954, 107.94156944399998 -3.1074166669999954, 107.94156944399998 -3.105555556000013, 107.94059722200001 -3.105555556000013, 107.94059722200001 -3.1036527780000256, 107.94136111099999 -3.1036527780000256, 107.94136111099999 -3.101611111000011, 107.94305555599999 -3.101611111000011, 107.94305555599999 -3.0998055559999784, 107.941166667 -3.0998055559999784, 107.941166667 -3.0947722220000173, 107.933027778 -3.0947722220000173))",AKTIF
179852,SUMATERA,GUBERNUR,19,KEPULAUAN BANGKA BELITUNG,06,KABUPATEN BELITUNG TIMUR,IUP,PT,PT BELITUNG SAND MINING,2119066112017001,188.4/181/ESDM/DPMPTSP/2017                                                                         ,2017-12-08,2027-12-08,OPERASI PRODUKSI,186.0,PASIR KUARSA,6,11,CNC,,,DESA LIMBONGAN,"POLYGON ((108.15416666700003 -3.1352777779999883, 108.15416666700003 -3.1494166670000254, 108.15555555600002 -3.1494166670000254, 108.15555555600002 -3.1478888890000007, 108.15858333300002 -3.1478888890000007, 108.15858333300002 -3.1465277780000065, 108.16161111100001 -3.1465277780000065, 108.16161111100001 -3.1451111110000056, 108.164333333 -3.1451111110000056, 108.164333333 -3.144083333000026, 108.16655555599999 -3.144083333000026, 108.16655555599999 -3.1431666670000027, 108.16847222199999 -3.1431666670000027, 108.16847222199999 -3.1383333329999914, 108.16772222200001 -3.1383333329999914, 108.16772222200001 -3.1352777779999883, 108.15416666700003 -3.1352777779999883))",AKTIF
179893,SUMATERA,MENTERI,19,KEPULAUAN BANGKA BELITUNG,03,BANGKA SELATAN,WIUP,PT,PT SAMIARTHA SUKSES ABADI,1119036112021001,,,,PENCADANGAN,18.12,PASIR KUARSA,6,11,,,,DUSUN GUSUNG DESA RIAS KECAMATAN TOBOALI,"POLYGON ((106.355722222 -2.9679166669999972, 106.355722222 -2.9689444439999875, 106.36141666700001 -2.9689444439999875, 106.36141666700001 -2.968611110999973, 106.36647222200003 -2.968611110999973, 106.36647222200003 -2.968250000000012, 106.37077777799999 -2.968250000000012, 106.37077777799999 -2.9674722220000262, 106.373055556 -2.9674722220000262, 106.373055556 -2.967194443999972, 106.366333333 -2.967194443999972, 106.366333333 -2.9679166669999972, 106.355722222 -2.9679166669999972))",AKTIF
179907,SUMATERA,GUBERNUR,19,KEPULAUAN BANGKA BELITUNG,06,KABUPATEN BELITUNG TIMUR,IUP,SDR,WAHYU EPAN YUDHISTIRA,2119065382018001,26012300656540001                                                                                   ,2023-01-05,2028-01-05,OPERASI PRODUKSI,5.0,PASIR URUG,5,38,CNC,,,DESA SELINSING KECAMATAN MANGGAR,"POLYGON ((108.22869444399998 -2.9562500000000114, 108.22869444399998 -2.9571388890000208, 108.226555556 -2.9571388890000208, 108.226555556 -2.9578611109999997, 108.22911111100001 -2.9578611109999997, 108.22911111100001 -2.957694444000026, 108.22944444400002 -2.957694444000026, 108.22944444400002 -2.957416667000018, 108.23005555600002 -2.957416667000018, 108.23005555600002 -2.956916666999973, 108.231027778 -2.956916666999973, 108.231027778 -2.9562500000000114, 108.22869444399998 -2.9562500000000114))",AKTIF
180803,SUMATERA,GUBERNUR,19,KEPULAUAN BANGKA BELITUNG,04,KABUPATEN BANGKA TENGAH,IUP,PT,PT PSR MUTIARA ABADI,1119046112021001,16112100417670006                                                                                   ,2024-07-15,2029-07-15,OPERASI PRODUKSI,10.03,PASIR KUARSA,6,11,CNC,,,"PERAIRAN LAUT KAYU BESI, KECAMATAN PANGKALAN BARU","POLYGON ((106.24721111100001 -2.218050000000005, 106.24721111100001 -2.221330555999998, 106.249694444 -2.221330555999998, 106.249694444 -2.218050000000005, 106.24721111100001 -2.218050000000005))",AKTIF
181006,SUMATERA,MENTERI,19,KEPULAUAN BANGKA BELITUNG,01,BANGKA,WIUP,PT,PT BANGKA SAMUDRA PRATAMA,1119016112022001,,,,PENCADANGAN,98.0,PASIR KUARSA,6,11,,,,"LAUT PENYUSUK, KECAMATAN BELINYU, KABUPATEN BANGKA,  PROVINSI KEPUALAUAN BANGKA BELITUNG","POLYGON ((105.66001499999999 -1.482712778000007, 105.66001499999999 -1.4885649999999941, 105.67356999999998 -1.4885649999999941, 105.67356999999998 -1.482712778000007, 105.66001499999999 -1.482712778000007))",AKTIF
181008,SUMATERA,MENTERI,19,KEPULAUAN BANGKA BELITUNG,04,KABUPATEN BANGKA TENGAH,IUP,CV,CV SARANA SUKA PRIMA,1119046112022001,91201001912820005,2024-02-06,2044-02-06,OPERASI PRODUKSI,19.1,PASIR KUARSA,6,11,CNC,,,DESA LUBUK PABRIK KECAMATAN LUBUK BESAR,"POLYGON ((106.64670000000001 -2.5807233329999804, 106.646358889 -2.5807233329999804, 106.646358889 -2.587108611000019, 106.64875749999999 -2.587108611000019, 106.64875749999999 -2.5853630560000056, 106.649577222 -2.5853630560000056, 106.649577222 -2.5841399999999908, 106.65036888899999 -2.5841399999999908, 106.65036888899999 -2.5840758329999858, 106.650298889 -2.5840758329999858, 106.650298889 -2.5840108329999794, 106.65017194400002 -2.5840108329999794, 106.65017194400002 -2.583896944000003, 106.65004388900002 -2.583896944000003, 106.65004388900002 -2.583778888999973, 106.64991500000002 -2.583778888999973, 106.64991500000002 -2.5836619440000277, 106.64978805599998 -2.5836619440000277, 106.64978805599998 -2.5835444439999833, 106.64965694400001 -2.5835444439999833, 106.64965694400001 -2.583424999999977, 106.64953000000003 -2.583424999999977, 106.64953000000003 -2.5833108329999845, 106.64940388899998 -2.5833108329999845, 106.64940388899998 -2.5831930560000274, 106.64927194400002 -2.5831930560000274, 106.64927194400002 -2.583075000000008, 106.64914388900002 -2.583075000000008, 106.64914388900002 -2.5829577779999795, 106.64901583300002 -2.5829577779999795, 106.64901583300002 -2.5828369440000074, 106.64888583300001 -2.5828369440000074, 106.64888583300001 -2.5827219440000135, 106.648755833 -2.5827219440000135, 106.648755833 -2.582600833000015, 106.648626944 -2.582600833000015, 106.648626944 -2.5824838890000024, 106.64850000000001 -2.5824838890000024, 106.64850000000001 -2.5823688890000085, 106.64837 -2.5823688890000085, 106.64837 -2.5822499999999877, 106.64824083299999 -2.5822499999999877, 106.64824083299999 -2.5821300000000065, 106.648111944 -2.5821300000000065, 106.648111944 -2.582011943999987, 106.647985833 -2.582011943999987, 106.647985833 -2.5818969439999933, 106.64785888900002 -2.5818969439999933, 106.64785888900002 -2.5817838890000075, 106.647728158 -2.581781783999986, 106.64772777799999 -2.581661944000018, 106.64760083300001 -2.581661944000018, 106.64760083300001 -2.581543055999987, 106.647470833 -2.581543055999987, 106.647470833 -2.581426943999986, 106.64734583299997 -2.581426943999986, 106.64734583299997 -2.581312777999983, 106.64721694399998 -2.581312777999983, 106.64721694399998 -2.5811949999999797, 106.64708694400002 -2.5811949999999797, 106.64708694400002 -2.581075833, 106.64695805600002 -2.581075833, 106.64695805600002 -2.5809600000000046, 106.646828889 -2.5809600000000046, 106.646828889 -2.5808408330000248, 106.64670000000001 -2.5808408330000248, 106.64670000000001 -2.5807233329999804))",AKTIF
181013,SUMATERA,MENTERI,19,KEPULAUAN BANGKA BELITUNG,03,KABUPATEN BANGKA SELATAN,IUP,PT,PT MUTIARA LAUTAN BANGKA,1119036112022002,545/1/IUP/PMDN/2022                                                                                 ,2022-03-22,2029-03-22,EKSPLORASI,98.0,PASIR KUARSA,6,11,CNC,,,KEC. TUKAK SADAI KABUPATENBANGKA SELATAN PROV. KEPULAUAN BANGKA BELITUNG,"POLYGON ((106.69600500000001 -3.1095619440000064, 106.69600500000001 -3.115414166999983, 106.70956000000001 -3.115414166999983, 106.70956000000001 -3.1095619440000064, 106.69600500000001 -3.1095619440000064))",AKTIF
181046,SUMATERA,MENTERI,19,KEPULAUAN BANGKA BELITUNG,06,KABUPATEN BELITUNG TIMUR,WIUP,PT,PT TIGA BANGUN BERSAMA,1119066112022007,,,,PENCADANGAN,96.1,PASIR KUARSA,6,11,,,,"LILANGAN, KEC. GANTUNG","POLYGON ((108.06005555600001 -3.112666666999985, 108.06005555600001 -3.1180555560000016, 108.0745 -3.1180555560000016, 108.0745 -3.112666666999985, 108.06005555600001 -3.112666666999985))",AKTIF
181060,SUMATERA,GUBERNUR,19,KEPULAUAN BANGKA BELITUNG,06,KABUPATEN BELITUNG TIMUR,IUP,PT,PT TIMAH INVESTASI MINERAL,2119066112019002,188.4/407/ESDM/DPMPTSP/2019                                                                         ,2019-05-23,2029-05-23,OPERASI PRODUKSI,198.4,PASIR KUARSA,6,11,CNC,,,"DESA SUKAMANDI, KECAMATAN DAMAR","POLYGON ((108.25133333299999 -2.799972222000008, 108.247472222 -2.799972222000008, 108.247472222 -2.8091944440000134, 108.248611111 -2.8091944440000134, 108.248611111 -2.811333332999993, 108.250277778 -2.811333332999993, 108.250277778 -2.8082222219999835, 108.25347222200003 -2.8082222219999835, 108.25347222200003 -2.8111111110000024, 108.25427777800002 -2.8111111110000024, 108.25427777800002 -2.8146111109999765, 108.256416667 -2.8146111109999765, 108.256416667 -2.8159166670000104, 108.25963888899997 -2.8159166670000104, 108.25963888899997 -2.817555556000002, 108.26041666700002 -2.817555556000002, 108.26041666700002 -2.8216111109999815, 108.26627777800002 -2.8216111109999815, 108.26627777800002 -2.816611110999986, 108.26530555599999 -2.816611110999986, 108.26530555599999 -2.814583332999973, 108.26636111099998 -2.814583332999973, 108.26636111099998 -2.809611110999981, 108.25827777799998 -2.809611110999981, 108.25827777799998 -2.8060277779999865, 108.25633333299999 -2.8060277779999865, 108.25633333299999 -2.8072500000000105, 108.25133333299999 -2.8072500000000105, 108.25133333299999 -2.799972222000008))",AKTIF
181151,SUMATERA,GUBERNUR,19,KEPULAUAN BANGKA BELITUNG,02,KABUPATEN BELITUNG,IUP,PT,PT MUALIM PUTRA PRATAMA,2119024332020001,188.4/080/ESDM/DPMPTSP/2020                                                                         ,2020-09-16,2026-12-11,OPERASI PRODUKSI,15.62,ZIRKON,4,33,CNC,,,"DESA SIJUK, KECAMATAN SIJUK, KABUPATEN BELITUNG, PROVINSI KEPULAUAN BANGKA BELITUNG","POLYGON ((107.79205555599998 -2.565194443999985, 107.79205555599998 -2.56894444400001, 107.79338888900003 -2.56894444400001, 107.79338888900003 -2.5612222220000262, 107.79280555600002 -2.5612222220000262, 107.79280555600002 -2.560416667000027, 107.79230555599997 -2.560416667000027, 107.79230555599997 -2.5597777780000115, 107.79172222199998 -2.5597777780000115, 107.79172222199998 -2.565194443999985, 107.79205555599998 -2.565194443999985))",AKTIF
181152,SUMATERA,GUBERNUR,19,KEPULAUAN BANGKA BELITUNG,01,KABUPATEN BANGKA,IUP,PT,PT PUTRAPRIMA MINERAL MANDIRI,2119014332018001,188.4 / 263 / ESDM / DPMPTSP /2018,2018-05-11,2028-05-11,OPERASI PRODUKSI,112.5,ZIRKON,4,33,CNC,,,"DUSUN BANTAM, KELURAHAN BUKIT KETOK, KECAMATAN BELINYU, KABUPATEN BANGKA, PROVINSI BANGKA BELITUNG","POLYGON ((105.79905555599998 -1.5408861110000203, 105.79853333300002 -1.5408861110000203, 105.79853333300002 -1.5423000000000116, 105.79735 -1.5423000000000116, 105.79735 -1.545705555999973, 105.79675833300001 -1.545705555999973, 105.79675833300001 -1.547830556000008, 105.79652777799998 -1.547830556000008, 105.79652777799998 -1.5538138890000255, 105.79723333300001 -1.5538138890000255, 105.79723333300001 -1.5549777780000227, 105.79815555599998 -1.5549777780000227, 105.79815555599998 -1.5565305559999842, 105.79879166699999 -1.5565305559999842, 105.79879166699999 -1.5573777779999887, 105.79911944399998 -1.5573777779999887, 105.79911944399998 -1.5580833330000132, 105.799430556 -1.5580833330000132, 105.799430556 -1.559291667000025, 105.79899999999998 -1.559291667000025, 105.79899999999998 -1.5597999999999956, 105.79872222199998 -1.5597999999999956, 105.79872222199998 -1.5599861110000006, 105.79645833299998 -1.5599861110000006, 105.79645833299998 -1.5604027780000251, 105.79535833300002 -1.5604027780000251, 105.79535833300002 -1.560974999999985, 105.79419444400003 -1.560974999999985, 105.79419444400003 -1.5631250000000136, 105.79388888900002 -1.5631250000000136, 105.79388888900002 -1.5676388890000226, 105.79227777800003 -1.5676388890000226, 105.79227777800003 -1.5722499999999968, 105.794625 -1.5722499999999968, 105.794625 -1.5624305559999812, 105.79626388899999 -1.5624305559999812, 105.79626388899999 -1.5612083330000246, 105.80090277800002 -1.5612083330000246, 105.80090277800002 -1.5549500000000194, 105.803277778 -1.5549500000000194, 105.803277778 -1.548249999999996, 105.79905555599998 -1.548249999999996, 105.79905555599998 -1.5408861110000203))",AKTIF
181153,SUMATERA,GUBERNUR,19,KEPULAUAN BANGKA BELITUNG,01,KABUPATEN BANGKA,IUP,PT,PT TIMAH INVESTASI MINERAL,2119016112018001,188.4/267/ESDM/DPMPTSP/2018                                                                         ,2018-05-18,2028-05-18,OPERASI PRODUKSI,157.2,PASIR KUARSA,6,11,CNC,,,"KELURAHAN MAPUR, KECAMATAN RIAU SILIP","POLYGON ((106.004366667 -1.671211110999991, 106.004366667 -1.6747361110000156, 106.003905556 -1.6747361110000156, 106.003905556 -1.6757138890000078, 106.002988889 -1.6757138890000078, 106.002988889 -1.676336111000012, 106.00240555599999 -1.676336111000012, 106.00240555599999 -1.6767527779999796, 106.00131666700003 -1.6767527779999796, 106.00131666700003 -1.6771416670000008, 106.00059722200001 -1.6771416670000008, 106.00059722200001 -1.677569444000028, 105.99905555599997 -1.677569444000028, 105.99905555599997 -1.678297222000026, 105.997219444 -1.678297222000026, 105.997219444 -1.678647221999995, 105.988594444 -1.678647221999995, 105.988594444 -1.6831861109999977, 105.990763889 -1.6831861109999977, 105.990763889 -1.684069443999988, 105.99179166699997 -1.684069443999988, 105.99179166699997 -1.6858055559999912, 105.992975 -1.6858055559999912, 105.992975 -1.6842972219999979, 105.99539166699998 -1.6842972219999979, 105.99539166699998 -1.6859694440000226, 105.995966667 -1.6859694440000226, 105.995966667 -1.6856416670000272, 105.996388889 -1.6856416670000272, 105.996388889 -1.685316666999995, 105.996811111 -1.685316666999995, 105.996811111 -1.685088888999985, 105.99710555600001 -1.685088888999985, 105.99710555600001 -1.684827777999999, 105.997447222 -1.684827777999999, 105.997447222 -1.6845194439999887, 105.99784444400001 -1.6845194439999887, 105.99784444400001 -1.6842027779999853, 105.998255556 -1.6842027779999853, 105.998255556 -1.6837861110000176, 105.99878611100002 -1.6837861110000176, 105.99878611100002 -1.6834333329999822, 105.999244444 -1.6834333329999822, 105.999244444 -1.683172221999996, 105.99958611099999 -1.683172221999996, 105.99958611099999 -1.6829083330000003, 105.99991111100002 -1.6829083330000003, 105.99991111100002 -1.6827083329999937, 106.00018055599998 -1.6827083329999937, 106.00018055599998 -1.682591666999997, 106.00033333300001 -1.682591666999997, 106.00033333300001 -1.6824750000000108, 106.000477778 -1.6824750000000108, 106.000477778 -1.6823666669999966, 106.00063055599998 -1.6823666669999966, 106.00063055599998 -1.6822194439999976, 106.00080000000003 -1.6822194439999976, 106.00080000000003 -1.682094443999972, 106.00096944400002 -1.682094443999972, 106.00096944400002 -1.6819861110000147, 106.00111388900001 -1.6819861110000147, 106.00111388900001 -1.6818583329999797, 106.00126666699998 -1.6818583329999797, 106.00126666699998 -1.681722222000019, 106.00144722200002 -1.681722222000019, 106.00144722200002 -1.6816055560000223, 106.0016 -1.6816055560000223, 106.0016 -1.6813055559999839, 106.00197777800003 -1.6813055559999839, 106.00197777800003 -1.681024999999977, 106.002355556 -1.681024999999977, 106.002355556 -1.680727778000005, 106.00273055600002 -1.680727778000005, 106.00273055600002 -1.6805722220000234, 106.00293055600002 -1.6805722220000234, 106.00293055600002 -1.680347222000023, 106.00322499999999 -1.680347222000023, 106.00322499999999 -1.6800666670000055, 106.00357777800002 -1.6800666670000055, 106.00357777800002 -1.6798027780000098, 106.00392777799999 -1.6798027780000098, 106.00392777799999 -1.6796777779999843, 106.004088889 -1.6796777779999843, 106.004088889 -1.679486111000017, 106.00433055600001 -1.679486111000017, 106.00433055600001 -1.67928888900002, 106.004591667 -1.67928888900002, 106.004591667 -1.6789361109999845, 106.005041667 -1.6789361109999845, 106.005041667 -1.6786444439999855, 106.00541944399998 -1.6786444439999855, 106.00541944399998 -1.6783638890000248, 106.00577777799998 -1.6783638890000248, 106.00577777799998 -1.6781027779999818, 106.00611944399998 -1.6781027779999818, 106.00611944399998 -1.6779472220000002, 106.00631666700002 -1.6779472220000002, 106.00631666700002 -1.6777222219999999, 106.006613889 -1.6777222219999999, 106.006613889 -1.6775138890000107, 106.00687499999998 -1.6775138890000107, 106.00687499999998 -1.677197222000018, 106.007288889 -1.677197222000018, 106.007288889 -1.6768805560000146, 106.00769166700002 -1.6768805560000146, 106.00769166700002 -1.6768444439999826, 106.00773611099999 -1.6768444439999826, 106.00773611099999 -1.6768083329999968, 106.00779166699999 -1.6768083329999968, 106.00779166699999 -1.676761111000019, 106.007844444 -1.676761111000019, 106.007844444 -1.6767249999999763, 106.0079 -1.6767249999999763, 106.0079 -1.6766722219999792, 106.00796111099999 -1.6766722219999792, 106.00796111099999 -1.676627778000011, 106.00802499999998 -1.676627778000011, 106.00802499999998 -1.6765722220000043, 106.00808611100001 -1.6765722220000043, 106.00808611100001 -1.6765361110000185, 106.00814166700002 -1.6765361110000185, 106.00814166700002 -1.676499999999976, 106.00818611099999 -1.676499999999976, 106.00818611099999 -1.6763833329999898, 106.00833888900002 -1.6763833329999898, 106.00833888900002 -1.6761999999999944, 106.008572222 -1.6761999999999944, 106.008572222 -1.6760111109999798, 106.008825 -1.6760111109999798, 106.008825 -1.6758111109999732, 106.009075 -1.6758111109999732, 106.009075 -1.6754416669999728, 106.00954166700001 -1.6754416669999728, 106.00954166700001 -1.6751055560000054, 106.00999166700001 -1.6751055560000054, 106.00999166700001 -1.6747527780000269, 106.01044166700001 -1.6747527780000269, 106.01044166700001 -1.6743638890000057, 106.01094444400002 -1.6743638890000057, 106.01094444400002 -1.6739305560000162, 106.01150277800002 -1.6739305560000162, 106.01150277800002 -1.6736027779999745, 106.01192500000002 -1.6736027779999745, 106.01192500000002 -1.6729611110000064, 106.012741667 -1.6729611110000064, 106.012741667 -1.6722194440000067, 106.01370277799998 -1.6722194440000067, 106.01370277799998 -1.6717027779999967, 106.01436666699999 -1.6717027779999967, 106.01436666699999 -1.671211110999991, 106.004366667 -1.671211110999991))",AKTIF
181695,SUMATERA,MENTERI,19,KEPULAUAN BANGKA BELITUNG,06,KABUPATEN BELITUNG TIMUR,WIUP,PT,PT KARYA CIPTA LAHANINDO,1119066112022009,,,,PENCADANGAN,98.18,PASIR KUARSA,6,11,,,,"DESA LIMBONGAN, KECAMATAN GANTUNG","POLYGON ((108.05368750000002 -3.119593055999985, 108.05368750000002 -3.1325013890000264, 108.05980416699998 -3.1325013890000264, 108.05980416699998 -3.119593055999985, 108.05368750000002 -3.119593055999985))",AKTIF
181754,SUMATERA,MENTERI,19,KEPULAUAN BANGKA BELITUNG,06,KABUPATEN BELITUNG TIMUR,WIUP,PT,PT INDAHSANA LESTARI JAYA,1119066112022010,,,,PENCADANGAN,240.0,PASIR KUARSA,6,11,,,,"DESA BUDING, KECAMATAN KELAPA KAMPIT","POLYGON ((107.999082778 -2.6549999999999727, 107.999082778 -2.661777777999987, 108.00111083299998 -2.661777777999987, 108.00111083299998 -2.664721944000007, 108.00283277800003 -2.664721944000007, 108.00283277800003 -2.666832778000014, 107.99934361099997 -2.666832778000014, 107.99934361099997 -2.6689719440000204, 107.99700000000001 -2.6689719440000204, 107.99700000000001 -2.6753608330000134, 108.00475694400001 -2.6753608330000134, 108.00475694400001 -2.6724438890000215, 108.00802777799998 -2.6724438890000215, 108.00802777799998 -2.6694719440000085, 108.00997194399997 -2.6694719440000085, 108.00997194399997 -2.660500000000013, 108.007610833 -2.660500000000013, 108.007610833 -2.6580558329999917, 108.009693889 -2.6580558329999917, 108.009693889 -2.6549999999999727, 107.999082778 -2.6549999999999727))",AKTIF
181759,SUMATERA,MENTERI,19,KEPULAUAN BANGKA BELITUNG,06,KABUPATEN BELITUNG TIMUR,WIUP,PT,PT ERA ANUGRAH JAYA,1119066112022011,,,,PENCADANGAN,91.0,PASIR KUARSA,6,11,,,,"LILANGAN, KEC. GANTUNG","POLYGON ((108.09641666700003 -3.102166667000006, 108.09641666700003 -3.118111111000019, 108.10133333300001 -3.118111111000019, 108.10133333300001 -3.1141666670000063, 108.09827777800001 -3.1141666670000063, 108.09827777800001 -3.104111111000009, 108.10405555599999 -3.104111111000009, 108.10405555599999 -3.099027777999993, 108.09744444400002 -3.099027777999993, 108.09744444400002 -3.102166667000006, 108.09641666700003 -3.102166667000006))",AKTIF
182216,SUMATERA,MENTERI,19,KEPULAUAN BANGKA BELITUNG,06,KABUPATEN BELITUNG TIMUR,WIUP,CV,CV KARUNIA SEMESTA BERSAMA,1119066112022012,,,,PENCADANGAN,97.0,PASIR KUARSA,6,11,,,,DESA LILANGAN,"POLYGON ((108.10194666699999 -3.1130133330000263, 108.10194666699999 -3.115938332999974, 108.10793833299999 -3.115938332999974, 108.10793833299999 -3.1189633330000106, 108.11178277800002 -3.1189633330000106, 108.11178277800002 -3.122496667000007, 108.11588277800001 -3.122496667000007, 108.11588277800001 -3.1130133330000263, 108.10194666699999 -3.1130133330000263))",AKTIF
182312,SUMATERA,MENTERI,19,KEPULAUAN BANGKA BELITUNG,06,KABUPATEN BELITUNG TIMUR,WIUP,PT,PT ARCHIE EXPERANZA MANUNGGAL,1119066112022013,,,,PENCADANGAN,285.0,PASIR KUARSA,6,11,,,,"DESA BUDING, KECAMATAN KELAPA KAMPIT","POLYGON ((107.98488888899999 -2.6206111110000165, 107.98488888899999 -2.631255555999985, 107.987313889 -2.631255555999985, 107.987313889 -2.640688888999989, 108.00212777799999 -2.640688888999989, 108.00212777799999 -2.63788888900001, 107.999816667 -2.63788888900001, 107.999816667 -2.6332138889999896, 107.99827777799999 -2.6332138889999896, 107.99827777799999 -2.6304944440000213, 107.9964 -2.6304944440000213, 107.9964 -2.6266388889999917, 107.994827778 -2.6266388889999917, 107.994827778 -2.622705556000028, 107.99237499999998 -2.622705556000028, 107.99237499999998 -2.6206111110000165, 107.98488888899999 -2.6206111110000165))",AKTIF
182355,SUMATERA,MENTERI,19,KEPULAUAN BANGKA BELITUNG,01,KABUPATEN BANGKA,IUP,PT,PT SWAMININDO SENTOSA ABADI,1119016112022002,816/1/IUP/PMDN/2022                                                                                 ,2022-05-23,2029-05-23,EKSPLORASI,244.0,PASIR KUARSA,6,11,CNC,,,"PERAIRAN LAUT AIR KANTUNG, KECAMATAN SUNGAILIAT, KABUPATENBANGKA, PROVINSI KEPULAUAN BANGKA BELITUNG","POLYGON ((106.15568611100002 -1.8334166669999945, 106.15568611100002 -1.8355583329999945, 106.15364722200002 -1.8355583329999945, 106.15364722200002 -1.8375194440000087, 106.15091388899998 -1.8375194440000087, 106.15091388899998 -1.8392749999999864, 106.148761111 -1.8392749999999864, 106.148761111 -1.8406388889999903, 106.146644444 -1.8406388889999903, 106.146644444 -1.8435888889999887, 106.149422222 -1.8435888889999887, 106.149422222 -1.8456388889999857, 106.15165000000002 -1.8456388889999857, 106.15165000000002 -1.8482555560000264, 106.15350000000001 -1.8482555560000264, 106.15350000000001 -1.8508694440000113, 106.15559722199998 -1.8508694440000113, 106.15559722199998 -1.8531861110000136, 106.15796111100002 -1.8531861110000136, 106.15796111100002 -1.8557166670000242, 106.161633333 -1.8557166670000242, 106.161633333 -1.8538388889999737, 106.16385000000002 -1.8538388889999737, 106.16385000000002 -1.8518527780000227, 106.16539722200002 -1.8518527780000227, 106.16539722200002 -1.8491472219999991, 106.162866667 -1.8491472219999991, 106.162866667 -1.8466527780000206, 106.16146944399998 -1.8466527780000206, 106.16146944399998 -1.8447166670000001, 106.15958611100001 -1.8447166670000001, 106.15958611100001 -1.8429027779999956, 106.16158611100002 -1.8429027779999956, 106.16158611100002 -1.8392444439999736, 106.15956111100002 -1.8392444439999736, 106.15956111100002 -1.8374305560000153, 106.15836388899999 -1.8374305560000153, 106.15836388899999 -1.8355277780000279, 106.157005556 -1.8355277780000279, 106.157005556 -1.8334166669999945, 106.15568611100002 -1.8334166669999945))",AKTIF
182359,SUMATERA,GUBERNUR,19,KEPULAUAN BANGKA BELITUNG,06,KABUPATEN BELITUNG TIMUR,IUP,PT,PT BELITUNG SAND MINING,3119064052014154,188.44/961/DPE/2016                                                                                 ,2016-10-24,2026-10-24,OPERASI PRODUKSI,539.7,PASIR KUARSA,6,11,CNC-27,,,"DESA LILANGAN, KEC GANTUNG","POLYGON ((108.15977777799998 -3.0873888890000103, 108.15977777799998 -3.097750000000019, 108.15930555599999 -3.097750000000019, 108.15930555599999 -3.1000833329999864, 108.15838888899998 -3.1000833329999864, 108.15838888899998 -3.1056111109999733, 108.15625 -3.1056111109999733, 108.15625 -3.1108333330000164, 108.15461111100001 -3.1108333330000164, 108.15461111100001 -3.1170000000000186, 108.15055555599997 -3.1170000000000186, 108.15055555599997 -3.122305556000015, 108.15249999999997 -3.122305556000015, 108.15249999999997 -3.1297777780000047, 108.154027778 -3.1297777780000047, 108.154027778 -3.133694444000014, 108.16752777800002 -3.133694444000014, 108.16752777800002 -3.1294444440000007, 108.16719444400002 -3.1294444440000007, 108.16719444400002 -3.1283333330000005, 108.16611111100002 -3.1283333330000005, 108.16611111100002 -3.1220833329999778, 108.16522222200001 -3.1220833329999778, 108.16522222200001 -3.1143333329999905, 108.16580555600001 -3.1143333329999905, 108.16580555600001 -3.1100555560000203, 108.16636111100001 -3.1100555560000203, 108.16636111100001 -3.1068333329999973, 108.16666666700002 -3.1068333329999973, 108.16666666700002 -3.1030000000000086, 108.16719444400002 -3.1030000000000086, 108.16719444400002 -3.098833333000016, 108.166 -3.098833333000016, 108.166 -3.0976666669999986, 108.16455555599998 -3.0976666669999986, 108.16455555599998 -3.0963611110000215, 108.16300000000001 -3.0963611110000215, 108.16300000000001 -3.095222222000018, 108.16169444399998 -3.095222222000018, 108.16169444399998 -3.094249999999988, 108.16075000000001 -3.094249999999988, 108.16075000000001 -3.08952777799999, 108.16041666699999 -3.08952777799999, 108.16041666699999 -3.0873888890000103, 108.15977777799998 -3.0873888890000103))",AKTIF
182366,SUMATERA,MENTERI,19,KEPULAUAN BANGKA BELITUNG,06,KABUPATEN BELITUNG TIMUR,WIUP,PT,PT KURNIA MANDIRI ADIPERKASA,1119066112022014,,,,PENCADANGAN,98.88,PASIR KUARSA,6,11,,,,"DESA LILANGAN, KECAMATAN SIMPANGPESAK","POLYGON ((108.04942444400001 -3.1282716669999786, 108.04942444400001 -3.1462549999999965, 108.05583277800002 -3.1462549999999965, 108.05583277800002 -3.141668889000016, 108.05283277799998 -3.141668889000016, 108.05283277799998 -3.1349466670000083, 108.05358000000001 -3.1349466670000083, 108.05358000000001 -3.1282716669999786, 108.04942444400001 -3.1282716669999786))",AKTIF
182398,SUMATERA,MENTERI,19,KEPULAUAN BANGKA BELITUNG,06,KABUPATEN BELITUNG TIMUR,WIUP,PT,PT BATARA PANCAR JAYA MINERAL,1119066112022015,,,,PENCADANGAN,96.0,PASIR KUARSA,6,11,,,,DESA SIMPANG PESAK,"POLYGON ((107.98627777799999 -3.0697722219999832, 107.98627777799999 -3.0754694440000208, 107.99988888899998 -3.0754694440000208, 107.99988888899998 -3.0697722219999832, 107.98627777799999 -3.0697722219999832))",AKTIF
182410,SUMATERA,Menteri,19,KEPULAUAN BANGKA BELITUNG,01,KABUPATEN BANGKA,IUP,PT,PT ADARA JALA SAMUDERA,1119015472022001,635/1/IUP/PMDN/2022,2022-04-11,2027-04-11,EKSPLORASI,28.9,PASIR PASANG,5,39,CNC,,,KECAMATAN SUNGAILIAT KABUPATEN BANGKA PROVINSI KEPULAUAN BANGKA BELITUNG,"POLYGON ((106.13752777799999 -1.8537222219999876, 106.13475 -1.8537222219999876, 106.13475 -1.8478055560000257, 106.13077166699998 -1.8478055560000257, 106.13076388899998 -1.8486805559999766, 106.13133333299999 -1.8486805559999766, 106.13133333299999 -1.8497222220000253, 106.13236111100002 -1.8497222220000253, 106.13236111100002 -1.8514999999999873, 106.13350000000003 -1.8514999999999873, 106.13350000000003 -1.8560277779999979, 106.13752777799999 -1.8560277779999979, 106.13752777799999 -1.8537222219999876))",AKTIF
182456,SUMATERA,MENTERI,19,KEPULAUAN BANGKA BELITUNG,06,KABUPATEN BELITUNG TIMUR,WIUP,PT,PT GARUDA PANCA ARTHA,1119066112022016,,,,PENCADANGAN,750.0,PASIR KUARSA,6,11,,,,DESA LIMBONGAN DAN DESA JANGKAR ASAM,"POLYGON ((108.12020999999999 -3.0740049999999997, 108.09957200000002 -3.0740049999999997, 108.09957200000002 -3.0783539999999903, 108.09330399999999 -3.0783539999999903, 108.09330399999999 -3.087541999999985, 108.07829099999998 -3.087541999999985, 108.07829099999998 -3.09852699999999, 108.10884399999998 -3.09852699999999, 108.10884399999998 -3.0877419999999915, 108.11189100000001 -3.0877419999999915, 108.11189100000001 -3.0809469999999806, 108.11627600000003 -3.0809469999999806, 108.11627600000003 -3.0783539999999903, 108.12020999999999 -3.0783539999999903, 108.12020999999999 -3.0740049999999997))",AKTIF
182492,SUMATERA,MENTERI,19,KEPULAUAN BANGKA BELITUNG,01,KABUPATEN BANGKA,IUP,PT,PT LAUTAN CAHAYA SILICA,1119016112022003,952/1/IUP/PMDN/2022                                                                                 ,2022-06-17,2029-06-17,EKSPLORASI,98.0,PASIR KUARSA,6,11,CNC,,,"V5C2+888, AIR ITAM, BUKITINTAN, PANGKAL PINANG CITY, BANGKA BELITUNG ISLANDS 33684","POLYGON ((106.19352444399999 -1.9141438890000018, 106.19352444399999 -1.926396667000006, 106.20001333300002 -1.926396667000006, 106.20001333300002 -1.9141438890000018, 106.19352444399999 -1.9141438890000018))",AKTIF
182501,SUMATERA,MENTERI,19,KEPULAUAN BANGKA BELITUNG,06,KABUPATEN BELITUNG TIMUR,WIUP,CV,CV CAHAYA SURYA MENTARI,1119066112022017,,,,PENCADANGAN,99.0,PASIR KUARSA,6,11,,,,"DESA LILANGAN, ","POLYGON ((108.04393555600001 -3.1196633330000054, 108.04393555600001 -3.1280494439999984, 108.05355777800003 -3.1280494439999984, 108.05355777800003 -3.1196633330000054, 108.04393555600001 -3.1196633330000054))",AKTIF
182505,SUMATERA,GUBERNUR,19,KEPULAUAN BANGKA BELITUNG,02,KABUPATEN BELITUNG,IUP,PT,PT INDUSTRI MINERAL BELITUNG,1119026112022006,02022200489740008                                                                                   ,2023-09-14,2043-09-14,OPERASI PRODUKSI,98.32,PASIR KUARSA,6,11,CNC,,,KECAMATAN MEMBALONG,"POLYGON ((107.646223889 -2.887628888999984, 107.646223889 -2.8899416670000164, 107.64645555599998 -2.8899416670000164, 107.64645555599998 -2.8899694439999735, 107.64668888900002 -2.8899694439999735, 107.64668888900002 -2.8900055560000055, 107.647013889 -2.8900055560000055, 107.647013889 -2.8900416669999913, 107.647175 -2.8900416669999913, 107.647175 -2.890058333000013, 107.647372222 -2.890058333000013, 107.647372222 -2.8900861110000164, 107.64761388900001 -2.8900861110000164, 107.64761388900001 -2.89011111100001, 107.64801111100002 -2.89011111100001, 107.64801111100002 -2.8901569440000117, 107.65102388899999 -2.8901569440000117, 107.65102388899999 -2.8883349999999837, 107.65216083299998 -2.8883349999999837, 107.65216083299998 -2.887158888999977, 107.65335388900002 -2.887158888999977, 107.65335388900002 -2.8856288889999746, 107.65429694400001 -2.8856288889999746, 107.65429694400001 -2.884608888999992, 107.65566888900003 -2.884608888999992, 107.65566888900003 -2.8828227779999906, 107.65963388900002 -2.8828227779999906, 107.65963388900002 -2.882387778000009, 107.662453889 -2.882387778000009, 107.662453889 -2.874504999999999, 107.65732888899998 -2.874504999999999, 107.65732888899998 -2.8776641669999776, 107.65632 -2.8776641669999776, 107.65632 -2.8816358330000185, 107.65386277800002 -2.8816358330000185, 107.65386277800002 -2.8824827779999964, 107.65301583299998 -2.8824827779999964, 107.65301583299998 -2.883314999999982, 107.65222194400002 -2.883314999999982, 107.65222194400002 -2.884066943999983, 107.651417778 -2.884066943999983, 107.651417778 -2.8848649999999907, 107.65074694399999 -2.8848649999999907, 107.65074694399999 -2.8855141669999966, 107.65009083299998 -2.8855141669999966, 107.65009083299998 -2.886189999999999, 107.64895888900003 -2.886189999999999, 107.64895888900003 -2.887628888999984, 107.646223889 -2.887628888999984))",AKTIF
182551,SUMATERA,GUBERNUR,19,KEPULAUAN BANGKA BELITUNG,02,KABUPATEN BELITUNG,IUP,PT,PT PRIMA ZIRCON MINERAL,2119024332020002,188.4/093/ESDM/DPMPTSP/2020                                                                         ,2020-10-14,2030-10-14,OPERASI PRODUKSI,49.0,ZIRKON,4,33,CNC,,,"DESA MEMBALONG, KEC.MEMBALONG,KABUPATEN BELITUNG","POLYGON ((107.72467499999999 -3.1189055560000156, 107.72467499999999 -3.1238555560000236, 107.72694722199998 -3.1238555560000236, 107.72694722199998 -3.1229666670000142, 107.72907500000002 -3.1229666670000142, 107.72907500000002 -3.122208333000003, 107.73017499999997 -3.122208333000003, 107.73017499999997 -3.1232027780000067, 107.73158888900002 -3.1232027780000067, 107.73158888900002 -3.130730556000003, 107.72864166699998 -3.130730556000003, 107.72864166699998 -3.1327249999999935, 107.73269166699998 -3.1327249999999935, 107.73269166699998 -3.1268083329999854, 107.73369166700002 -3.1268083329999854, 107.73369166700002 -3.124452777999977, 107.73315000000002 -3.124452777999977, 107.73315000000002 -3.1237805559999856, 107.73244999999997 -3.1237805559999856, 107.73244999999997 -3.122902778000025, 107.73034444400002 -3.122902778000025, 107.73034444400002 -3.121902777999992, 107.72987499999999 -3.121902777999992, 107.72987499999999 -3.120988888999989, 107.72884722200001 -3.120988888999989, 107.72884722200001 -3.1189055560000156, 107.72467499999999 -3.1189055560000156))",AKTIF
182597,SUMATERA,MENTERI,19,KEPULAUAN BANGKA BELITUNG,01,KABUPATEN BANGKA,IUP,PT,PT BASKARA SILICA MAKMUR,1119016112022004,1037/1/IUP/PMDN/2022                                                                                ,2022-07-13,2029-07-13,EKSPLORASI,98.0,PASIR KUARSA,6,11,CNC,,,"KECAMATAN SUNGAILIAT, KABUPATEN BANGKA, PROVINSI BANGKA BELITUNG","POLYGON ((106.19345499999997 -1.9004855559999783, 106.19345499999997 -1.912738332999993, 106.199943889 -1.912738332999993, 106.199943889 -1.9004855559999783, 106.19345499999997 -1.9004855559999783))",AKTIF
182604,SUMATERA,GUBERNUR,19,KEPULAUAN BANGKA BELITUNG,06,KABUPATEN BELITUNG TIMUR,IUP,CV,CV DHIKA YOGATAMA,3119064052014155,12490003327540003                                                                                   ,2022-11-28,2032-11-28,OPERASI PRODUKSI,152.7,PASIR KUARSA,6,11,CNC,,,"DESA TANJUNG BATU ITAM, KECAMATAN SIMPANG PESAK","POLYGON ((108.04288888899998 -3.1919166669999868, 108.04288888899998 -3.194361110999978, 108.04374999999999 -3.194361110999978, 108.04374999999999 -3.195666667000012, 108.04516666699999 -3.195666667000012, 108.04516666699999 -3.198805556000025, 108.046055556 -3.198805556000025, 108.046055556 -3.1999999999999886, 108.04780555600001 -3.1999999999999886, 108.04780555600001 -3.198611110999991, 108.04874999999998 -3.198611110999991, 108.04874999999998 -3.1974166670000272, 108.058888889 -3.1974166670000272, 108.058888889 -3.189416666999989, 108.060277778 -3.189416666999989, 108.060277778 -3.1863611109999965, 108.06172222200001 -3.1863611109999965, 108.06172222200001 -3.1856388890000176, 108.05786111100002 -3.1856388890000176, 108.05786111100002 -3.1863611109999965, 108.056083333 -3.1863611109999965, 108.056083333 -3.1876666669999736, 108.05452777800002 -3.1876666669999736, 108.05452777800002 -3.188972222000018, 108.05194444400001 -3.188972222000018, 108.05194444400001 -3.19186111099998, 108.05066666699997 -3.19186111099998, 108.05066666699997 -3.1927499999999895, 108.04708333299999 -3.1927499999999895, 108.04708333299999 -3.1919166669999868, 108.04288888899998 -3.1919166669999868))",AKTIF
182612,SUMATERA,MENTERI,19,KEPULAUAN BANGKA BELITUNG,04,KABUPATEN BANGKA TENGAH,IUP,PT,PT SILICA LAUTAN MUTIARA,1119046112022002,1045/1/IUP/PMDN/2022                                                                                ,2022-07-14,2029-07-14,EKSPLORASI,98.0,PASIR KUARSA,6,11,CNC,,,BANGKA TENGAH,"POLYGON ((106.25295055599997 -2.2458880560000125, 106.25295055599997 -2.2415791669999976, 106.259263611 -2.2415791669999976, 106.259263611 -2.2365408329999923, 106.247863333 -2.2365408329999923, 106.247863333 -2.2458880560000125, 106.25295055599997 -2.2458880560000125))",AKTIF
183118,SUMATERA,MENTERI,19,KEPULAUAN BANGKA BELITUNG,04,KABUPATEN BANGKA TENGAH,WIUP,PT,PT CAHAYA SILICA ABADI,1119046112022003,,,,PENCADANGAN,98.0,PASIR KUARSA,6,11,,,,"PERAIRAN LAUT ZONA KURANG DARI 2 MIL  LAUT DARI GARIS PANTAI,  DESA/KELURAHAN BHASKARA BHAKTI,","POLYGON ((106.24833722199998 -2.262800277999986, 106.24833722199998 -2.2727502779999895, 106.25925694400001 -2.2727502779999895, 106.25925694400001 -2.2664763889999904, 106.25117 -2.2664763889999904, 106.25117 -2.262800277999986, 106.24833722199998 -2.262800277999986))",AKTIF
183552,SUMATERA,MENTERI,19,KEPULAUAN BANGKA BELITUNG,04,KABUPATEN BANGKA TENGAH,WIUP,CV,CV BANGKA MINERATAMA MANDIRI,1119046112022004,,,,PENCADANGAN,98.0,PASIR KUARSA,6,11,,,,"PERAIRAN LAUT ZONA KURANG DARI 2 MIL  LAUT DARI GARIS PANTAI DESA KAYU BESI,  KEC. NAMANG","POLYGON ((106.248581667 -2.2836041670000213, 106.25906333299997 -2.2836041670000213, 106.25906333299997 -2.2755655560000037, 106.25310361099997 -2.2755655560000037, 106.25310361099997 -2.276565278000021, 106.248581667 -2.276565278000021, 106.248581667 -2.2836041670000213))",AKTIF
183561,SUMATERA,MENTERI,19,KEPULAUAN BANGKA BELITUNG,04,KABUPATEN BANGKA TENGAH,WIUP,PT,PT SINAR SILICA ABADI,1119046112022005,,,,PENCADANGAN,98.0,PASIR KUARSA,6,11,,,,"PERAIRAN LAUT ZONA KURANG DARI 2 MIL LAUT DARI GARIS PANTAI DESA BASKARA BAKTI, KECAMATAN NAMANG","POLYGON ((106.24803861100003 -2.247991110999976, 106.24803861100003 -2.2533897220000085, 106.25923305600003 -2.2533897220000085, 106.25923305600003 -2.2435119439999767, 106.25486999999998 -2.2435119439999767, 106.25486999999998 -2.247991110999976, 106.24803861100003 -2.247991110999976))",AKTIF
183568,SUMATERA,MENTERI,19,KEPULAUAN BANGKA BELITUNG,04,BANGKA TENGAH,IUPK,PT,PT TIMAH TBK,1119042112023001,02/1/IUPK/PMDN/2025,2023-02-07,2031-02-07,EKSPLORASI,258.3,TIMAH,2,11,I.T,,,KOBA,"POLYGON ((106.394277778 -2.487333332999981, 106.394277778 -2.4948888889999807, 106.38950833299998 -2.4948888889999807, 106.38950833299998 -2.508694444000014, 106.398880556 -2.508694444000014, 106.398880556 -2.49823055600001, 106.40088333300002 -2.49823055600001, 106.40088333300002 -2.4959166670000172, 106.40219444399997 -2.4959166670000172, 106.40219444399997 -2.4932222219999858, 106.402888889 -2.4932222219999858, 106.402888889 -2.4927222219999976, 106.40433333300001 -2.4927222219999976, 106.40433333300001 -2.488333333000014, 106.40050000000002 -2.488333333000014, 106.40050000000002 -2.486611111000002, 106.39905555600001 -2.486611111000002, 106.39905555600001 -2.4852222220000044, 106.39722222199998 -2.4852222220000044, 106.39722222199998 -2.487333332999981, 106.394277778 -2.487333332999981))",AKTIF
183585,SUMATERA,MENTERI,19,KEPULAUAN BANGKA BELITUNG,04,KABUPATEN BANGKA TENGAH,WIUP,PT,PT BERKAH SILICA MULIA,1119046112022006,,,,PENCADANGAN,98.0,PASIR KUARSA,6,11,,,,"PERAIRAN LAUT ZONA KURANG DARI 2 MIL  LAUT DARI GARIS PANTAI,  DESA/KELURAHAN BHASKARA BHAKTI,  KEC. NAMANG","POLYGON ((106.25385666699998 -2.219134166999993, 106.25385666699998 -2.2252708330000246, 106.252489722 -2.2252708330000246, 106.252489722 -2.2282186109999884, 106.25384777800002 -2.2282186109999884, 106.25384777800002 -2.2340783330000136, 106.259370278 -2.2340783330000136, 106.259370278 -2.222395000000006, 106.257395556 -2.222395000000006, 106.257395556 -2.219134166999993, 106.25385666699998 -2.219134166999993))",AKTIF
183624,SUMATERA,MENTERI,19,KEPULAUAN BANGKA BELITUNG,04,KABUPATEN BANGKA TENGAH,WIUP,PT,PT BANGKA SILICA ABADI,1119046112022007,,,,PENCADANGAN,98.0,PASIR KUARSA,6,11,,,,"LAUT DESA KAYU BESI/  DESA BHASKARA BAKTI,  KECAMATAN NAMANG","POLYGON ((106.252871389 -2.2647958329999938, 106.259286944 -2.2647958329999938, 106.259286944 -2.258423611000012, 106.25823722199999 -2.258423611000012, 106.25823722199999 -2.2558708330000172, 106.24813222199998 -2.2558708330000172, 106.24813222199998 -2.2609933329999876, 106.252871389 -2.2609933329999876, 106.252871389 -2.2647958329999938))",AKTIF
183666,SUMATERA,GUBERNUR,19,KEPULAUAN BANGKA BELITUNG,04,KABUPATEN BANGKA TENGAH,IUP,PT,PT PUTRAPRIMA MINERAL MANDIRI,2119044332019001,NOMOR : 188.4 / 399 /ESDM/ DPMPTSP / 2019                                                           ,2019-04-23,2029-04-23,OPERASI PRODUKSI,74.99,ZIRKON,4,33,CNC-1,,,"KELURAHAN PERLANG, KECAMATAN LUBUK BESAR","POLYGON ((106.51541666700001 -2.5661944440000184, 106.51258333300001 -2.5661944440000184, 106.51258333300001 -2.5876388890000044, 106.51008333300001 -2.5876388890000044, 106.51008333300001 -2.5887500000000045, 106.50716666699998 -2.5887500000000045, 106.50716666699998 -2.591222221999999, 106.50513888900002 -2.591222221999999, 106.50513888900002 -2.5941666670000245, 106.50672222200001 -2.5941666670000245, 106.50672222200001 -2.591944443999978, 106.50958333300002 -2.591944443999978, 106.50958333300002 -2.589999999999975, 106.51102777800003 -2.589999999999975, 106.51102777800003 -2.58952777799999, 106.514222222 -2.58952777799999, 106.514222222 -2.5791666669999813, 106.515333333 -2.5791666669999813, 106.515333333 -2.5776388890000135, 106.514222222 -2.5776388890000135, 106.514222222 -2.568333332999998, 106.51541666700001 -2.568333332999998, 106.51541666700001 -2.5661944440000184))",AKTIF
183672,SUMATERA,GUBERNUR,19,KEPULAUAN BANGKA BELITUNG,02,KABUPATEN BELITUNG,IUP,PT,PT TIMAH INVESTASI MINERAL,2119026112019006,91200042900610011                                                                                   ,2023-08-11,2043-08-11,OPERASI PRODUKSI,24.48,PASIR KUARSA,6,11,CNC,,,"DESA SIJUK, KECAMATAN SUJUK, KABUPATEN BELITUNG, PROVINSI KEPULAUAN BANGKA BELITUNG","POLYGON ((107.82483333300002 -2.5760361110000076, 107.82483333300002 -2.570066666999992, 107.823108333 -2.570066666999992, 107.823108333 -2.570722221999972, 107.822755556 -2.570722221999972, 107.822755556 -2.5723499999999717, 107.822422222 -2.5723499999999717, 107.822422222 -2.5737527780000278, 107.82121944400001 -2.5737527780000278, 107.82121944400001 -2.5744888890000084, 107.820530556 -2.5744888890000084, 107.820530556 -2.575649999999996, 107.82105555599998 -2.575649999999996, 107.82105555599998 -2.5764333330000113, 107.82166666699999 -2.5764333330000113, 107.82166666699999 -2.5754694440000208, 107.82229999999998 -2.5754694440000208, 107.82229999999998 -2.5765611109999895, 107.82193888900002 -2.5765611109999895, 107.82193888900002 -2.5779444440000248, 107.823575 -2.5779444440000248, 107.823575 -2.5760361110000076, 107.82483333300002 -2.5760361110000076))",AKTIF
183677,SUMATERA,GUBERNUR,19,KEPULAUAN BANGKA BELITUNG,02,KABUPATEN BELITUNG,IUP,PT,PT TIMAH INVESTASI MINERAL,2119026112019001,91200042900610007                                                                                   ,2023-08-11,2043-08-11,OPERASI PRODUKSI,60.56,PASIR KUARSA,6,11,CNC,,,"DESA BANTAN, KECAMATAN MEMBALONG, KABUPATEN BELITUNG, PROVINSI BANGKA BELITUNG","POLYGON ((107.659930556 -2.8951666670000122, 107.65336944400002 -2.8951666670000122, 107.65336944400002 -2.908305556000016, 107.65413055599998 -2.908305556000016, 107.65413055599998 -2.9087416670000152, 107.65486388900001 -2.9087416670000152, 107.65486388900001 -2.9071083329999965, 107.65452777799999 -2.9071083329999965, 107.65452777799999 -2.906041667000011, 107.65601388900001 -2.906041667000011, 107.65601388900001 -2.9058111109999913, 107.65637777799998 -2.9058111109999913, 107.65637777799998 -2.9046916670000087, 107.65698333300003 -2.9046916670000087, 107.65698333300003 -2.9043666669999766, 107.65673611099999 -2.9043666669999766, 107.65673611099999 -2.903733332999991, 107.65652499999999 -2.903733332999991, 107.65652499999999 -2.902783333000002, 107.65674444400003 -2.902783333000002, 107.65674444400003 -2.9023194439999997, 107.65716666700001 -2.9023194439999997, 107.65716666700001 -2.9017833330000258, 107.65605555600001 -2.9017833330000258, 107.65605555600001 -2.902150000000006, 107.65371944399999 -2.902150000000006, 107.65371944399999 -2.8988333330000273, 107.65555555600002 -2.8988333330000273, 107.65555555600002 -2.8999805560000027, 107.65716666700001 -2.8999805560000027, 107.65716666700001 -2.9001944440000216, 107.65850555600002 -2.9001944440000216, 107.65850555600002 -2.899791666999988, 107.65883333300002 -2.899791666999988, 107.65883333300002 -2.897916667000004, 107.66041388899998 -2.897916667000004, 107.66041388899998 -2.897588889000019, 107.661 -2.897588889000019, 107.661 -2.8971194439999977, 107.661277778 -2.8971194439999977, 107.661277778 -2.894194443999993, 107.659930556 -2.894194443999993, 107.659930556 -2.8951666670000122))",AKTIF
183688,SUMATERA,GUBERNUR,19,KEPULAUAN BANGKA BELITUNG,02,KABUPATEN BELITUNG,IUP,PT,PT TIMAH INVESTASI MINERAL,2119026112019005,91200042900610010                                                                                   ,2023-08-10,2043-08-10,OPERASI PRODUKSI,96.68,PASIR KUARSA,6,11,CNC,,,"DESA BANTAN, KECAMATAN MEMBALONG, KABUPATEN BELITUNG, PROVINSI BANGKA BELITUNG","POLYGON ((107.68225000000001 -2.9303277779999917, 107.68225000000001 -2.9334444439999743, 107.68369444400003 -2.9334444439999743, 107.68369444400003 -2.9378055560000007, 107.680805556 -2.9378055560000007, 107.680805556 -2.935472221999987, 107.677444444 -2.935472221999987, 107.677444444 -2.9377777779999974, 107.67880555599999 -2.9377777779999974, 107.67880555599999 -2.9404972219999763, 107.68004722199998 -2.9404972219999763, 107.68004722199998 -2.9409444440000243, 107.683955556 -2.9409444440000243, 107.683955556 -2.941500000000019, 107.68611388900001 -2.941500000000019, 107.68611388900001 -2.942055556000014, 107.69036111100002 -2.942055556000014, 107.69036111100002 -2.9370833329999755, 107.68819444399998 -2.9370833329999755, 107.68819444399998 -2.9343888889999903, 107.68655555599997 -2.9343888889999903, 107.68655555599997 -2.932002778000026, 107.68420833300002 -2.932002778000026, 107.68420833300002 -2.9303277779999917, 107.68225000000001 -2.9303277779999917))",AKTIF
183689,SUMATERA,GUBERNUR,19,KEPULAUAN BANGKA BELITUNG,06,KABUPATEN BELITUNG TIMUR,IUP,PT,PT TIMAH INVESTASI MINERAL,2119066112019003,91200042900610009                                                                                   ,2023-08-16,2043-08-16,OPERASI PRODUKSI,144.1,PASIR KUARSA,6,11,CNC-1,,,"DESA JANGKAR ASAM, KECAMATAN GANTUNG, KABUPATEN BELITUNG TIMUR, PROVINSI BANGKA BELITUNG","POLYGON ((108.09561111099998 -3.065527777999989, 108.100972222 -3.065527777999989, 108.100972222 -3.0642777780000188, 108.107166667 -3.0642777780000188, 108.107166667 -3.0625555560000066, 108.11180555599998 -3.0625555560000066, 108.11180555599998 -3.0647222220000003, 108.11763888899998 -3.0647222220000003, 108.11763888899998 -3.0579722219999894, 108.10530555600002 -3.0579722219999894, 108.10530555600002 -3.063305555999989, 108.10025000000002 -3.063305555999989, 108.10025000000002 -3.057222222000007, 108.09561111099998 -3.057222222000007, 108.09561111099998 -3.065527777999989))",AKTIF
183690,SUMATERA,GUBERNUR,19,KEPULAUAN BANGKA BELITUNG,02,KABUPATEN BELITUNG,IUP,PT,PT TIMAH INVESTASI MINERAL,2119026112019007,91200042900610008                                                                                   ,2023-08-15,2043-08-15,OPERASI PRODUKSI,82.67,PASIR KUARSA,6,11,CNC,,,"DESA SIJUK, KECAMATAN SUJUK, KABUPATEN BELITUNG, PROVINSI KEPULAUAN BANGKA BELITUNG","POLYGON ((107.800444444 -2.574166666999986, 107.8039 -2.574166666999986, 107.8039 -2.5739416669999855, 107.80508888899999 -2.5739416669999855, 107.80508888899999 -2.5732138889999874, 107.80378333300001 -2.5732138889999874, 107.80378333300001 -2.571561110999994, 107.80321666700002 -2.571561110999994, 107.80321666700002 -2.570055556, 107.80273055599997 -2.570055556, 107.80273055599997 -2.5688944440000228, 107.80241111100003 -2.5688944440000228, 107.80241111100003 -2.566633333000027, 107.80458055600002 -2.566633333000027, 107.80458055600002 -2.5672388890000093, 107.80541666699997 -2.5672388890000093, 107.80541666699997 -2.568597221999994, 107.80580277799999 -2.568597221999994, 107.80580277799999 -2.568794443999991, 107.80799999999999 -2.568794443999991, 107.80799999999999 -2.5682222219999744, 107.80947777799997 -2.5682222219999744, 107.80947777799997 -2.567244443999982, 107.809019444 -2.567244443999982, 107.809019444 -2.5663638890000016, 107.808386111 -2.5663638890000016, 107.808386111 -2.5654666670000097, 107.809244444 -2.5654666670000097, 107.809244444 -2.5652583329999743, 107.80985833300002 -2.5652583329999743, 107.80985833300002 -2.5666388889999894, 107.81066666700002 -2.5666388889999894, 107.81066666700002 -2.5672722219999855, 107.80994166699998 -2.5672722219999855, 107.80994166699998 -2.5682222219999744, 107.81116944399997 -2.5682222219999744, 107.81116944399997 -2.565436110999997, 107.81158333299999 -2.565436110999997, 107.81158333299999 -2.5561555560000215, 107.81038888900002 -2.5561555560000215, 107.81038888900002 -2.5560055560000023, 107.80998888900001 -2.5560055560000023, 107.80998888900001 -2.5563694439999836, 107.80949166699997 -2.5563694439999836, 107.80949166699997 -2.5566722219999747, 107.80911944399998 -2.5566722219999747, 107.80911944399998 -2.5568888889999926, 107.80966666699999 -2.5568888889999926, 107.80966666699999 -2.5602777779999997, 107.80836111100001 -2.5602777779999997, 107.80836111100001 -2.562522221999984, 107.80928055599998 -2.562522221999984, 107.80928055599998 -2.5612055560000044, 107.81143333300002 -2.5612055560000044, 107.81143333300002 -2.5617277779999768, 107.81081666699998 -2.5617277779999768, 107.81081666699998 -2.5643916669999953, 107.80709722199998 -2.5643916669999953, 107.80709722199998 -2.563222221999979, 107.80437222199998 -2.563222221999979, 107.80437222199998 -2.5633888890000094, 107.803305556 -2.5633888890000094, 107.803305556 -2.5643249999999966, 107.804641667 -2.5643249999999966, 107.804641667 -2.564824999999985, 107.80245000000002 -2.564824999999985, 107.80245000000002 -2.565463889, 107.800444444 -2.565463889, 107.800444444 -2.571161110999981, 107.80151666699999 -2.571161110999981, 107.80151666699999 -2.570769444000007, 107.802261111 -2.570769444000007, 107.802261111 -2.572011110999995, 107.800444444 -2.572011110999995, 107.800444444 -2.574166666999986))",AKTIF
183753,SUMATERA,GUBERNUR,19,KEPULAUAN BANGKA BELITUNG,04,KABUPATEN BANGKA TENGAH,IUP,PT,PT BANGKA CIPTA PRATAMA,2119044332019002,188.4/402/ESDM/DPMPTSP/2019                                                                         ,2019-05-20,2029-05-20,OPERASI PRODUKSI,120.49,ZIRKON,4,33,CNC,,,"DESA NIBUNG KECAMATAN KOBA KABUPATEN BANGKA TENGAH, PROVINSI KEPULAUAN BANGKA BELITUNG","POLYGON ((106.376388889 -2.531111110999973, 106.376388889 -2.540166666999994, 106.37188888899999 -2.540166666999994, 106.37188888899999 -2.544694444000015, 106.369166667 -2.544694444000015, 106.369166667 -2.5473611109999865, 106.37061111100002 -2.5473611109999865, 106.37061111100002 -2.5468888890000017, 106.37437499999999 -2.5468888890000017, 106.37437499999999 -2.548999999999978, 106.37619444400002 -2.548999999999978, 106.37619444400002 -2.5445138889999726, 106.38069444400003 -2.5445138889999726, 106.38069444400003 -2.531111110999973, 106.376388889 -2.531111110999973))",AKTIF
183768,SUMATERA,GUBERNUR,19,KEPULAUAN BANGKA BELITUNG,06,KABUPATEN BELITUNG TIMUR,IUP,PT,PT PUTERA SUKSES MINERAL,1119066112022018,12470064224220004                                                                                   ,2022-11-04,2029-11-04,EKSPLORASI,99.7,PASIR KUARSA,6,11,CNC,,,"DESA SUKAMANDI, KECAMATAN DAMAR","POLYGON ((108.25519444399998 -2.826994443999979, 108.25519444399998 -2.8339111110000204, 108.25349444400001 -2.8339111110000204, 108.25349444400001 -2.8368861110000125, 108.25105277799997 -2.8368861110000125, 108.25105277799997 -2.8387500000000045, 108.25436388899999 -2.8387500000000045, 108.25436388899999 -2.837361111000007, 108.25516388900002 -2.837361111000007, 108.25516388900002 -2.8362972219999847, 108.25597222200003 -2.8362972219999847, 108.25597222200003 -2.837588889000017, 108.256630556 -2.837588889000017, 108.256630556 -2.8391527780000274, 108.26199166700002 -2.8391527780000274, 108.26199166700002 -2.8340083329999857, 108.26057500000002 -2.8340083329999857, 108.26057500000002 -2.826994443999979, 108.25519444399998 -2.826994443999979))",AKTIF
183832,SUMATERA,MENTERI,19,KEPULAUAN BANGKA BELITUNG,06,KABUPATEN BELITUNG TIMUR,WIUP,PT,PT PASIR BELITUNG UTAMA,1119066112022019,,,,PENCADANGAN,99.2,PASIR KUARSA,6,11,,,,"DESA BATU ITAM, KELURAHAN TANJUNG BATU ITAM, KECAMATAN SIMPANG PESAK, KABUPATEN BELITUNG TIMUR, PROVINSI KEPULAUAN BANGKA BELITUNG","POLYGON ((108.01625000000001 -3.1644444440000257, 108.01625000000001 -3.1671944440000175, 108.012305556 -3.1671944440000175, 108.012305556 -3.171333333000007, 108.01022222199998 -3.171333333000007, 108.01022222199998 -3.176888888999997, 108.01872222200001 -3.176888888999997, 108.01872222200001 -3.1644444440000257, 108.01625000000001 -3.1644444440000257))",AKTIF
183854,SUMATERA,GUBERNUR,19,KEPULAUAN BANGKA BELITUNG,06,KABUPATEN BELITUNG TIMUR,IUP,PT,PT BELANTARA JAYA LESTARI,1119066112022020,21032200301070001                                                                                   ,2022-10-17,2029-10-17,EKSPLORASI,98.0,PASIR KUARSA,6,11,CNC,,,"DESA TANJUNG KELUMPAMNG, KECAMATAN SIMPANG PESAK","POLYGON ((107.99987583299998 -3.218625832999976, 107.99987583299998 -3.226246666999998, 108.01016333299998 -3.226246666999998, 108.01016333299998 -3.224941111000021, 108.010524444 -3.224941111000021, 108.010524444 -3.223041943999988, 108.011395833 -3.223041943999988, 108.011395833 -3.2205116669999825, 108.00929777800002 -3.2205116669999825, 108.00929777800002 -3.218625832999976, 107.99987583299998 -3.218625832999976))",AKTIF
183872,SUMATERA,MENTERI,19,KEPULAUAN BANGKA BELITUNG,06,BELITUNG TIMUR,WIUP,PT,PT KURNIA MANDIRI ADIPERKASA,1119066112022021,,,,PENCADANGAN,99.0,PASIR KUARSA,6,11,,,,"DESA SIMPANGPESAK,  KECAMATAN SIMPANGPESAK","POLYGON ((108.04941333300002 -3.1462549999999965, 108.04941333300002 -3.1527883329999895, 108.03980222199999 -3.1527883329999895, 108.03980222199999 -3.1551605559999985, 108.05588277800001 -3.1551605559999985, 108.05588277800001 -3.1462549999999965, 108.04941333300002 -3.1462549999999965))",AKTIF
185218,SUMATERA,GUBERNUR,19,KEPULAUAN BANGKA BELITUNG,01,KABUPATEN BANGKA,IUP,PT,PT KAOLINDO BANGKA SEJAHTRA,2119014242021105,188.4/077/ESDM/DPMPTSP/2020                                                                         ,2020-08-25,2030-07-07,OPERASI PRODUKSI,12.71,KAOLIN,4,24,CNC,,,"DUSUN RIMBA BERAS, DESA PUGUL, KECAMATAN RIAU SILIP, KABUPATEN BANGKA, PROV. KEP. BANGKA BELITUNG","POLYGON ((105.92391666700001 -1.804194444000018, 105.92391666700001 -1.8062611110000262, 105.92480277800001 -1.8062611110000262, 105.92480277800001 -1.8067666669999767, 105.92563888900003 -1.8067666669999767, 105.92563888900003 -1.8080138889999944, 105.92624999999998 -1.8080138889999944, 105.92624999999998 -1.8062583330000166, 105.92757222199998 -1.8062583330000166, 105.92757222199998 -1.8051249999999754, 105.928119444 -1.8051249999999754, 105.928119444 -1.8036972219999825, 105.926666667 -1.8036972219999825, 105.926666667 -1.804194444000018, 105.92391666700001 -1.804194444000018))",AKTIF
185655,SUMATERA,GUBERNUR,19,KEPULAUAN BANGKA BELITUNG,02,KABUPATEN BELITUNG,IUP,PT,PT MEGA ALAM MAKMUR,2119024242020001,188.4/109/ESDM/DPMPTSP/2020                                                                         ,2020-12-04,2030-12-04,OPERASI PRODUKSI,24.03,KAOLIN,4,24,CNC,,,"DESA BADAU, KECAMATAN BADAU, KABUPATEN BELITUNG, PROVINSI KEPULAUAN BANGKA BELITUNG","POLYGON ((107.801666667 -2.8218611109999756, 107.801666667 -2.826750000000004, 107.80565277800002 -2.826750000000004, 107.80565277800002 -2.826111110999989, 107.80709166700001 -2.826111110999989, 107.80709166700001 -2.825230556000008, 107.80525555600002 -2.825230556000008, 107.80525555600002 -2.8218611109999756, 107.801666667 -2.8218611109999756))",AKTIF
185683,SUMATERA,GUBERNUR,19,KEPULAUAN BANGKA BELITUNG,02,KABUPATEN BELITUNG,IUP,PT,PT BELITUNG JAYA GEMILANG,2119026112018001,188.4/318/ESDM/DPMPTSP/2018                                                                         ,2018-08-14,2028-08-14,OPERASI PRODUKSI,198.9,PASIR KUARSA,6,11,CNC,,,DESA LASSAR KECAMATAN MEMBALONG KABUPATEN BELITUNG,"POLYGON ((107.61598416700002 -2.9771388890000026, 107.61597222199998 -2.9771388890000026, 107.61597222199998 -2.977564443999995, 107.61597222199998 -2.977583332999984, 107.61425000000003 -2.977583332999984, 107.61425000000003 -2.9744999999999777, 107.61641666700001 -2.9744999999999777, 107.61641666700001 -2.9712499999999977, 107.61488888899999 -2.9712499999999977, 107.61488888899999 -2.968398090999983, 107.61488888899999 -2.9662777780000056, 107.616916667 -2.9662777780000056, 107.616916667 -2.961500000000001, 107.61241666699999 -2.961500000000001, 107.61241666699999 -2.9666388890000235, 107.61008333299998 -2.9666388890000235, 107.61008333299998 -2.9707222220000062, 107.60922222200003 -2.9707222220000062, 107.60922222200003 -2.977222222000023, 107.611888889 -2.977222222000023, 107.611888889 -2.9759444439999925, 107.613 -2.9759444439999925, 107.613 -2.9769444440000257, 107.61277777800001 -2.9769444440000257, 107.61277777800001 -2.977222222000023, 107.61227777800002 -2.977222222000023, 107.61227777800002 -2.9781111109999756, 107.61202777800003 -2.9781111109999756, 107.61202777800003 -2.9786666670000272, 107.61169444400002 -2.9786666670000272, 107.61169444400002 -2.9795833329999937, 107.609388889 -2.9795833329999937, 107.609388889 -2.984444444000019, 107.610222222 -2.984444444000019, 107.610222222 -2.985888889000023, 107.61505555600002 -2.985888889000023, 107.61505555600002 -2.9837249999999926, 107.61572222199999 -2.9837249999999926, 107.61572222199999 -2.9818055559999834, 107.61755555600001 -2.9818055559999834, 107.61755555600001 -2.982250000000022, 107.623638889 -2.982250000000022, 107.623638889 -2.979361111000003, 107.62233333299997 -2.979361111000003, 107.62233333299997 -2.979722222000021, 107.619694444 -2.979722222000021, 107.619694444 -2.974944444000016, 107.61727777800002 -2.974944444000016, 107.61727777800002 -2.9771388890000026, 107.616983474 -2.9771388890000026, 107.61598416700002 -2.9771388890000026))",AKTIF
185711,SUMATERA,GUBERNUR,19,KEPULAUAN BANGKA BELITUNG,06,KABUPATEN BELITUNG TIMUR,IUP,PT,PT SEJAHTERA UTAMA MITRA JAYA,3119065402014089,31032200350030014                                                                                   ,2023-03-25,2033-03-25,OPERASI PRODUKSI,165.2,PASIR KUARSA,6,11,CNC-16,,,"DESA LILANGAN, KECAMATAN GANTUNG, KABUPATEN BELITUNG TIMUR  PROVINSI KEPULAUAN BANGKA BELITUNG","POLYGON ((108.11119444399998 -3.1382222220000244, 108.11119444399998 -3.139722221999989, 108.122805556 -3.139722221999989, 108.122805556 -3.141083332999983, 108.12508333300002 -3.141083332999983, 108.12508333300002 -3.143250000000023, 108.126972222 -3.143250000000023, 108.126972222 -3.1453611109999997, 108.12894444400001 -3.1453611109999997, 108.12894444400001 -3.1470277779999947, 108.130833333 -3.1470277779999947, 108.130833333 -3.147833332999994, 108.12336111100001 -3.1478611109999974, 108.12336111100001 -3.1490555560000075, 108.12216666699999 -3.1490555560000075, 108.12216666699999 -3.151166666999984, 108.12102777799998 -3.151166666999984, 108.12102777799998 -3.1532777780000174, 108.119972222 -3.1532777780000174, 108.119972222 -3.155138889, 108.11902777799997 -3.155138889, 108.11902777799997 -3.156861111000012, 108.12299999999999 -3.156861111000012, 108.12299999999999 -3.155638888999988, 108.12425000000002 -3.155638888999988, 108.12425000000002 -3.153583332999972, 108.125305556 -3.153583332999972, 108.125305556 -3.151916667000023, 108.12630555599998 -3.151916667000023, 108.12630555599998 -3.150222222000025, 108.13488888900002 -3.150222222000025, 108.13488888900002 -3.1479722220000212, 108.13375000000002 -3.1479722220000212, 108.13375000000002 -3.1455555559999766, 108.13302777799998 -3.1455555559999766, 108.13302777799998 -3.1436944440000048, 108.13202777800001 -3.1436944440000048, 108.13202777800001 -3.1419444439999893, 108.13119444400002 -3.1419444439999893, 108.13119444400002 -3.140472222000028, 108.13041666700002 -3.140472222000028, 108.13041666700002 -3.1390833329999737, 108.12958333300003 -3.1390833329999737, 108.12958333300003 -3.1382222220000244, 108.11119444399998 -3.1382222220000244))",AKTIF
186201,SUMATERA,MENTERI,19,KEPULAUAN BANGKA BELITUNG,03,KABUPATEN BANGKA SELATAN,IUP,PT,PT SYNERGY MAJU BERSAMA,3119032112014028,02960100404140005                                                                                   ,2024-01-05,2034-01-05,OPERASI PRODUKSI,956.9,TIMAH,2,11,CNC-9,,,KECAMATAN SIMPANG RIMBA,"POLYGON ((105.83213888900002 -2.5729444439999725, 105.83213888900002 -2.602649999999983, 105.850708333 -2.602649999999983, 105.850708333 -2.5906583330000217, 105.858977778 -2.5906583330000217, 105.858977778 -2.579977778, 105.87012499999997 -2.579977778, 105.87012499999997 -2.5729444439999725, 105.83213888900002 -2.5729444439999725))",AKTIF
186273,SUMATERA,MENTERI,19,KEPULAUAN BANGKA BELITUNG,"00,05","PERAIRAN LAUT < 12 MIL KEP. BANGKA BELITUNG,KABUPATEN BANGKA BARAT",IUP,PT,PT HASIL ALAM SUKSES PRATAMA,2119002112014045,13082100177420003                                                                                   ,2025-10-23,2035-10-23,OPERASI PRODUKSI,4356.0,TIMAH,2,11,CNC-1,,,"LAUT TANJUNG GENTING, KECAMATAN JEBUS, KABUPATEN BANGKA BARAT","POLYGON ((105.26072222200003 -1.5382222220000017, 105.26072222200003 -1.579638889000023, 105.32541666700001 -1.579638889000023, 105.32541666700001 -1.5651388890000248, 105.34433333300001 -1.5651388890000248, 105.34433333300001 -1.5533888890000185, 105.35869444399998 -1.5533888890000185, 105.35869444399998 -1.5425277780000215, 105.38655555600002 -1.5425277780000215, 105.38655555600002 -1.5382222220000017, 105.26072222200003 -1.5382222220000017))",AKTIF
186283,SUMATERA,GUBERNUR,19,KEPULAUAN BANGKA BELITUNG,06,KABUPATEN BELITUNG TIMUR,IUP,PT,PT BINTANG DELAPAN ENAM,2119064052021139,02270009010530016                                                                                   ,2022-11-09,2042-11-09,OPERASI PRODUKSI,455.0,PASIR KUARSA,6,11,CNC,,,BATU PENYU,"POLYGON ((108.16866666700002 -3.037638888999993, 108.16866666700002 -3.052722222, 108.18216666699999 -3.052722222, 108.18216666699999 -3.0578888890000258, 108.18011111099997 -3.0578888890000258, 108.18011111099997 -3.061638888999994, 108.17177777799998 -3.061638888999994, 108.17177777799998 -3.071194444000014, 108.17558333300002 -3.071194444000014, 108.17558333300002 -3.0695277780000083, 108.18044444399999 -3.0695277780000083, 108.18044444399999 -3.0678888890000167, 108.18444444400001 -3.0678888890000167, 108.18444444400001 -3.0663472219999903, 108.18849999999998 -3.0663472219999903, 108.18849999999998 -3.0497777780000206, 108.176888889 -3.0497777780000206, 108.176888889 -3.0443333329999973, 108.18099999999998 -3.0443333329999973, 108.18099999999998 -3.037638888999993, 108.16866666700002 -3.037638888999993))",AKTIF
186284,SUMATERA,GUBERNUR,19,KEPULAUAN BANGKA BELITUNG,06,KABUPATEN BELITUNG TIMUR,IUP,PT,PT BINTANG DELAPAN ENAM,2119064052021140,02270009010530017                                                                                   ,2022-11-09,2042-11-09,OPERASI PRODUKSI,622.0,PASIR KUARSA,6,11,CNC,,,SIMPANG PESAK,"POLYGON ((108.03818888900003 -3.155213888999981, 108.03818888900003 -3.1659166669999763, 108.04436388900001 -3.1659166669999763, 108.04436388900001 -3.163797222000028, 108.04737499999999 -3.163797222000028, 108.04737499999999 -3.162452777999988, 108.05153333300001 -3.162452777999988, 108.05153333300001 -3.167372221999983, 108.05364166700002 -3.167372221999983, 108.05364166700002 -3.172680555999989, 108.054944444 -3.172680555999989, 108.054944444 -3.1761000000000195, 108.04900833300002 -3.1761000000000195, 108.04900833300002 -3.1794499999999744, 108.04739444400002 -3.1794499999999744, 108.04739444400002 -3.192483332999984, 108.050341667 -3.192483332999984, 108.050341667 -3.191669444000013, 108.05169722199997 -3.191669444000013, 108.05169722199997 -3.1888555560000214, 108.05443888899998 -3.1888555560000214, 108.05443888899998 -3.1875777779999908, 108.055977778 -3.1875777779999908, 108.055977778 -3.185547222000025, 108.06180555600002 -3.185547222000025, 108.06180555600002 -3.1830555559999993, 108.06428888900001 -3.1830555559999993, 108.06428888900001 -3.1647916669999745, 108.05900833300001 -3.1647916669999745, 108.05900833300001 -3.155213888999981, 108.03818888900003 -3.155213888999981))",AKTIF
186318,SUMATERA,MENTERI,19,KEPULAUAN BANGKA BELITUNG,02,KABUPATEN BELITUNG,IUP,PT,PT KENCANA KAOLIN INDUSTRI,2119024242020109,91202003700560001                                                                                   ,2023-07-10,2033-07-10,OPERASI PRODUKSI,85.9,KAOLIN,4,24,CNC,,,"DESA AIR SELUMAR, KECAMATAN SIJUK","POLYGON ((107.76909722200003 -2.5971194439999863, 107.76909722200003 -2.599877778000007, 107.76826388900002 -2.599877778000007, 107.76826388900002 -2.600780556000018, 107.76789444399998 -2.600780556000018, 107.76789444399998 -2.6019888889999834, 107.77219166700002 -2.6019888889999834, 107.77219166700002 -2.6042583330000184, 107.77277777799998 -2.6042583330000184, 107.77277777799998 -2.60515833300002, 107.77636111100003 -2.60515833300002, 107.77636111100003 -2.6060777779999853, 107.779688889 -2.6060777779999853, 107.779688889 -2.5998388890000115, 107.77833611099999 -2.5998388890000115, 107.77833611099999 -2.59916666700002, 107.776830556 -2.59916666700002, 107.776830556 -2.598349999999982, 107.77377777800001 -2.598349999999982, 107.77377777800001 -2.5971194439999863, 107.76909722200003 -2.5971194439999863))",AKTIF
186343,SUMATERA,MENTERI,19,KEPULAUAN BANGKA BELITUNG,01,KABUPATEN BANGKA,IUP,PT,PT PUTERA SARANA SHAKTI,3119012112014055,81203180718660004                                                                                   ,2023-08-30,2032-11-11,OPERASI PRODUKSI,258.0,TIMAH,2,11,CNC-17,,,KECAMATAN BELINYU,"POLYGON ((105.70657222199998 -1.4687166670000238, 105.70657222199998 -1.4741277780000246, 105.75511388899997 -1.4741277780000246, 105.75511388899997 -1.4723222220000025, 105.74297777800001 -1.4723222220000025, 105.74297777800001 -1.469611111000006, 105.73218888899999 -1.469611111000006, 105.73218888899999 -1.4687166670000238, 105.70657222199998 -1.4687166670000238))",AKTIF
186374,SUMATERA,GUBERNUR,19,KEPULAUAN BANGKA BELITUNG,06,KABUPATEN BELITUNG TIMUR,IUP,PT,PT SATUNUSA CAKRA MINERAL,2119066112022156,16062200803620013                                                                                   ,2025-06-17,2045-06-17,OPERASI PRODUKSI,485.95,PASIR KUARSA,6,11,CNC,,,DESA JANGKAR ASAM DAN DESA LIMBUNGAN KEC GANTUNG,"POLYGON ((108.13078055599999 -3.0778472220000026, 108.13078055599999 -3.0829749999999763, 108.148802778 -3.0829749999999763, 108.148802778 -3.07983611100002, 108.15029166699998 -3.07983611100002, 108.15029166699998 -3.0769805560000236, 108.15149166700002 -3.0769805560000236, 108.15149166700002 -3.0753250000000207, 108.153036111 -3.0753250000000207, 108.153036111 -3.0732666669999844, 108.15503888900002 -3.0732666669999844, 108.15503888900002 -3.0708138890000214, 108.15738333299998 -3.0708138890000214, 108.15738333299998 -3.067672221999999, 108.16201388899998 -3.067672221999999, 108.16201388899998 -3.063216667000006, 108.14531666699997 -3.063216667000006, 108.14531666699997 -3.0681861109999886, 108.13079166699998 -3.0681861109999886, 108.13079166699998 -3.0729222219999883, 108.13200277800001 -3.0729222219999883, 108.13200277800001 -3.074072221999984, 108.133177778 -3.074072221999984, 108.133177778 -3.0767555560000233, 108.13167222200002 -3.0767555560000233, 108.13167222200002 -3.0778472220000026, 108.13078055599999 -3.0778472220000026))",AKTIF
186395,SUMATERA,GUBERNUR,19,KEPULAUAN BANGKA BELITUNG,02,KABUPATEN BELITUNG,IUP,PT,PT USAHA MANDIRI PERSADA,3119025382015136,91202014329560001                                                                                   ,2023-04-08,2033-04-08,OPERASI PRODUKSI,147.5,PASIR KUARSA,6,11,CNC,,,DESA MENTIGI KECAMATAN MEMBALONG,"POLYGON ((107.66402777799999 -3.1923888889999716, 107.659583333 -3.1923888889999716, 107.659583333 -3.1939166669999963, 107.657361111 -3.1939166669999963, 107.657361111 -3.1952777779999906, 107.65530555599997 -3.1952777779999906, 107.65530555599997 -3.196944443999996, 107.65280555599998 -3.196944443999996, 107.65280555599998 -3.206444443999999, 107.662388889 -3.206444443999999, 107.662388889 -3.1956944440000257, 107.66402777799999 -3.1956944440000257, 107.66402777799999 -3.1923888889999716))",AKTIF
186398,SUMATERA,MENTERI,19,KEPULAUAN BANGKA BELITUNG,01,BANGKA,IUP,PT,PT ADITYA BUANA INTER,3119015102014134,1879/1/IUP/PMDN/2021,2021-12-20,2027-05-11,OPERASI PRODUKSI,12.86,GRANIT,5,10,CNC, ,19010110OP224,"DESA JURUNG, KEC. MERAWANG","POLYGON ((106.08196944399998 -1.9366749999999797, 106.08444166700002 -1.9366749999999797, 106.08444139 -1.9358141089999776, 106.08493585000002 -1.9358137909999868, 106.08493515999999 -1.934728361999987, 106.08560939 -1.9347279279999725, 106.08560884399998 -1.9338685929999997, 106.08466492299999 -1.9338692000000037, 106.08466463600001 -1.9334169219999922, 106.08390041000001 -1.9334174129999724, 106.08390029499998 -1.9332364480000024, 106.08309121999997 -1.9332369670000276, 106.08309104799997 -1.9329656549999754, 106.08196932800001 -1.9329663739999887, 106.08196944399998 -1.9329666670000165, 106.08196944399998 -1.9366749999999797))",AKTIF
186406,SUMATERA,GUBERNUR,19,KEPULAUAN BANGKA BELITUNG,6,BELITUNG TIMUR,IUP,PT,PT BERKAH SUMBER ALAM,2119064052018001,188.4/381/ESDM/DPMPTSP/2019,2019-02-28,2029-02-28,OPERASI PRODUKSI,151.4,PASIR KUARSA,4,05,CNC,,,"DESA LIMBONGAN, KEC. GANTUNG","POLYGON ((108.14702799999998 -3.1229720000000043, 108.14702799999998 -3.125, 108.14749999999998 -3.125, 108.14749999999998 -3.128360999999984, 108.14786099999998 -3.128360999999984, 108.14786099999998 -3.1313329999999837, 108.14808299999999 -3.1313329999999837, 108.14808299999999 -3.132583000000011, 108.14869399999998 -3.132583000000011, 108.14869399999998 -3.134527999999989, 108.14927799999998 -3.134527999999989, 108.14927799999998 -3.1361670000000004, 108.15011099999998 -3.1361670000000004, 108.15011099999998 -3.1381109999999808, 108.15086100000002 -3.1381109999999808, 108.15086100000002 -3.1405560000000037, 108.14944400000002 -3.1405560000000037, 108.14944400000002 -3.13983300000001, 108.14861100000002 -3.13983300000001, 108.14861100000002 -3.1392779999999902, 108.14749999999998 -3.1392779999999902, 108.14749999999998 -3.138611000000026, 108.14669400000002 -3.138611000000026, 108.14669400000002 -3.1366669999999885, 108.14625000000001 -3.1366669999999885, 108.14625000000001 -3.134806000000026, 108.145667 -3.134806000000026, 108.145667 -3.132499999999993, 108.145333 -3.132499999999993, 108.145333 -3.1261109999999803, 108.145556 -3.1261109999999803, 108.145556 -3.1231670000000236, 108.14455600000002 -3.1231670000000236, 108.14455600000002 -3.1233330000000024, 108.143778 -3.1233330000000024, 108.143778 -3.124500000000012, 108.14333299999998 -3.124500000000012, 108.14333299999998 -3.1266669999999976, 108.14277800000002 -3.1266669999999976, 108.14277800000002 -3.128639000000021, 108.142222 -3.128639000000021, 108.142222 -3.1308329999999955, 108.14166699999998 -3.1308329999999955, 108.14166699999998 -3.1327779999999734, 108.14113900000001 -3.1327779999999734, 108.14113900000001 -3.1348330000000146, 108.14144399999998 -3.1348330000000146, 108.14144399999998 -3.1372499999999945, 108.14333299999998 -3.1372499999999945, 108.14333299999998 -3.138056000000006, 108.14458300000001 -3.138056000000006, 108.14458300000001 -3.138611000000026, 108.14583299999998 -3.138611000000026, 108.14583299999998 -3.1391669999999863, 108.14688899999999 -3.1391669999999863, 108.14688899999999 -3.139472000000012, 108.14749999999998 -3.139472000000012, 108.14749999999998 -3.139722000000006, 108.14833299999998 -3.139722000000006, 108.14833299999998 -3.1401670000000195, 108.149 -3.1401670000000195, 108.149 -3.1407219999999825, 108.149611 -3.1407219999999825, 108.149611 -3.1412220000000275, 108.15038900000002 -3.1412220000000275, 108.15038900000002 -3.1419440000000236, 108.15122200000002 -3.1419440000000236, 108.15122200000002 -3.142694000000006, 108.15219400000001 -3.142694000000006, 108.15219400000001 -3.1435000000000173, 108.153389 -3.1435000000000173, 108.153389 -3.1373889999999847, 108.15311100000002 -3.1373889999999847, 108.15311100000002 -3.1359170000000063, 108.15263900000002 -3.1359170000000063, 108.15263900000002 -3.1333060000000046, 108.152083 -3.1333060000000046, 108.152083 -3.1304170000000227, 108.15158300000002 -3.1304170000000227, 108.15158300000002 -3.127638999999988, 108.151139 -3.127638999999988, 108.151139 -3.125833, 108.15094399999998 -3.125833, 108.15094399999998 -3.1229720000000043, 108.14702799999998 -3.1229720000000043))",AKTIF
186407,SUMATERA,GUBERNUR,19,KEPULAUAN BANGKA BELITUNG,02,KABUPATEN BELITUNG,IUP,PT,PT CAHAYA SURYA TIMAH INDOTAMA,3119022112014058,188.4/292/ESDM/DPMPTSP/2018,2018-07-23,2028-07-02,OPERASI PRODUKSI,49.4,TIMAH,2,11,CNC-15,,,DESA BANTAN KEC. MEMBALONG KABUPATEN BELITUNG,"POLYGON ((107.73708299999998 -2.923866999999973, 107.73708333299999 -2.9281666670000277, 107.738 -2.9281666670000277, 107.738 -2.928777777999983, 107.73855071399998 -2.928777777999983, 107.73919444400002 -2.928777777999983, 107.73919444400002 -2.929126343000007, 107.73919444400002 -2.929416666999998, 107.739730614 -2.929416666999998, 107.74044444399999 -2.929416666999998, 107.74044444399999 -2.929803189999973, 107.74044444399999 -2.930111110999974, 107.74101311300001 -2.930111110999974, 107.741583333 -2.930111110999974, 107.741583333 -2.930419872000016, 107.741583333 -2.9306666670000254, 107.74203911500001 -2.9306666670000254, 107.742472222 -2.9306666670000254, 107.742472222 -2.9309011839999926, 107.742472222 -2.9310833330000037, 107.74280800000003 -2.931083000000001, 107.74280555600001 -2.9304166669999745, 107.74301167499999 -2.9304166669999745, 107.74324999999999 -2.9304166669999745, 107.74324999999999 -2.929636974999994, 107.74324999999999 -2.92891666700001, 107.74347017299999 -2.92891666700001, 107.74366666700001 -2.92891666700001, 107.74366666700001 -2.928273826999998, 107.74366666700001 -2.9276666669999827, 107.74385225399999 -2.9276666669999827, 107.74400000000003 -2.9276666669999827, 107.74400000000003 -2.9271833079999965, 107.74400000000003 -2.926861110999994, 107.744098484 -2.926861110999994, 107.74427777800003 -2.926861110999994, 107.74427777800003 -2.926274540999998, 107.74427777800003 -2.9262575449999986, 107.74427777800003 -2.926249999999982, 107.744274012 -2.926249999999982, 107.74400000000003 -2.926249999999982, 107.74400000000003 -2.9259196009999755, 107.74400000000003 -2.925701009000022, 107.74400000000003 -2.9251388889999816, 107.743719435 -2.9251388889999816, 107.74349999999998 -2.9251388889999816, 107.74349999999998 -2.9246992459999888, 107.74349999999998 -2.9242499999999723, 107.743275773 -2.9242499999999723, 107.74308333300002 -2.9242499999999723, 107.74308333300002 -2.923864442000024, 107.74308333300002 -2.9233055560000025, 107.74280438199997 -2.9233055560000025, 107.74261111099997 -2.9233055560000025, 107.74261111099997 -2.9229183310000053, 107.74261111099997 -2.922416666999993, 107.74236072100001 -2.922416666999993, 107.742194444 -2.922416666999993, 107.742194444 -2.922083525000005, 107.742194444 -2.921722222000028, 107.742014111 -2.921722222000028, 107.74201391999998 -2.921722222000028, 107.74186111099999 -2.921722222000028, 107.74186111099999 -2.9221461180000006, 107.74186111099999 -2.922416666999993, 107.74176358199998 -2.922416666999993, 107.74155555599998 -2.922416666999993, 107.74155555599998 -2.923861111000008, 107.73708299999998 -2.923866999999973))",AKTIF
186411,SUMATERA,GUBERNUR,19,KEPULAUAN BANGKA BELITUNG,02,BELITUNG,IUP,PT,PT KIAN SUKSES MANDIRI,2119024242019107,188.4/210/ESDM/DPMPTSP/2018,2018-01-18,2028-01-18,OPERASI PRODUKSI,78.0,KAOLIN,4,24,CNC,,,KEC BADAU BELITUNG,"POLYGON ((107.738305556 -2.8355000000000246, 107.74205555600003 -2.8355000000000246, 107.74205555600003 -2.8347777779999888, 107.74311111100002 -2.8347777779999888, 107.74311111100002 -2.8341388889999735, 107.74352777799999 -2.8341388889999735, 107.74352777799999 -2.826722222000001, 107.743888889 -2.826722222000001, 107.743888889 -2.8251388890000158, 107.74444444400001 -2.8251388890000158, 107.74444444400001 -2.824166666999986, 107.74483333299997 -2.824166666999986, 107.74483333299997 -2.820972222000023, 107.74425000000002 -2.820972222000023, 107.74425000000002 -2.8212500000000205, 107.743611111 -2.8212500000000205, 107.743611111 -2.821638888999985, 107.74297222199999 -2.821638888999985, 107.74297222199999 -2.8219166669999822, 107.74241666699999 -2.8219166669999822, 107.74241666699999 -2.822277778, 107.74186111099999 -2.822277778, 107.74186111099999 -2.822638889000018, 107.74119444399997 -2.822638889000018, 107.74119444399997 -2.822888889000012, 107.74070555600002 -2.822888889000012, 107.74070555600002 -2.82330555599998, 107.739361111 -2.82330555599998, 107.739361111 -2.827361111000016, 107.739944444 -2.827361111000016, 107.739944444 -2.829194443999995, 107.738305556 -2.829194443999995, 107.738305556 -2.8355000000000246))",AKTIF
186412,SUMATERA,GUBERNUR,19,KEPULAUAN BANGKA BELITUNG,02,KABUPATEN BELITUNG,IUP,PT,PT STEPA WIRAUSAHA ADIGUNA,2119024242021113,91202041612490001                                                                                   ,2022-12-09,2028-02-26,OPERASI PRODUKSI,48.53,KAOLIN,4,24,CNC,,,KECAMATAN BADAU,"POLYGON ((107.751111111 -2.818094443999996, 107.74652777799997 -2.818094443999996, 107.74652777799997 -2.819000000000017, 107.745555556 -2.819000000000017, 107.745555556 -2.824099999999987, 107.75058333300001 -2.824099999999987, 107.75058333300001 -2.823833332999982, 107.750833333 -2.823833332999982, 107.750833333 -2.823500000000024, 107.751138889 -2.823500000000024, 107.751138889 -2.823249999999973, 107.751361111 -2.823249999999973, 107.751361111 -2.8228916670000217, 107.75169444400001 -2.8228916670000217, 107.75169444400001 -2.8226111110000147, 107.751944444 -2.8226111110000147, 107.751944444 -2.822255556000016, 107.752277778 -2.822255556000016, 107.752277778 -2.8220000000000027, 107.752513889 -2.8220000000000027, 107.752513889 -2.8216527779999865, 107.75283333300001 -2.8216527779999865, 107.75283333300001 -2.8213888889999907, 107.753083333 -2.8213888889999907, 107.753083333 -2.8210472220000042, 107.75338888900001 -2.8210472220000042, 107.75338888900001 -2.8206861109999863, 107.75372222200002 -2.8206861109999863, 107.75372222200002 -2.818736111000021, 107.75324999999998 -2.818736111000021, 107.75324999999998 -2.8189722220000135, 107.752777778 -2.8189722220000135, 107.752777778 -2.8191944440000043, 107.75230555600001 -2.8191944440000043, 107.75230555600001 -2.819388888999981, 107.75191666699999 -2.819388888999981, 107.75191666699999 -2.8195611109999845, 107.75155555600003 -2.8195611109999845, 107.75155555600003 -2.8198055560000057, 107.751111111 -2.8198055560000057, 107.751111111 -2.818094443999996))",AKTIF
186420,SUMATERA,GUBERNUR,19,KEPULAUAN BANGKA BELITUNG,02,KABUPATEN BELITUNG,IUP,PT,PT INDO TIMAH CAHAYA MULIA,3119022112014002,188.4/295/ESDM/DPMPTSP/2018,2018-05-20,2028-05-20,OPERASI PRODUKSI,40.34,TIMAH,2,11,CNC-14,,,"DESA DUKONG, TANJUNGPANDANG","POLYGON ((107.65555555600002 -2.7964999999999804, 107.658472222 -2.7964999999999804, 107.658472222 -2.7953333329999737, 107.65883333300002 -2.7953333329999737, 107.65883333300002 -2.7907500000000027, 107.655694444 -2.7907500000000027, 107.655694444 -2.7913611110000147, 107.654583333 -2.7913611110000147, 107.654583333 -2.7920277779999765, 107.65336111099998 -2.7920277779999765, 107.65336111099998 -2.792611110999985, 107.65186111100002 -2.792611110999985, 107.65186111100002 -2.793194443999994, 107.65127777800001 -2.793194443999994, 107.65127777800001 -2.7955833330000246, 107.65555555600002 -2.7955833330000246, 107.65555555600002 -2.7964999999999804))",AKTIF
186422,SUMATERA,Gubernur,19,KEPULAUAN BANGKA BELITUNG,06,KABUPATEN BELITUNG TIMUR,IUP,PT,PT SETIA MAJU PRATAMA,2119065182017002,91200018015590004,2025-08-04,2030-12-21,OPERASI PRODUKSI,196.0,TANAH LIAT,5,18,CNC,,,"DESA KELUMPANG DAN TANJUNG BATU ITAM, KECAMATAN SIMPANG PESAK, KABUPATEN BELITUNG TIMUR","POLYGON ((108.01299999999998 -3.1834166670000172, 108.01299999999998 -3.188111111000012, 108.02138888899998 -3.188111111000012, 108.02138888899998 -3.192944443999977, 108.02211111100002 -3.192944443999977, 108.02211111100002 -3.189527778000013, 108.02786111099999 -3.189527778000013, 108.02786111099999 -3.188361111000006, 108.030138889 -3.188361111000006, 108.030138889 -3.1869166669999913, 108.032333333 -3.1869166669999913, 108.032333333 -3.18208333299998, 108.03111111099997 -3.18208333299998, 108.03111111099997 -3.179944444, 108.02922222199999 -3.179944444, 108.02922222199999 -3.178694443999973, 108.020638889 -3.178694443999973, 108.020638889 -3.1810833330000037, 108.01652777800001 -3.1810833330000037, 108.01652777800001 -3.1834166670000172, 108.01299999999998 -3.1834166670000172))",AKTIF
186424,SUMATERA,GUBERNUR,19,KEPULAUAN BANGKA BELITUNG,02,KABUPATEN BELITUNG,IUP,PT,PT INDO TIMAH SUKSES SAMPOERNA,3119022112014088,188.4/296/esdm/dpmptsp/2018,2018-07-23,2028-07-02,OPERASI PRODUKSI,49.36,TIMAH,2,11,CNC-14,,,DESA BULUHTUMPANG KEC. TANJUNGPANDAN KABUPATEN BELITUNG,"POLYGON ((107.75346929800003 -2.717264512999975, 107.75348300000002 -2.7243080000000077, 107.75993599999998 -2.7242919999999913, 107.759928022 -2.720055555999977, 107.75938888899998 -2.720055555999977, 107.75938888899998 -2.719713490999993, 107.75938888899998 -2.7193333330000087, 107.75876879100002 -2.7193333330000087, 107.75822222199997 -2.7193333330000087, 107.75822222199997 -2.7189982520000058, 107.75822222199997 -2.7187777780000033, 107.757862595 -2.7187777780000033, 107.757277778 -2.7187777780000033, 107.757277778 -2.7184192490000214, 107.757277778 -2.718250000000012, 107.75700170800002 -2.718250000000012, 107.75622222200002 -2.718250000000012, 107.75622222200002 -2.717772126, 107.75622222200002 -2.7176111109999965, 107.75595958100001 -2.7176111109999965, 107.75533333300001 -2.7176111109999965, 107.75533333300001 -2.7172271809999984, 107.75533333300001 -2.717055555999991, 107.75505338599999 -2.717055555999991, 107.754194444 -2.717055555999991, 107.754194444 -2.716528970000013, 107.754194444 -2.716083332999972, 107.75347222200003 -2.716083332999972, 107.75347221499999 -2.7160861969999814, 107.75346929800003 -2.717264512999975))",AKTIF
186441,SUMATERA,GUBERNUR,19,KEPULAUAN BANGKA BELITUNG,06,KABUPATEN BELITUNG TIMUR,IUP,PT,PT WIJAYA MANDIRI TEKNIK KREASI,2119064052021120,188.4/336/ESDM/DPMPTSP/2018                                                                         ,2018-10-03,2028-10-03,OPERASI PRODUKSI,565.5,PASIR KUARSA,6,11,CNC,,,DESA LILANGAN KECAMATAN GANTUNG KABUPATEN BELITUNG TIMUR,"POLYGON ((108.08922222199999 -3.0866944439999884, 108.08922222199999 -3.0878888889999985, 108.07986111100001 -3.0878888889999985, 108.07986111100001 -3.0995555559999843, 108.07877777800002 -3.0995555559999843, 108.07877777800002 -3.1108611110000197, 108.08075000000002 -3.1108611110000197, 108.08075000000002 -3.1118888889999994, 108.083166667 -3.1118888889999994, 108.083166667 -3.112833333000026, 108.08597222200001 -3.112833333000026, 108.08597222200001 -3.113777777999985, 108.08877777800001 -3.113777777999985, 108.08877777800001 -3.1147222220000117, 108.09186111100001 -3.1147222220000117, 108.09186111100001 -3.1159999999999854, 108.09413888900002 -3.1159999999999854, 108.09413888900002 -3.116888888999995, 108.09616666699998 -3.116888888999995, 108.09616666699998 -3.1017499999999814, 108.09688888900001 -3.1017499999999814, 108.09688888900001 -3.0866944439999884, 108.08922222199999 -3.0866944439999884))",AKTIF
186467,SUMATERA,GUBERNUR,19,KEPULAUAN BANGKA BELITUNG,01,KABUPATEN BANGKA,IUP,PT,PT HORIZON ENERGI NUSANTARA,2119016112022002,04112100452740009                                                                                   ,2023-01-13,2030-01-13,EKSPLORASI,599.76,PASIR KUARSA,6,11,CNC,,,DESA CIT DAN DESA DENIANG,"POLYGON ((106.03437555599999 -1.7076619439999945, 106.03437555599999 -1.7068658329999948, 106.032916667 -1.7068658329999948, 106.032916667 -1.706047500000011, 106.03188805600001 -1.706047500000011, 106.03188805600001 -1.7051433330000236, 106.03082416699999 -1.7051433330000236, 106.03082416699999 -1.7042136110000001, 106.029765 -1.7042136110000001, 106.029765 -1.701343611000027, 106.02893 -1.701343611000027, 106.02893 -1.6977452780000135, 106.02437972199999 -1.6977452780000135, 106.02437972199999 -1.70631666700001, 106.025634722 -1.70631666700001, 106.025634722 -1.7195199999999886, 106.01956111099997 -1.7195199999999886, 106.01956111099997 -1.7131522220000193, 106.02109194399998 -1.7131522220000193, 106.02109194399998 -1.7085580560000153, 106.019654167 -1.7085580560000153, 106.019654167 -1.6959202780000169, 106.015410556 -1.6959202780000169, 106.015410556 -1.7001627779999922, 106.01270638900002 -1.7001627779999922, 106.01270638900002 -1.7048988889999919, 106.014588333 -1.7048988889999919, 106.014588333 -1.7119869439999889, 106.01093361099998 -1.7119869439999889, 106.01093361099998 -1.7299049999999738, 106.02361305599999 -1.7299049999999738, 106.02361305599999 -1.7247933329999796, 106.02889305600002 -1.7247933329999796, 106.02889305600002 -1.721209722000026, 106.04213333299998 -1.721209722000026, 106.04213333299998 -1.7154958329999772, 106.04437277800002 -1.7154958329999772, 106.04437277800002 -1.7150083330000143, 106.04340361099997 -1.7150083330000143, 106.04340361099997 -1.7141186110000035, 106.04226138899998 -1.7141186110000035, 106.04226138899998 -1.7131958329999861, 106.04091472200002 -1.7131958329999861, 106.04091472200002 -1.7121913889999973, 106.03963583299998 -1.7121913889999973, 106.03963583299998 -1.7110433330000205, 106.038237778 -1.7110433330000205, 106.038237778 -1.709931111000003, 106.03689944400003 -1.709931111000003, 106.03689944400003 -1.708814167000014, 106.03577305599998 -1.708814167000014, 106.03577305599998 -1.7153974999999946, 106.04169999999999 -1.7153974999999946, 106.04169999999999 -1.7202522219999992, 106.03325194400003 -1.7202522219999992, 106.03325194400003 -1.717542777999995, 106.030551667 -1.717542777999995, 106.030551667 -1.7076619439999945, 106.03437555599999 -1.7076619439999945))",AKTIF
186468,SUMATERA,GUBERNUR,19,KEPULAUAN BANGKA BELITUNG,06,KABUPATEN BELITUNG TIMUR,IUP,PT,PT AMIN MAKMUR BERSAMA,2119066112022157,02202027010770012                                                                                   ,2023-01-24,2030-01-24,EKSPLORASI,73.56,PASIR KUARSA,6,11,CNC,,,DESA MENGKUBANG,"POLYGON ((108.267397222 -2.791738888999987, 108.267397222 -2.802686111000014, 108.27335555600001 -2.802686111000014, 108.27335555600001 -2.7937111109999933, 108.27054166699997 -2.7937111109999933, 108.27054166699997 -2.791738888999987, 108.267397222 -2.791738888999987))",AKTIF
186494,SUMATERA,GUBERNUR,19,KEPULAUAN BANGKA BELITUNG,02,KABUPATEN BELITUNG,WIUP,CV,CV GARUDA BELITONG BEREHUN,2119026112022008,540/4/WIUP/ESDM_3,2023-01-03,,PENCADANGAN,178.4,PASIR KUARSA,6,11,,,,DESA BANTAN KECAMATAN MEMBALONG,"POLYGON ((107.631694444 -2.8695277780000197, 107.62590277800001 -2.8695277780000197, 107.62590277800001 -2.8738194439999916, 107.62336111100001 -2.8738194439999916, 107.62336111100001 -2.883472222000023, 107.634194444 -2.883472222000023, 107.634194444 -2.8792777780000165, 107.63580555599998 -2.8792777780000165, 107.63580555599998 -2.8740000000000236, 107.63438888899998 -2.8740000000000236, 107.63438888899998 -2.871194444000025, 107.631694444 -2.871194444000025, 107.631694444 -2.8695277780000197))",AKTIF
186501,SUMATERA,GUBERNUR,19,KEPULAUAN BANGKA BELITUNG,06,KABUPATEN BELITUNG TIMUR,WIUP,PT,PT ALBETA MAJU SUKSES,2119065182022078,540/5/WIUP/ESDM_3,2023-01-03,,PENCADANGAN,192.5,TANAH LIAT,5,18,,,,DESA SIMPANG PESAK DAN DESA DUKONG KECAMATAN SIMPANG PESAK,"POLYGON ((107.99456666700002 -3.1800888889999896, 107.99785000000003 -3.1800888889999896, 107.99785000000003 -3.1796861110000236, 108.00380277800002 -3.1796861110000236, 108.00380277800002 -3.1773333329999787, 108.009247222 -3.1773333329999787, 108.009247222 -3.1682833329999767, 107.99456666700002 -3.1682833329999767, 107.99456666700002 -3.1800888889999896))",AKTIF
186521,SUMATERA,GUBERNUR,19,KEPULAUAN BANGKA BELITUNG,02,BELITUNG,IUP,PT,PT LUDAI GEDE BILLITONITE,2119025102021003,188.44/418/ESDM/2017,2017-03-30,2027-03-30,OPERASI PRODUKSI,138.0,GRANIT,5,10,CNC,,,"DESA MENTIGI, KEC. MEMBALONG","POLYGON ((107.72445800000003 -3.1576539999999795, 107.72765900000002 -3.1576459999999997, 107.72765099999998 -3.1546630000000278, 107.73122000000001 -3.1546539999999936, 107.731224 -3.1558840000000146, 107.73499299999997 -3.1558840000000146, 107.73499299999997 -3.1503779999999892, 107.733609 -3.150381999999979, 107.733611 -3.148305999999991, 107.73181499999998 -3.148300000000006, 107.73181 -3.146669999999972, 107.72661299999999 -3.146669999999972, 107.72661299999999 -3.1450869999999895, 107.72623299999998 -3.145087999999987, 107.72623099999998 -3.1446540000000027, 107.72561100000001 -3.1446559999999977, 107.72561300000001 -3.1452340000000163, 107.72425500000003 -3.145238000000006, 107.72425600000003 -3.1457080000000133, 107.72262 -3.145712000000003, 107.722622 -3.1463449999999966, 107.72196600000001 -3.146345999999994, 107.721967 -3.146906999999999, 107.72132900000003 -3.1469079999999963, 107.72133400000001 -3.148842000000002, 107.72243099999997 -3.1488390000000095, 107.72243400000002 -3.150230000000022, 107.72288400000002 -3.150230000000022, 107.72292499999998 -3.150230000000022, 107.72292499999998 -3.1544939999999997, 107.72445800000003 -3.1544939999999997, 107.72445800000003 -3.1576539999999795))",AKTIF
186540,SUMATERA,MENTERI,19,KEPULAUAN BANGKA BELITUNG,02,KABUPATEN BELITUNG,IUP,PT,PT ASIA POWER SEJAHTERA,2119024242023131,25052200657830002                                                                                   ,2023-10-20,2026-10-20,EKSPLORASI,90.63,KAOLIN,4,24,CNC,,,"DESA BADAU, KECAMATAN BADAU","POLYGON ((107.78253000000001 -2.5785994440000195, 107.78253000000001 -2.580246666999983, 107.78579111099998 -2.580246666999983, 107.78579111099998 -2.581107777999989, 107.787396667 -2.581107777999989, 107.787396667 -2.58289944400002, 107.78787999999997 -2.58289944400002, 107.78787999999997 -2.5902605559999756, 107.79321611099999 -2.5902605559999756, 107.79321611099999 -2.5785994440000195, 107.78253000000001 -2.5785994440000195))",AKTIF
186543,SUMATERA,MENTERI,19,KEPULAUAN BANGKA BELITUNG,04,KABUPATEN BANGKA TENGAH,IUP,PT,PT MITRA STANIA BEMBAN,3119042112014023,02202068101650006                                                                                   ,2024-07-17,2035-02-01,OPERASI PRODUKSI,441.6,TIMAH,2,11,CNC-1,,,KEPULAUAN BANGKA BELITUNG,"POLYGON ((106.24118333299998 -2.4298805560000005, 106.24118333299998 -2.435580555999991, 106.242630556 -2.435580555999991, 106.242630556 -2.440369443999998, 106.246319444 -2.440369443999998, 106.246319444 -2.4417194440000003, 106.25504444400002 -2.4417194440000003, 106.25504444400002 -2.4451500000000124, 106.25963888899997 -2.4451500000000124, 106.25963888899997 -2.4539166669999872, 106.26818611099998 -2.4539166669999872, 106.26818611099998 -2.4561749999999734, 106.27141666699998 -2.4561749999999734, 106.27141666699998 -2.4493888889999766, 106.27347222200001 -2.4493888889999766, 106.27347222200001 -2.4390000000000214, 106.25962500000003 -2.4390000000000214, 106.25962500000003 -2.4368388890000006, 106.25017500000001 -2.4368388890000006, 106.25017500000001 -2.4298805560000005, 106.24118333299998 -2.4298805560000005))",AKTIF
186546,SUMATERA,GUBERNUR,19,KEPULAUAN BANGKA BELITUNG,02,KABUPATEN BELITUNG,IUP,PT,PT SINAR TIMAH BELITUNG,3119022112014051,18.44/472.E/ESDM/2017,2017-03-30,2036-10-24,OPERASI PRODUKSI,198.0,TIMAH,2,11,CNC-24,,,DESA MEMBALONG KEC. MEMBALONG KABUPATEN BELITUNG,"POLYGON ((107.74609700000002 -3.1164249999999925, 107.74611678999997 -3.1242222220000144, 107.75213888899998 -3.1242222220000144, 107.75213888899998 -3.1229999999999905, 107.75425146399999 -3.1229999999999905, 107.75636111099999 -3.122994007999978, 107.75636111099999 -3.1219262550000053, 107.75636111099999 -3.1108055560000025, 107.75633102299997 -3.1108055560000025, 107.755305556 -3.1108055560000025, 107.755305556 -3.110298592999982, 107.755305556 -3.1101666669999872, 107.75503412500001 -3.1101666669999872, 107.75372222200002 -3.1101666669999872, 107.75372222200002 -3.1095290289999866, 107.75372222200002 -3.1091944440000248, 107.75303383300002 -3.1091944440000248, 107.747145778 -3.1091944440000248, 107.7441 -3.1092029999999795, 107.74411900000001 -3.1164309999999773, 107.74609700000002 -3.1164249999999925))",AKTIF
186551,SUMATERA,GUBERNUR,19,KEPULAUAN BANGKA BELITUNG,03,BANGKA SELATAN,IUP,PT,PT MITRA GAPURA MANDIRI,3119032112014070,188.4/079/ESDM/DPMPTSP/2020,2019-07-15,2029-07-15,OPERASI PRODUKSI,98.67,TIMAH,2,11,CNC-14,,,"DESA SADAI, TUKAK SADAI, BANGKA SELATAN","POLYGON ((106.683605 -3.009636999999998, 106.68525399999999 -3.009636999999998, 106.68525399999999 -3.013563999999974, 106.68924099999998 -3.013563999999974, 106.68924099999998 -3.009477000000004, 106.694864 -3.009477000000004, 106.694864 -3.0156499999999937, 106.69721900000002 -3.0156499999999937, 106.69721900000002 -3.0050472219999733, 106.69721388900001 -3.0050472219999733, 106.69608888900001 -3.0050472219999733, 106.69608888900001 -3.007455556000025, 106.69479999999999 -3.007455556000025, 106.69479999999999 -3.007850000000019, 106.694355556 -3.007850000000019, 106.694355556 -3.0083527780000168, 106.69314444399998 -3.0083527780000168, 106.69314444399998 -3.0079749999999876, 106.69239166699998 -3.0079749999999876, 106.69239166699998 -3.007355555999993, 106.69040000000001 -3.007355555999993, 106.69040000000001 -3.006674999999973, 106.689458333 -3.006674999999973, 106.689458333 -3.0058805560000224, 106.68868888899999 -3.0058805560000224, 106.68868888899999 -3.0051416669999753, 106.68817777800001 -3.0051416669999753, 106.68817777800001 -3.0046972220000043, 106.68781111099997 -3.0046972220000043, 106.68781111099997 -3.0029944440000236, 106.68699166699997 -3.0029944440000236, 106.68699166699997 -3.0032249999999863, 106.68599722200003 -3.0032249999999863, 106.68599722200003 -3.00385, 106.68443888899998 -3.00385, 106.68443888899998 -3.0043249999999944, 106.68410555600002 -3.0043249999999944, 106.68410555600002 -3.005066666999994, 106.68360555599997 -3.005066666999994, 106.683605 -3.005066929999998, 106.683605 -3.009636999999998))",AKTIF
186553,SUMATERA,GUBERNUR,19,KEPULAUAN BANGKA BELITUNG,02,KABUPATEN BELITUNG,IUP,PT,PT SAMPOERNA TIMAH NUSANTARA,3119022112014056,188.4/298/ESDM/DPMPTSP/2018,2018-07-23,2028-07-02,OPERASI PRODUKSI,94.0,TIMAH,2,11,CNC-14,,,"DESA.MENTIGI, KEC.MEMBALONG KABUPATEN BELITUNG","POLYGON ((107.70177777800001 -3.1589722219999885, 107.70177777800001 -3.1633888889999753, 107.70211111100002 -3.1633888889999753, 107.70211111100002 -3.1642777779999847, 107.702861111 -3.1642777779999847, 107.702861111 -3.165166666999994, 107.70350000000002 -3.165166666999994, 107.70350000000002 -3.1662222219999876, 107.704277778 -3.1662222219999876, 107.704277778 -3.1670833329999937, 107.70491666700002 -3.1670833329999937, 107.70491666700002 -3.1680277780000097, 107.705611111 -3.1680277780000097, 107.705611111 -3.1689999999999827, 107.70641666699998 -3.1689999999999827, 107.70641666699998 -3.1700277780000192, 107.70713888900002 -3.1700277780000192, 107.70713888900002 -3.1708888890000253, 107.70772222199997 -3.1708888890000253, 107.70772222199997 -3.171666667000011, 107.70830555600003 -3.171666667000011, 107.70830555600003 -3.172333332999983, 107.70877777800001 -3.172333332999983, 107.70877777800001 -3.173000000000002, 107.71127777800001 -3.173000000000002, 107.71127777800001 -3.168555556000001, 107.71044444400002 -3.168555556000001, 107.71044444400002 -3.1670833329999937, 107.70988888900001 -3.1670833329999937, 107.70988888900001 -3.1656666669999822, 107.70933333300002 -3.1656666669999822, 107.70933333300002 -3.1642499999999814, 107.70877777800001 -3.1642499999999814, 107.70877777800001 -3.162888888999987, 107.70827777800002 -3.162888888999987, 107.70827777800002 -3.1616388890000167, 107.70772222199997 -3.1616388890000167, 107.70772222199997 -3.160222222000016, 107.70722222199998 -3.160222222000016, 107.70722222199998 -3.1589722219999885, 107.70177777800001 -3.1589722219999885))",AKTIF
186554,SUMATERA,GUBERNUR,19,KEPULAUAN BANGKA BELITUNG,03,BANGKA SELATAN,IUP,PT,PT RAJEHAN ARIQ,3119032112014060,188.4/16/ESDM/DPMPTSP/2020,2020-02-10,2030-02-09,OPERASI PRODUKSI,196.9,TIMAH,2,11,CNC-14,,,"DESA DELAS, AIR GEGAS","POLYGON ((106.25291666700002 -2.8030277780000006, 106.25291666700002 -2.817694443999983, 106.26377777800002 -2.817694443999983, 106.26377777800002 -2.8030277780000006, 106.25291666700002 -2.8030277780000006))",AKTIF
186589,SUMATERA,GUBERNUR,19,KEPULAUAN BANGKA BELITUNG,06,KABUPATEN BELITUNG TIMUR,WIUP,PT,PT ALBETA SUKSES MAKMUR,2119066112023158,540/8/WIUP/ESDM_3,2023-01-25,,PENCADANGAN,49.4,PASIR KUARSA,6,11,,,,DESA TANJUNG KELUMPANG DAN DESA TANJUNG BATU ITAM,"POLYGON ((108.01902777800001 -3.192152777999979, 108.01902777800001 -3.192583333000016, 108.017583333 -3.192583333000016, 108.017583333 -3.193125000000009, 108.01600000000002 -3.193125000000009, 108.01600000000002 -3.1935555559999784, 108.014486111 -3.1935555559999784, 108.014486111 -3.194250000000011, 108.01291666700001 -3.194250000000011, 108.01291666700001 -3.194888889000026, 108.01494444399998 -3.194888889000026, 108.01494444399998 -3.1939166669999963, 108.01683333300002 -3.1939166669999963, 108.01683333300002 -3.19343055600001, 108.02105555600002 -3.19343055600001, 108.02105555600002 -3.197277778, 108.029305556 -3.197277778, 108.029305556 -3.1932499999999777, 108.02111111099998 -3.1932499999999777, 108.02111111099998 -3.192152777999979, 108.01902777800001 -3.192152777999979))",AKTIF
186597,SUMATERA,GUBERNUR,19,KEPULAUAN BANGKA BELITUNG,04,KABUPATEN BANGKA TENGAH,WIUP,PT,PT SUKA JAYA BERSAMA,2119046112023001,540/7/WIUP/ESDM_3,2023-01-25,,PENCADANGAN,91.66,PASIR KUARSA,6,11,,,,DESA LUBUK BESAR KECAMATAN LUBUK BESAR,"POLYGON ((106.674202778 -2.568606666999983, 106.674202778 -2.5766666669999836, 106.68331194400002 -2.5766666669999836, 106.68331194400002 -2.571970833000023, 106.68712249999999 -2.571970833000023, 106.68712249999999 -2.5701700000000187, 106.68623194399999 -2.5701700000000187, 106.68623194399999 -2.5699819440000056, 106.68330888899999 -2.5699819440000056, 106.68330888899999 -2.5698147219999896, 106.68038361100002 -2.5698147219999896, 106.68038361100002 -2.5694686109999907, 106.678613611 -2.5694686109999907, 106.678613611 -2.569176389000006, 106.67642000000001 -2.569176389000006, 106.67642000000001 -2.5688602779999883, 106.67529361099997 -2.5688602779999883, 106.67529361099997 -2.5687222220000194, 106.67487194400002 -2.5687222220000194, 106.67487194400002 -2.568606666999983, 106.674202778 -2.568606666999983))",AKTIF
186615,SUMATERA,GUBERNUR,19,KEPULAUAN BANGKA BELITUNG,02,KABUPATEN BELITUNG,IUP,CV,CV ELYSKA INDO PLANTATION,2119025472016001,91201047817780003                                                                                   ,2023-07-12,2036-09-28,OPERASI PRODUKSI,89.4,PASIR KUARSA,6,11,CNC,,,"DESA MENTIGI, KECAMATAN MEMBALONG","POLYGON ((107.669111111 -3.1881944439999756, 107.67275000000001 -3.1881944439999756, 107.67275000000001 -3.1880833330000087, 107.67472222200001 -3.1880833330000087, 107.67472222200001 -3.185916667000015, 107.67725000000002 -3.185916667000015, 107.67725000000002 -3.1875555560000066, 107.67819444399998 -3.1875555560000066, 107.67819444399998 -3.1881944439999756, 107.67988888899998 -3.1881944439999756, 107.67988888899998 -3.1889444440000148, 107.68088888900002 -3.1889444440000148, 107.68088888900002 -3.189583332999973, 107.68155555599998 -3.189583332999973, 107.68155555599998 -3.189166666999995, 107.683861111 -3.189166666999995, 107.683861111 -3.1914166669999986, 107.68516666699998 -3.1914166669999986, 107.68516666699998 -3.189166666999995, 107.68433333299998 -3.189166666999995, 107.68433333299998 -3.188805555999977, 107.68352777799998 -3.188805555999977, 107.68352777799998 -3.185555555999997, 107.67966666699999 -3.185555555999997, 107.67966666699999 -3.1803333330000214, 107.676611111 -3.1803333330000214, 107.676611111 -3.1809444439999766, 107.67566666699997 -3.1809444439999766, 107.67566666699997 -3.181500000000028, 107.67486111099998 -3.181500000000028, 107.67486111099998 -3.18208333299998, 107.67399999999998 -3.18208333299998, 107.67399999999998 -3.182638888999975, 107.67316666699998 -3.182638888999975, 107.67316666699998 -3.183249999999987, 107.67230555600003 -3.183249999999987, 107.67230555600003 -3.1837777779999783, 107.67155555599999 -3.1837777779999783, 107.67155555599999 -3.18425000000002, 107.67083333300002 -3.18425000000002, 107.67083333300002 -3.1846388889999844, 107.67027777800001 -3.1846388889999844, 107.67027777800001 -3.1850000000000023, 107.66972222200002 -3.1850000000000023, 107.66972222200002 -3.185416667000027, 107.669111111 -3.185416667000027, 107.669111111 -3.1881944439999756))",AKTIF
186644,SUMATERA,GUBERNUR,19,KEPULAUAN BANGKA BELITUNG,05,KABUPATEN BANGKA BARAT,WIUP,PT,PT WIRA BUANA SEJAHTERA,2119055102023155,540/10/WIUP/ESDM_3,2023-01-25,,PENCADANGAN,57.19,GRANIT,5,10,,,,"DESA AIR PUTIH, KECAMATAN MUNTOK","POLYGON ((105.16720883699998 -1.9933333330000096, 105.16720883699998 -2.003363841999999, 105.17154392600003 -2.003363841999999, 105.17154392600003 -2.001918052999997, 105.17185818899998 -2.001918052999997, 105.17185818899998 -1.997475731999998, 105.17341666700003 -1.997475731999998, 105.17341666700003 -1.994555556000023, 105.17155555599999 -1.994555556000023, 105.17155555599999 -1.9952499999999986, 105.16955555599998 -1.9952499999999986, 105.16955555599998 -1.9933333330000096, 105.16720883699998 -1.9933333330000096))",AKTIF
186645,SUMATERA,GUBERNUR,19,KEPULAUAN BANGKA BELITUNG,06,KABUPATEN BELITUNG TIMUR,WIUP,PT,PT DUTA WATU GEOTEK,2119066112023159,540/11/WIUP/ESDM_3,2023-01-25,,PENCADANGAN,99.93,PASIR KUARSA,6,11,,,,DESA BATU PENYU KECAMATAN GANTUNG,"POLYGON ((108.17713055600001 -3.0494811109999773, 108.19517583300001 -3.0494811109999773, 108.19517583300001 -3.0473288890000276, 108.19025722200001 -3.0473288890000276, 108.19025722200001 -3.0445947219999994, 108.18817944400001 -3.0445947219999994, 108.18817944400001 -3.0485541670000202, 108.18535833300001 -3.0485541670000202, 108.18535833300001 -3.0445911109999884, 108.18340111100002 -3.0445911109999884, 108.18340111100002 -3.0424433329999943, 108.18441999999999 -3.0424433329999943, 108.18441999999999 -3.0391063889999828, 108.18338972200002 -3.0391063889999828, 108.18338972200002 -3.0377544439999724, 108.18136750000002 -3.0377544439999724, 108.18136750000002 -3.044574721999993, 108.17713055600001 -3.044574721999993, 108.17713055600001 -3.0494811109999773))",AKTIF
186652,SUMATERA,GUBERNUR,19,KEPULAUAN BANGKA BELITUNG,01,KABUPATEN BANGKA,IUP,PT,PT BERKAH BERMUDA ENERGI,2119016112023003,02050101324570014                                                                                   ,2023-02-10,2030-02-10,EKSPLORASI,97.81,PASIR KUARSA,6,11,CNC,,,PERAIRAN LAUT REBO,"POLYGON ((106.19345583299997 -1.8880502779999802, 106.19345583299997 -1.9003030559999843, 106.199944722 -1.9003030559999843, 106.199944722 -1.8880502779999802, 106.19345583299997 -1.8880502779999802))",AKTIF
186663,SUMATERA,GUBERNUR,19,KEPULAUAN BANGKA BELITUNG,06,KABUPATEN BELITUNG TIMUR,IUP,PT,PT MITRA BUMI UTAMA,2119066112018001,188.4/289/ESDM/DPMPTSP/2018                                                                         ,2018-07-20,2028-07-20,OPERASI PRODUKSI,197.72,PASIR KUARSA,6,11,CNC,,,"DESA SIMPANG PESAK, KECAMATAN SIMPANG PESAK","POLYGON ((107.95588055600001 -3.0913888889999726, 107.94353611100001 -3.0913888889999726, 107.94353611100001 -3.083633333000023, 107.93740277799998 -3.083633333000023, 107.93740277799998 -3.0942138890000024, 107.94371111100003 -3.0942138890000024, 107.94371111100003 -3.0996000000000095, 107.953405556 -3.0996000000000095, 107.953405556 -3.094138889000021, 107.95494444399998 -3.094138889000021, 107.95494444399998 -3.0931638889999817, 107.956763889 -3.0931638889999817, 107.956763889 -3.0923888890000057, 107.95899444399998 -3.0923888890000057, 107.95899444399998 -3.091788888999986, 107.960519444 -3.091788888999986, 107.960519444 -3.0902444440000068, 107.95588055600001 -3.0902444440000068, 107.95588055600001 -3.0913888889999726))",AKTIF
186670,SUMATERA,GUBERNUR,19,KEPULAUAN BANGKA BELITUNG,02,KABUPATEN BELITUNG,WIUP,CV,CV PANDU BELITUNG MAKMUR,2119026112023009,,,,PENCADANGAN,39.74,PASIR KUARSA,6,11,,,,DESA PADANG KANDIS KECAMATAN MEMBALONG,"POLYGON ((107.64736111100001 -3.2108749999999873, 107.64736111100001 -3.213555556000017, 107.64855555600002 -3.213555556000017, 107.64855555600002 -3.2160277780000115, 107.64944444399998 -3.2160277780000115, 107.64944444399998 -3.217638889, 107.65055555599997 -3.217638889, 107.65055555599997 -3.2183055560000184, 107.65144444399999 -3.2183055560000184, 107.65144444399999 -3.2188750000000255, 107.65227777799998 -3.2188750000000255, 107.65227777799998 -3.2205000000000155, 107.65327777800002 -3.2205000000000155, 107.65327777800002 -3.2223055559999807, 107.65455555599999 -3.2223055559999807, 107.65455555599999 -3.2205000000000155, 107.65588888899998 -3.2205000000000155, 107.65588888899998 -3.2174722220000262, 107.65302777800002 -3.2174722220000262, 107.65302777800002 -3.2161388889999785, 107.65230555599999 -3.2161388889999785, 107.65230555599999 -3.2151666670000054, 107.65075000000002 -3.2151666670000054, 107.65075000000002 -3.213944443999992, 107.64941666700003 -3.213944443999992, 107.64941666700003 -3.2108749999999873, 107.64736111100001 -3.2108749999999873))",AKTIF
186691,SUMATERA,GUBERNUR,19,KEPULAUAN BANGKA BELITUNG,06,BELITUNG TIMUR,IUP,PT,PT ALBETA MAJU SUKSES,2119065182021077,188.4/067/ESDM/DPMPTSP/2020,2020-06-29,2030-06-29,OPERASI PRODUKSI,129.7,TANAH LIAT,5,18,CNC,,,TANJUNG KELUMPANG DAN TANJUNG BATU ITAM SIMPANG PESAK ,"POLYGON ((108.01902777800001 -3.192152777999979, 108.01902777800001 -3.192583333000016, 108.017583333 -3.192583333000016, 108.017583333 -3.193125000000009, 108.01600000000002 -3.193125000000009, 108.01600000000002 -3.1935555559999784, 108.014486111 -3.1935555559999784, 108.014486111 -3.194250000000011, 108.01291666700001 -3.194250000000011, 108.01291666700001 -3.194888889000026, 108.01494444399998 -3.194888889000026, 108.01494444399998 -3.1939166669999963, 108.01683333300002 -3.1939166669999963, 108.01683333300002 -3.19343055600001, 108.02105555600002 -3.19343055600001, 108.02105555600002 -3.204138888999978, 108.029597222 -3.204138888999978, 108.029597222 -3.19830555599998, 108.03063888899999 -3.19830555599998, 108.03063888899999 -3.1932499999999777, 108.02111111099998 -3.1932499999999777, 108.02111111099998 -3.192152777999979, 108.01902777800001 -3.192152777999979))",AKTIF
186695,SUMATERA,MENTERI,19,KEPULAUAN BANGKA BELITUNG,01,KABUPATEN BANGKA,IUP,PT,PT MINERAL BANGKA SEJATI,3119012172014212,02022200349230015                                                                                   ,2024-08-21,2034-08-21,OPERASI PRODUKSI,197.8,TIMAH,2,11,CNC-18,,,"DESA RIDING PANJANG, KECAMATAN BELINYU","POLYGON ((105.77371666699997 -1.706975, 105.77542499999998 -1.706975, 105.77542499999998 -1.710322222000002, 105.77605555600002 -1.710322222000002, 105.77605555600002 -1.7115861109999742, 105.78261944399998 -1.7115861109999742, 105.78261944399998 -1.7128527780000127, 105.78351944399998 -1.7128527780000127, 105.78351944399998 -1.713666666999984, 105.78450833300002 -1.713666666999984, 105.78450833300002 -1.714661110999998, 105.78486666700002 -1.714661110999998, 105.78486666700002 -1.7152027779999912, 105.78531666700002 -1.7152027779999912, 105.78531666700002 -1.7160166670000194, 105.785947222 -1.7160166670000194, 105.785947222 -1.7170111109999766, 105.78738611099999 -1.7170111109999766, 105.78738611099999 -1.71800555599998, 105.79008333299998 -1.71800555599998, 105.79008333299998 -1.7161055560000023, 105.79079999999999 -1.7161055560000023, 105.79079999999999 -1.714277777999996, 105.78553888900001 -1.714277777999996, 105.78553888900001 -1.7086888889999727, 105.79115555599998 -1.7086888889999727, 105.79115555599998 -1.7007277779999868, 105.78719999999998 -1.7007277779999868, 105.78719999999998 -1.7047361109999883, 105.77822777799997 -1.7047361109999883, 105.77822777799997 -1.7009861110000202, 105.77199722199998 -1.7009861110000202, 105.77199722199998 -1.698372221999989, 105.77088055600001 -1.698372221999989, 105.77088055600001 -1.7028888890000076, 105.77175555600002 -1.7028888890000076, 105.77175555600002 -1.7040999999999826, 105.77371666699997 -1.7040999999999826, 105.77371666699997 -1.706975))",AKTIF
187161,SUMATERA,GUBERNUR,19,KEPULAUAN BANGKA BELITUNG,02,KABUPATEN BELITUNG,WIUP,CV,CV PANDU BELITUNG MAKMUR,2119026112023010,540/15/WIUP/ESDM_3,2023-02-27,,PENCADANGAN,39.7,PASIR KUARSA,6,11,,,,DESA PADANG KANDIS KECAMATAN MEMBALONG,"POLYGON ((107.65996388899998 -3.209666667000022, 107.65996388899998 -3.214094444000011, 107.65666666700002 -3.214094444000011, 107.65666666700002 -3.2161944439999957, 107.65357222199998 -3.2161944439999957, 107.65357222199998 -3.2176222219999886, 107.659625 -3.2176222219999886, 107.659625 -3.216000000000008, 107.66144722199999 -3.216000000000008, 107.66144722199999 -3.214430556000025, 107.66270833300001 -3.214430556000025, 107.66270833300001 -3.2127249999999776, 107.66368888900001 -3.2127249999999776, 107.66368888900001 -3.2114944439999817, 107.66273611100002 -3.2114944439999817, 107.66273611100002 -3.209666667000022, 107.65996388899998 -3.209666667000022))",AKTIF
187175,SUMATERA,GUBERNUR,19,KEPULAUAN BANGKA BELITUNG,04,KABUPATEN BANGKA TENGAH,WIUP,PT,PT ARVENTA KARYA GEMILANG,2119045102023055,540/16/WIUP/ESDM_3,2023-02-27,,PENCADANGAN,49.75,GRANIT,5,10,,,,"DESA/ KELURAHAN CAMBAI, KECAMATAN  NAMANG","POLYGON ((106.15550000000002 -2.230837778000023, 106.15550000000002 -2.2357919440000273, 106.16179388900002 -2.2357919440000273, 106.16179388900002 -2.228117778000012, 106.15845388899999 -2.228117778000012, 106.15845388899999 -2.230837778000023, 106.15550000000002 -2.230837778000023))",AKTIF
187209,SUMATERA,GUBERNUR,19,KEPULAUAN BANGKA BELITUNG,06,KABUPATEN BELITUNG TIMUR,WIUP,PT,PT KEMILAU KUARSA PERDANA,2119066112023160,540/17/WIUP/ESDM_3,2023-02-27,,PENCADANGAN,197.1,PASIR KUARSA,6,11,,,,DESA BATU PENYU KECAMATAN GANTUNG,"POLYGON ((108.19041666700002 -3.0312222219999967, 108.19041666700002 -3.0409166669999763, 108.195055556 -3.0409166669999763, 108.195055556 -3.042583332999982, 108.19041666700002 -3.042583332999982, 108.19041666700002 -3.047277778000023, 108.19524999999999 -3.047277778000023, 108.19524999999999 -3.0494444440000166, 108.20430555600001 -3.0494444440000166, 108.20430555600001 -3.041249999999991, 108.20180555600001 -3.041249999999991, 108.20180555600001 -3.039555555999982, 108.20027777799999 -3.039555555999982, 108.20027777799999 -3.0383333330000255, 108.19763888900002 -3.0383333330000255, 108.19763888900002 -3.03666666700002, 108.195583333 -3.03666666700002, 108.195583333 -3.0347777779999774, 108.193611111 -3.0347777779999774, 108.193611111 -3.0312222219999967, 108.19041666700002 -3.0312222219999967))",AKTIF
187218,SUMATERA,GUBERNUR,19,KEPULAUAN BANGKA BELITUNG,06,KABUPATEN BELITUNG TIMUR,IUP,PT,PT YUDHANTARA AMANAH BERSATU,2119066112023161,17022300567340001                                                                                   ,2023-03-20,2030-03-20,EKSPLORASI,111.59,PASIR KUARSA,6,11,CNC,,,DESA BATU PENYU,"POLYGON ((108.18347222199998 -3.0342222219999826, 108.18347222199998 -3.0390277779999906, 108.18447222200001 -3.0390277779999906, 108.18447222200001 -3.042500000000018, 108.18347222199998 -3.042500000000018, 108.18347222199998 -3.0445000000000277, 108.18541666700003 -3.0445000000000277, 108.18541666700003 -3.0484722219999867, 108.18811111100001 -3.0484722219999867, 108.18811111100001 -3.0445000000000277, 108.19036111100002 -3.0445000000000277, 108.19036111100002 -3.0312222219999967, 108.186111111 -3.0312222219999967, 108.186111111 -3.0342222219999826, 108.18347222199998 -3.0342222219999826))",AKTIF
187220,SUMATERA,GUBERNUR,19,KEPULAUAN BANGKA BELITUNG,06,KABUPATEN BELITUNG TIMUR,IUP,PT,PT SEJAHTERA UTAMA PRIMA,2119066112023162,81200018110430007                                                                                   ,2023-03-20,2030-03-20,EKSPLORASI,186.47,PASIR KUARSA,6,11,CNC,,,"DESA LIMBONGAN, KECAMATAN GANTUNG","POLYGON ((108.14493055600002 -3.085888888999989, 108.14493055600002 -3.0874166670000136, 108.14384722199998 -3.0874166670000136, 108.14384722199998 -3.0884583330000055, 108.14302777799998 -3.0884583330000055, 108.14302777799998 -3.0895694440000057, 108.14220833299999 -3.0895694440000057, 108.14220833299999 -3.0903055559999757, 108.14154166700001 -3.0903055559999757, 108.14154166700001 -3.0910972219999735, 108.140930556 -3.0910972219999735, 108.140930556 -3.0922222219999753, 108.14015277800002 -3.0922222219999753, 108.14015277800002 -3.0931249999999864, 108.139472222 -3.0931249999999864, 108.139472222 -3.0940833330000146, 108.13880555600002 -3.0940833330000146, 108.13880555600002 -3.0949861110000256, 108.13819444400002 -3.0949861110000256, 108.13819444400002 -3.0957916670000145, 108.137555556 -3.0957916670000145, 108.137555556 -3.096597222000014, 108.136944444 -3.096597222000014, 108.136944444 -3.0975138890000267, 108.13630555600002 -3.0975138890000267, 108.13630555600002 -3.0982500000000073, 108.13573611100003 -3.0982500000000073, 108.13573611100003 -3.0989305560000275, 108.13522222199998 -3.0989305560000275, 108.13522222199998 -3.099666667000008, 108.13465277799997 -3.099666667000008, 108.13465277799997 -3.1003055560000234, 108.134222222 -3.1003055560000234, 108.134222222 -3.100958332999994, 108.13370833300002 -3.100958332999994, 108.13370833300002 -3.101763888999983, 108.13316666700001 -3.101763888999983, 108.13316666700001 -3.1025416670000254, 108.132541667 -3.1025416670000254, 108.132541667 -3.103347222000025, 108.131986111 -3.103347222000025, 108.131986111 -3.104208332999974, 108.13137499999999 -3.104208332999974, 108.13137499999999 -3.1049583330000132, 108.130833333 -3.1049583330000132, 108.130833333 -3.1063194440000075, 108.13965277800003 -3.1063194440000075, 108.13965277800003 -3.1044166670000095, 108.138375 -3.1044166670000095, 108.138375 -3.100638888999981, 108.14011111100001 -3.100638888999981, 108.14011111100001 -3.0979444440000066, 108.14634722199997 -3.0979444440000066, 108.14634722199997 -3.095055555999977, 108.15284722199999 -3.095055555999977, 108.15284722199999 -3.093958332999989, 108.14970833299998 -3.093958332999989, 108.14970833299998 -3.085888888999989, 108.14493055600002 -3.085888888999989))",AKTIF
187221,SUMATERA,GUBERNUR,19,KEPULAUAN BANGKA BELITUNG,06,KABUPATEN BELITUNG TIMUR,WIUP,PT,PT ALBETA SUKSES MAKMUR,2119066112023163,540/14/WIUP/ESDM_3,2023-02-27,,PENCADANGAN,462.0,PASIR KUARSA,6,11,,,,DESA SIMPANG PESAK DAN TANJUNG BATU ITAM KECAMATAN SIMPANG PESAK,"POLYGON ((108.01917777800003 -3.159150000000011, 108.01917777800003 -3.1777138890000174, 108.004116667 -3.1777138890000174, 108.004116667 -3.1798166670000114, 107.99802222199997 -3.1798166670000114, 107.99802222199997 -3.181594443999984, 108.00412222199998 -3.181594443999984, 108.00412222199998 -3.1820638890000055, 108.00572222199997 -3.1820638890000055, 108.00572222199997 -3.1826444440000046, 108.007080556 -3.1826444440000046, 108.007080556 -3.183213889000001, 108.008416667 -3.183213889000001, 108.008416667 -3.183533333000014, 108.01289166700002 -3.183533333000014, 108.01289166700002 -3.183091666999985, 108.016113889 -3.183091666999985, 108.016113889 -3.1807305560000145, 108.02032777800002 -3.1807305560000145, 108.02032777800002 -3.177988889000005, 108.03221944400002 -3.177988889000005, 108.03221944400002 -3.172266666999974, 108.03446944400002 -3.172266666999974, 108.03446944400002 -3.167250000000024, 108.03558055600001 -3.167250000000024, 108.03558055600001 -3.162441666999996, 108.03638888900002 -3.162441666999996, 108.03638888900002 -3.159150000000011, 108.01917777800003 -3.159150000000011))",AKTIF
187234,SUMATERA,GUBERNUR,19,KEPULAUAN BANGKA BELITUNG,04,KABUPATEN BANGKA TENGAH,WIUP,PT,PT BIMBIM TRANSMINERATAMA SEJAHTERA,2119046112023002,540/19/WIUP/ESDM_3,2023-03-13,,PENCADANGAN,340.08,PASIR KUARSA,6,11,,,,"DESA LUBUK BESAR, KECAMATAN LUBUK BESAR","POLYGON ((106.66525777800001 -2.5925005560000045, 106.66525777800001 -2.596413332999987, 106.669717778 -2.596413332999987, 106.669717778 -2.600260832999993, 106.67105833300002 -2.600260832999993, 106.67105833300002 -2.604264444000023, 106.67318027800002 -2.604264444000023, 106.67318027800002 -2.5964055559999792, 106.675415278 -2.5964055559999792, 106.675415278 -2.5943294439999818, 106.67723388899998 -2.5943294439999818, 106.67723388899998 -2.588224443999991, 106.67891250000002 -2.588224443999991, 106.67891250000002 -2.5809069439999917, 106.683254444 -2.5809069439999917, 106.683254444 -2.5767666670000153, 106.67419000000001 -2.5767666670000153, 106.67419000000001 -2.570104167000011, 106.67007138899999 -2.570104167000011, 106.67007138899999 -2.5790077780000047, 106.6675275 -2.5790077780000047, 106.6675275 -2.5925005560000045, 106.66525777800001 -2.5925005560000045))",AKTIF
187235,SUMATERA,GUBERNUR,19,KEPULAUAN BANGKA BELITUNG,06,KABUPATEN BELITUNG TIMUR,WIUP,PT,PT BELTIM MAKMUR JAYA,2119066112023164,540/21/WIUP/ESDM_3,2023-03-13,,PENCADANGAN,169.0,PASIR KUARSA,6,11,,,,DESA TANJUNG KELUMPANG KECAMATAN SIMPANG PESAK,"POLYGON ((108.00209722199997 -3.2415750000000116, 108.003891667 -3.2415750000000116, 108.003891667 -3.240436111000008, 108.00568333299998 -3.240436111000008, 108.00568333299998 -3.2387972220000165, 108.00954722199998 -3.2387972220000165, 108.00954722199998 -3.2380222219999837, 108.01179166700001 -3.2380222219999837, 108.01179166700001 -3.2372472220000077, 108.01457499999998 -3.2372472220000077, 108.01457499999998 -3.2363388890000238, 108.015783333 -3.2363388890000238, 108.015783333 -3.2349833330000024, 108.01622222200001 -3.2349833330000024, 108.01622222200001 -3.2311055559999886, 108.01372222200001 -3.2311055559999886, 108.01372222200001 -3.2363583329999983, 108.00953611099999 -3.2363583329999983, 108.00953611099999 -3.23460277800001, 108.007738889 -3.23460277800001, 108.007738889 -3.2332555560000174, 108.005211111 -3.2332555560000174, 108.005211111 -3.2307055559999753, 108.01188611100002 -3.2307055559999753, 108.01188611100002 -3.2264472219999902, 108.000425 -3.2264472219999902, 108.000425 -3.2388222220000102, 108.00132777800002 -3.2388222220000102, 108.00132777800002 -3.2404472220000002, 108.00209722199997 -3.2404472220000002, 108.00209722199997 -3.2415750000000116))",AKTIF
187236,SUMATERA,GUBERNUR,19,KEPULAUAN BANGKA BELITUNG,04,KABUPATEN BANGKA TENGAH,WIUP,PT,PT LOTUS ESGE SEJAHTERA,2119045102023056,540/22/WIUP/ESDM_3,2023-03-13,,PENCADANGAN,76.76,GRANIT,5,10,,,,DESA JERUK  KECAMATAN PANGKALAN BARU,"POLYGON ((106.16472222200002 -2.1913888889999953, 106.16063888899998 -2.1913888889999953, 106.16063888899998 -2.198472222000021, 106.17000000000002 -2.198472222000021, 106.17000000000002 -2.1978055559999916, 106.17194444400002 -2.1978055559999916, 106.17194444400002 -2.196666666999988, 106.17055555600001 -2.196666666999988, 106.17055555600001 -2.193333332999998, 106.16636111100001 -2.193333332999998, 106.16636111100001 -2.1919166669999868, 106.16472222200002 -2.1919166669999868, 106.16472222200002 -2.1913888889999953))",AKTIF
187250,SUMATERA,GUBERNUR,19,KEPULAUAN BANGKA BELITUNG,01,BANGKA,IUP,CV,CV UNITED SMELTING,3119012112014196,188.4/287/ESDM/DPMPTSP/2019,2019-01-29,2029-01-29,OPERASI PRODUKSI,196.5,TIMAH,2,11,CNC-14, ,19010110OP023,"DESA GUNUNG MUDA, KEC. BELINYU","POLYGON ((105.77383600000002 -1.6650000000000205, 105.773842 -1.682188999999994, 105.78148299999998 -1.6821860000000015, 105.78148299999998 -1.6776610000000005, 105.783728 -1.6776610000000005, 105.783725 -1.664997000000028, 105.77383600000002 -1.6650000000000205))",AKTIF
187264,SUMATERA,GUBERNUR,19,KEPULAUAN BANGKA BELITUNG,06,KABUPATEN BELITUNG TIMUR,IUP,PT,PT PERKASA PARAMA BILITON,2119066112023165,10022300457230002                                                                                   ,2023-12-29,2043-12-29,OPERASI PRODUKSI,140.8,PASIR KUARSA,6,11,CNC,,,"DESA GANTUNG, KECAMATAN GANTUNG","POLYGON ((108.18981805599998 -3.0060138889999735, 108.18981805599998 -3.0092500000000086, 108.18545111100002 -3.0092500000000086, 108.18545111100002 -3.0095958329999917, 108.18520194400003 -3.0095958329999917, 108.18520194400003 -3.0100630559999786, 108.18484694400001 -3.0100630559999786, 108.18484694400001 -3.0104450000000043, 108.184601111 -3.0104450000000043, 108.184601111 -3.0108749999999986, 108.18427694399998 -3.0108749999999986, 108.18427694399998 -3.0115880559999937, 108.183976944 -3.0115880559999937, 108.183976944 -3.0122838890000025, 108.18620611099999 -3.0122838890000025, 108.18620611099999 -3.0126300000000015, 108.186766111 -3.0126300000000015, 108.186766111 -3.0130138889999785, 108.18732111100002 -3.0130138889999785, 108.18732111100002 -3.0133038889999852, 108.187673056 -3.0133038889999852, 108.187673056 -3.013466111000014, 108.18813388900003 -3.013466111000014, 108.18813388900003 -3.013635000000022, 108.188638889 -3.013635000000022, 108.188638889 -3.0138388889999987, 108.18888388900001 -3.0138388889999987, 108.18888388900001 -3.0139444440000034, 108.20263888900001 -3.0139444440000034, 108.20263888900001 -3.008755000000008, 108.20114888900002 -3.008755000000008, 108.20114888900002 -3.007853888999989, 108.199731111 -3.007853888999989, 108.199731111 -3.007114999999999, 108.19895805599998 -3.007114999999999, 108.19895805599998 -3.0060138889999735, 108.18981805599998 -3.0060138889999735))",AKTIF
187273,SUMATERA,GUBERNUR,19,KEPULAUAN BANGKA BELITUNG,06,KABUPATEN BELITUNG TIMUR,IUP,PT,PT SATRIA MUKTI ANUGERAH,2119066112023166,03062200508820002                                                                                   ,2023-06-21,2030-06-21,EKSPLORASI,47.7,PASIR KUARSA,6,11,CNC,,,"DESA BATU PENYU, KECAMATAN GANTUNG, KABUPATEN BELITUNG TIMUR, PROVINSI KEPULAUAN BANGKA BELITUNG","POLYGON ((108.16730055599999 -3.0625083329999825, 108.16730055599999 -3.063766944000008, 108.16660944400002 -3.063766944000008, 108.16660944400002 -3.065247778000014, 108.16214083300002 -3.065247778000014, 108.16214083300002 -3.0679966669999885, 108.171601667 -3.0679966669999885, 108.171601667 -3.0625083329999825, 108.16730055599999 -3.0625083329999825))",AKTIF
187356,SUMATERA,GUBERNUR,19,KEPULAUAN BANGKA BELITUNG,06,KABUPATEN BELITUNG TIMUR,IUP,PT,PT PROSPER KARYA MANDIRI,2119066112023167,81200029918780020                                                                                   ,2023-04-17,2030-04-17,EKSPLORASI,99.54,PASIR KUARSA,6,11,CNC,,,"DESA MENGKUBANG, KECAMATAN DAMAR, KABUPATEN BELITUNG TIMUR, PROVINSI KEPULAUAN BANGKA BELITUNG","POLYGON ((108.26942000000003 -2.803009999999972, 108.26942000000003 -2.8055083329999775, 108.27041083300003 -2.8055083329999775, 108.27041083300003 -2.8080902780000088, 108.272576389 -2.8080902780000088, 108.272576389 -2.8144208329999856, 108.26947861100001 -2.8144208329999856, 108.26947861100001 -2.816458888999989, 108.278381389 -2.816458888999989, 108.278381389 -2.812797221999972, 108.27792333299999 -2.812797221999972, 108.27792333299999 -2.8080097220000084, 108.27635416700002 -2.8080097220000084, 108.27635416700002 -2.805216110999993, 108.27500138900001 -2.805216110999993, 108.27500138900001 -2.803931110999997, 108.273283333 -2.803931110999997, 108.273283333 -2.803009999999972, 108.26942000000003 -2.803009999999972))",AKTIF
187367,SUMATERA,GUBERNUR,19,KEPULAUAN BANGKA BELITUNG,06,KABUPATEN BELITUNG TIMUR,WIUP,PT,PT INDO PERSADA SILIKA,2119066112023168,,,,PENCADANGAN,681.87,PASIR KUARSA,6,11,,,,DESA DUKONG,"POLYGON ((107.981 -3.1920000000000073, 107.981 -3.202064443999973, 107.99631638900001 -3.202064443999973, 107.99631638900001 -3.2146777780000093, 107.99095638900002 -3.2146777780000093, 107.99095638900002 -3.2299897220000275, 107.99240972199999 -3.2299897220000275, 107.99240972199999 -3.2294041669999842, 107.993394722 -3.2294041669999842, 107.993394722 -3.228461944000003, 107.99416583300001 -3.228461944000003, 107.99416583300001 -3.2275769440000204, 107.99493666699999 -3.2275769440000204, 107.99493666699999 -3.22626333300002, 107.99583611100002 -3.22626333300002, 107.99583611100002 -3.2254066670000157, 107.99870583299997 -3.2254066670000157, 107.99870583299997 -3.2267772220000097, 107.99704972199999 -3.2267772220000097, 107.99704972199999 -3.228019443999983, 107.99587888899998 -3.228019443999983, 107.99587888899998 -3.2293305559999794, 107.994903056 -3.2293305559999794, 107.994903056 -3.231769444000008, 107.991014167 -3.231769444000008, 107.991014167 -3.24763999999999, 107.99976944399998 -3.24763999999999, 107.99976944399998 -3.2184608329999946, 108.006657222 -3.2184608329999946, 108.006657222 -3.2132744439999783, 108.002803889 -3.2132744439999783, 108.002803889 -3.208328888999972, 108.00105083300002 -3.208328888999972, 108.00105083300002 -3.202603888999988, 108.006688333 -3.202603888999988, 108.006688333 -3.200601388999985, 108.00156472200001 -3.200601388999985, 108.00156472200001 -3.195066388999976, 107.98955999999998 -3.195066388999976, 107.98955999999998 -3.1920000000000073, 107.981 -3.1920000000000073))",AKTIF
187394,SUMATERA,GUBERNUR,19,KEPULAUAN BANGKA BELITUNG,06,BELITUNG TIMUR,IUP,PT,PT SEJAHTERA UTAMA MITRA MANDIRI ,3119065182015075,188.44/378.D/ESDM/2017,2017-03-29,2027-03-29,OPERASI PRODUKSI,389.7,TANAH LIAT,5,18,CNC,,,"DESA LILANGAN, BELITUNG TIMUR","POLYGON ((108.10188888900001 -3.116055555999992, 108.10188888900001 -3.120416666999972, 108.09972222200003 -3.120416666999972, 108.09972222200003 -3.124611110999979, 108.09838888899998 -3.124611110999979, 108.09838888899998 -3.129111110999986, 108.099055556 -3.129111110999986, 108.099055556 -3.1378611110000065, 108.102972222 -3.1378611110000065, 108.102972222 -3.1398888890000194, 108.10405555599999 -3.1398888890000194, 108.10405555599999 -3.1431388889999994, 108.11033333300003 -3.1431388889999994, 108.11033333300003 -3.139472221999995, 108.11113888900002 -3.139472221999995, 108.11113888900002 -3.1344166669999822, 108.112972222 -3.1344166669999822, 108.112972222 -3.1327499999999873, 108.11369444399998 -3.1327499999999873, 108.11369444399998 -3.1313611109999897, 108.11241666699999 -3.1313611109999897, 108.11241666699999 -3.1290833329999828, 108.11319444399999 -3.1290833329999828, 108.11319444399999 -3.1279166670000222, 108.114138889 -3.1279166670000222, 108.114138889 -3.127027778000013, 108.11480555600002 -3.127027778000013, 108.11480555600002 -3.1261388890000035, 108.115527778 -3.1261388890000035, 108.115527778 -3.125249999999994, 108.11599999999999 -3.125249999999994, 108.11599999999999 -3.124527778000015, 108.11669444400002 -3.124527778000015, 108.11669444400002 -3.1225833330000228, 108.111611111 -3.1225833330000228, 108.111611111 -3.119055555999978, 108.10780555600002 -3.119055555999978, 108.10780555600002 -3.116055555999992, 108.10188888900001 -3.116055555999992))",AKTIF
187399,SUMATERA,GUBERNUR,19,KEPULAUAN BANGKA BELITUNG,06,KABUPATEN BELITUNG TIMUR,IUP,CV,CV 3G TRUST,2119064052019141,02201043921450002                                                                                   ,2023-03-30,2043-03-30,OPERASI PRODUKSI,123.9,PASIR KUARSA,6,11,CNC,,,"DESA LILANGAN, BELITUNG TIMUR KEPULAUAN BANGKA BELITUNG","POLYGON ((108.0668 -3.137650000000008, 108.0668 -3.1467944440000224, 108.06759444400001 -3.1467944440000224, 108.06759444400001 -3.1478055559999802, 108.06915277799999 -3.1478055559999802, 108.06915277799999 -3.148538889000008, 108.07088333299998 -3.148538889000008, 108.07088333299998 -3.1493972220000046, 108.07262500000002 -3.1493972220000046, 108.07262500000002 -3.1502194440000153, 108.07442222200001 -3.1502194440000153, 108.07442222200001 -3.1509583330000055, 108.07557500000001 -3.1509583330000055, 108.07557500000001 -3.137650000000008, 108.0668 -3.137650000000008))",AKTIF
187478,SUMATERA,GUBERNUR,19,KEPULAUAN BANGKA BELITUNG,06,KABUPATEN BELITUNG TIMUR,IUP,PT,PT PERKASA PARAMA BORNEO,2119066112023169,11012300348660001                                                                                   ,2023-07-11,2030-07-11,EKSPLORASI,197.7,PASIR KUARSA,6,11,CNC,,,"DESA GANTUNG, KECAMATAN GANTUNG, KABUPATEN BELITUNG TIMUR","POLYGON ((108.16367000000002 -2.9977049999999963, 108.16367000000002 -3.0012758330000224, 108.16897194400002 -3.0012758330000224, 108.16897194400002 -3.0057708329999855, 108.17309 -3.0057708329999855, 108.17309 -3.0007080560000077, 108.17885083300001 -3.0007080560000077, 108.17885083300001 -3.005683889000011, 108.18277999999998 -3.005683889000011, 108.18277999999998 -2.9934808329999782, 108.16872999999998 -2.9934808329999782, 108.16872999999998 -2.9977049999999963, 108.16367000000002 -2.9977049999999963))",AKTIF
187483,SUMATERA,GUBERNUR,19,KEPULAUAN BANGKA BELITUNG,01,KABUPATEN BANGKA,WIUP,PT,PT BERKAH SAMUDERA SEMESTA,2119016112023004,540/26/WIUP/ESDM_3,2023-06-20,,PENCADANGAN,294.5,PASIR KUARSA,6,11,,,,LAUT REBO  KECAMATAN SUNGAILIAT,"POLYGON ((106.200122222 -1.888202777999993, 106.200122222 -1.9069638889999965, 106.21288611099999 -1.9069638889999965, 106.21288611099999 -1.888202777999993, 106.200122222 -1.888202777999993))",AKTIF
187485,SUMATERA,GUBERNUR,19,KEPULAUAN BANGKA BELITUNG,01,KABUPATEN BANGKA,IUP,PT,PT KARUNIA ALAM BERSAMA,2119016112023005,15022300091440002                                                                                   ,2023-07-12,2030-07-12,EKSPLORASI,632.38,PASIR KUARSA,6,11,CNC,,,"LAUT BUBUS, KECAMATAN BELINYU","POLYGON ((105.75113333299998 -1.4745666669999764, 105.75113333299998 -1.4885361109999735, 105.78792222200002 -1.4885361109999735, 105.78792222200002 -1.4745666669999764, 105.75113333299998 -1.4745666669999764))",AKTIF
187497,SUMATERA,GUBERNUR,19,KEPULAUAN BANGKA BELITUNG,01,KABUPATEN BANGKA,IUP,PT,PT REZEKI SAMUDERA JAYA,2119016112023006,21032301043690002                                                                                   ,2023-07-11,2030-07-11,EKSPLORASI,301.25,PASIR KUARSA,6,11,CNC,,,"LAUT PENYUSUK, KECAMATAN BELINYU","POLYGON ((105.67421111099998 -1.4746305560000224, 105.67421111099998 -1.4859777780000059, 105.69578611100002 -1.4859777780000059, 105.69578611100002 -1.4746305560000224, 105.67421111099998 -1.4746305560000224))",AKTIF
187500,SUMATERA,GUBERNUR,19,KEPULAUAN BANGKA BELITUNG,04,BANGKA TENGAH,IUP,PT,PT PREMIUM TIN INDONESIA,3119042112014053,188.44/436/ESDM/2017,2017-03-30,2028-09-03,OPERASI PRODUKSI,100.6,TIMAH,2,11,CNC-1, ,10040410OP3.3,"DESA KERANTAI, KEC. SUNGAISELAN KABUPATEN BANGKA TENGAH","POLYGON ((106.09257200000002 -2.3701659999999833, 106.09257400000001 -2.372752999999989, 106.09760999999997 -2.372748999999999, 106.09761300000002 -2.3764580000000137, 106.10858400000001 -2.3764770000000226, 106.10857900000002 -2.3701540000000136, 106.09257200000002 -2.3701659999999833))",AKTIF
187501,SUMATERA,GUBERNUR,19,KEPULAUAN BANGKA BELITUNG,04,BANGKA TENGAH,IUP,PT,PT PREMIUM TIN INDONESIA,3119042112014024,188.4/273/ESDM/DPMPTSP/2018,2018-06-04,2028-07-18,OPERASI PRODUKSI,15.5,TIMAH,2,11,CNC-1, ,19040410OP3.8,"DESA SUNGAISELAN, KEC. SUNGAISELAN, KABUPATEN BANGKA TENGAH","POLYGON ((106.02144199999998 -2.3747079999999983, 106.02144299999998 -2.3765169999999785, 106.02369199999998 -2.3765149999999835, 106.02369499999998 -2.3810379999999896, 106.02504399999998 -2.381036999999992, 106.02503899999999 -2.374705000000006, 106.02144199999998 -2.3747079999999983))",AKTIF
187502,SUMATERA,GUBERNUR,19,KEPULAUAN BANGKA BELITUNG,04,BANGKA TENGAH,IUP,PT,PT PREMIUM TIN INDONESIA,3119042112014033,188.4/271/ESDM/DPMPTSP/2018,2018-06-04,2027-01-10,OPERASI PRODUKSI,20.0,TIMAH,2,11,CNC-1, ,19040410OP4.12,"DESA NAMANG, KEC. NAMANG, KABUPATEN BANGKA TENGAH","POLYGON ((106.18215900000001 -2.3730410000000006, 106.18216100000001 -2.3756819999999834, 106.18836599999997 -2.375676999999996, 106.18836399999998 -2.3730360000000132, 106.18215900000001 -2.3730410000000006))",AKTIF
187508,SUMATERA,GUBERNUR,19,KEPULAUAN BANGKA BELITUNG,06,KABUPATEN BELITUNG TIMUR,WIUP,CV,CV CELESTA SILICA NUSANTARA,2119066112023171,540/30/WIUP/ESDM_3,2023-06-20,,PENCADANGAN,98.5,PASIR KUARSA,6,11,,,,DESA GANTUNG  KECAMATAN  GANTUNG,"POLYGON ((108.183065833 -2.9935569439999767, 108.183065833 -3.0088777779999987, 108.18943277800003 -3.0088777779999987, 108.18943277800003 -3.0011427779999735, 108.18709194399997 -3.0011427779999735, 108.18709194399997 -2.9935569439999767, 108.183065833 -2.9935569439999767))",AKTIF
187548,SUMATERA,GUBERNUR,19,KEPULAUAN BANGKA BELITUNG,02,KABUPATEN BELITUNG,WIUP,PT,PT NAGA LASKAR PELANGI,2119026112023140,,,,PENCADANGAN,432.0,PASIR KUARSA,6,11,,,,DESA BANTAN DAN DESA SIMPANG RUSA KECAMATAN MEMBALONG,"POLYGON ((107.63962083299998 -2.895306111000025, 107.63962083299998 -2.899438056000008, 107.63760888899998 -2.899438056000008, 107.63760888899998 -2.9039219439999897, 107.63457305600002 -2.9039219439999897, 107.63457305600002 -2.91233805600001, 107.63018194400001 -2.91233805600001, 107.63018194400001 -2.9173888889999944, 107.64016694399999 -2.9173888889999944, 107.64016694399999 -2.9250738889999752, 107.653028 -2.9250738889999752, 107.653028 -2.9101670000000013, 107.64938899999999 -2.9101670000000013, 107.64938899999999 -2.907194000000004, 107.64427799999999 -2.907194000000004, 107.64427799999999 -2.909639000000027, 107.63955600000003 -2.909639000000027, 107.63955600000003 -2.9060830000000237, 107.63813900000002 -2.9060830000000237, 107.63813900000002 -2.902778000000012, 107.63988899999998 -2.902778000000012, 107.63988899999998 -2.901527999999985, 107.64274999999998 -2.901527999999985, 107.64274999999998 -2.8974999999999795, 107.653167 -2.8974999999999795, 107.653167 -2.895306111000025, 107.63962083299998 -2.895306111000025))",AKTIF
187566,SUMATERA,GUBERNUR,19,KEPULAUAN BANGKA BELITUNG,02,KABUPATEN BELITUNG,IUP,PT,PT NAGA LASKAR PELANGI,2119026112023141,28032300339340001                                                                                   ,2023-07-04,2030-07-04,EKSPLORASI,428.0,PASIR KUARSA,6,11,CNC,,,"DESA BANTAN DAN DESA SIMPANG RUSA, KECAMATAN MEMBALONG","POLYGON ((107.63962083299998 -2.895306111000025, 107.63962083299998 -2.899438056000008, 107.63802777799998 -2.899438056000008, 107.63802777799998 -2.9039219439999897, 107.63457305600002 -2.9039219439999897, 107.63457305600002 -2.91233805600001, 107.63018194400001 -2.91233805600001, 107.63018194400001 -2.9173888889999944, 107.64016694399999 -2.9173888889999944, 107.64016694399999 -2.9250738889999752, 107.65302805599998 -2.9250738889999752, 107.65302805599998 -2.910166944000025, 107.64938888900002 -2.910166944000025, 107.64938888900002 -2.907193888999984, 107.64427805600002 -2.907193888999984, 107.64427805600002 -2.909638889000007, 107.63955611099999 -2.909638889000007, 107.63955611099999 -2.906083056, 107.638138889 -2.906083056, 107.638138889 -2.9027780559999883, 107.63988888900002 -2.9027780559999883, 107.63988888900002 -2.901528056000018, 107.64274999999998 -2.901528056000018, 107.64274999999998 -2.8974999999999795, 107.65316694400002 -2.8974999999999795, 107.65316694400002 -2.895306111000025, 107.63962083299998 -2.895306111000025))",AKTIF
187606,SUMATERA,GUBERNUR,19,KEPULAUAN BANGKA BELITUNG,06,KABUPATEN BELITUNG TIMUR,IUP,PT,PT NIAGA ABADI PERSADA,2119066112023172,20022300724390001                                                                                   ,2023-07-11,2030-07-11,EKSPLORASI,281.15,PASIR KUARSA,6,11,CNC,,,DESA LENGGANG KECAMATAN GANTUNG KABUPATEN BELITUNG TIMUR PROVINSI KEPULAUAN BANGKA BELITUNG,"POLYGON ((108.10509000000002 -2.951172778, 108.10509000000002 -2.962458889000004, 108.14388722199999 -2.962458889000004, 108.14388722199999 -2.9506336110000007, 108.145638889 -2.9506336110000007, 108.145638889 -2.9479258329999993, 108.15090805599999 -2.9479258329999993, 108.15090805599999 -2.9452547220000156, 108.15316277800002 -2.9452547220000156, 108.15316277800002 -2.944066943999985, 108.15516194399999 -2.944066943999985, 108.15516194399999 -2.9391224999999963, 108.15291027799998 -2.9391224999999963, 108.15291027799998 -2.935987778000026, 108.15041500000001 -2.935987778000026, 108.15041500000001 -2.9411099999999806, 108.14539888899998 -2.9411099999999806, 108.14539888899998 -2.950461667000013, 108.14362416699998 -2.950461667000013, 108.14362416699998 -2.962282777999974, 108.13577416700002 -2.962282777999974, 108.13577416700002 -2.961067777999972, 108.13530361099998 -2.961067777999972, 108.13530361099998 -2.9600658329999874, 108.133120556 -2.9600658329999874, 108.133120556 -2.95874444399999, 108.130809167 -2.95874444399999, 108.130809167 -2.9576544440000134, 108.128527222 -2.9576544440000134, 108.128527222 -2.958741110999995, 108.12767583300001 -2.958741110999995, 108.12767583300001 -2.959241110999983, 108.121539444 -2.959241110999983, 108.121539444 -2.9603088889999754, 108.11487361100001 -2.9603088889999754, 108.11487361100001 -2.9588061110000012, 108.11365388899998 -2.9588061110000012, 108.11365388899998 -2.957979167000019, 108.11268861100001 -2.957979167000019, 108.11268861100001 -2.9541113889999906, 108.111323889 -2.9541113889999906, 108.111323889 -2.951172778, 108.10509000000002 -2.951172778))",AKTIF
187615,SUMATERA,GUBERNUR,19,KEPULAUAN BANGKA BELITUNG,06,KABUPATEN BELITUNG TIMUR,WIUP,PT,PT GELORA ABADI PERSADA,2119066122023001,,,,PENCADANGAN,648.5,BATU KUARSA,6,12,,,,KECAMATAN DAMAR  DESA SUKAMANDI,"POLYGON ((108.18875000000003 -2.8071452780000072, 108.18875000000003 -2.8313172219999956, 108.19444388900001 -2.8313172219999956, 108.19444388900001 -2.833742222000012, 108.19758361100003 -2.833742222000012, 108.19758361100003 -2.8366111110000247, 108.19444388900001 -2.8366111110000247, 108.19444388900001 -2.837873055999978, 108.19855055599999 -2.837873055999978, 108.19855055599999 -2.843020555999999, 108.20125000000002 -2.843020555999999, 108.20125000000002 -2.8460061110000083, 108.20902611100001 -2.8460061110000083, 108.20902611100001 -2.8469405559999927, 108.213733333 -2.8469405559999927, 108.213733333 -2.845796388999986, 108.21598138899998 -2.845796388999986, 108.21598138899998 -2.845386388999998, 108.21663388899998 -2.845386388999998, 108.21663388899998 -2.8441855560000135, 108.219103056 -2.8441855560000135, 108.219103056 -2.8446861109999872, 108.21988499999998 -2.8446861109999872, 108.21988499999998 -2.845091110999988, 108.22101138900001 -2.845091110999988, 108.22101138900001 -2.8457163890000174, 108.22217055599998 -2.8457163890000174, 108.22217055599998 -2.846865832999981, 108.23087055600001 -2.846865832999981, 108.23087055600001 -2.844118889000015, 108.23523694400001 -2.844118889000015, 108.23523694400001 -2.8446616670000253, 108.23607222200002 -2.8446616670000253, 108.23607222200002 -2.845363610999982, 108.237197778 -2.845363610999982, 108.237197778 -2.8458777779999878, 108.23882750000001 -2.8458777779999878, 108.23882750000001 -2.846865832999981, 108.240219722 -2.846865832999981, 108.240219722 -2.844961110999975, 108.24493083300001 -2.844961110999975, 108.24493083300001 -2.8427977779999765, 108.23427166699997 -2.8427977779999765, 108.23427166699997 -2.843099166999991, 108.21100888900003 -2.843099166999991, 108.21100888900003 -2.8405430560000013, 108.20844388900002 -2.8405430560000013, 108.20844388900002 -2.835873611000011, 108.20391694400001 -2.835873611000011, 108.20391694400001 -2.8328972219999855, 108.200583333 -2.8328972219999855, 108.200583333 -2.8228077780000262, 108.20083333299999 -2.8228077780000262, 108.20083333299999 -2.8071452780000072, 108.18875000000003 -2.8071452780000072))",AKTIF
187617,SUMATERA,GUBERNUR,19,KEPULAUAN BANGKA BELITUNG,06,KABUPATEN BELITUNG TIMUR,IUP,PT,PT GELORA ABADI PERSADA,2119066112023173,20022300612460001                                                                                   ,2023-07-11,2030-07-11,EKSPLORASI,645.65,PASIR KUARSA,6,11,CNC,,,DESA SUKAMANDI KECAMATAN DAMAR KABUPATEN BELITUNG TIMUR PROVINSI KEPULAUAN BANGKA BELITUNG,"POLYGON ((108.18875000000003 -2.8071452780000072, 108.18875000000003 -2.8313172219999956, 108.19444388900001 -2.8313172219999956, 108.19444388900001 -2.833742222000012, 108.19758361100003 -2.833742222000012, 108.19758361100003 -2.8366111110000247, 108.19444388900001 -2.8366111110000247, 108.19444388900001 -2.837873055999978, 108.19855055599999 -2.837873055999978, 108.19855055599999 -2.843020555999999, 108.20125000000002 -2.843020555999999, 108.20125000000002 -2.8460061110000083, 108.20902611100001 -2.8460061110000083, 108.20902611100001 -2.8469405559999927, 108.213733333 -2.8469405559999927, 108.213733333 -2.845796388999986, 108.21598138899998 -2.845796388999986, 108.21598138899998 -2.845386388999998, 108.21663388899998 -2.845386388999998, 108.21663388899998 -2.8441855560000135, 108.219103056 -2.8441855560000135, 108.219103056 -2.8446861109999872, 108.21988499999998 -2.8446861109999872, 108.21988499999998 -2.845091110999988, 108.22101138900001 -2.845091110999988, 108.22101138900001 -2.8457163890000174, 108.22217055599998 -2.8457163890000174, 108.22217055599998 -2.846865832999981, 108.23087055600001 -2.846865832999981, 108.23087055600001 -2.844118889000015, 108.23516194400003 -2.844118889000015, 108.23516194400003 -2.8446616670000253, 108.23607222200002 -2.8446616670000253, 108.23607222200002 -2.845363610999982, 108.237197778 -2.845363610999982, 108.237197778 -2.8458777779999878, 108.23882750000001 -2.8458777779999878, 108.23882750000001 -2.846865832999981, 108.240219722 -2.846865832999981, 108.240219722 -2.844961110999975, 108.24493083300001 -2.844961110999975, 108.24493083300001 -2.8427977779999765, 108.23427166699997 -2.8427977779999765, 108.23427166699997 -2.843099166999991, 108.21100888900003 -2.843099166999991, 108.21100888900003 -2.8405430560000013, 108.20844388900002 -2.8405430560000013, 108.20844388900002 -2.835873611000011, 108.20391694400001 -2.835873611000011, 108.20391694400001 -2.8328972219999855, 108.200583333 -2.8328972219999855, 108.200583333 -2.8228077780000262, 108.20083333299999 -2.8228077780000262, 108.20083333299999 -2.8071452780000072, 108.18875000000003 -2.8071452780000072))",AKTIF
187619,SUMATERA,GUBERNUR,19,KEPULAUAN BANGKA BELITUNG,02,KABUPATEN BELITUNG,IUP,PT,PT BINTANGPUSPITA BUMIDWIPA,2119024242023133,81200008823090013                                                                                   ,2024-07-16,2034-07-16,OPERASI PRODUKSI,44.94,KAOLIN,4,24,CNC,,,DESA SIJUK,"POLYGON ((107.78381388899999 -2.5806166670000152, 107.78381388899999 -2.5806916669999964, 107.78372777800001 -2.5806916669999964, 107.78372777800001 -2.581269443999986, 107.78347500000001 -2.581269443999986, 107.78347500000001 -2.5817222219999962, 107.78333333299997 -2.5817222219999962, 107.78333333299997 -2.5820694440000125, 107.78313611099998 -2.5820694440000125, 107.78313611099998 -2.5824972219999722, 107.78293611100003 -2.5824972219999722, 107.78293611100003 -2.5830722219999984, 107.78267222199997 -2.5830722219999984, 107.78267222199997 -2.5834333330000163, 107.78253888900002 -2.5834333330000163, 107.78253888900002 -2.584024999999997, 107.782877778 -2.584024999999997, 107.782877778 -2.5846166669999775, 107.78322777800003 -2.5846166669999775, 107.78322777800003 -2.5852333330000192, 107.78336388899999 -2.5852333330000192, 107.78336388899999 -2.585497222000015, 107.78350277800001 -2.585497222000015, 107.78350277800001 -2.5858944440000187, 107.78336388899999 -2.5858944440000187, 107.78336388899999 -2.586638889000028, 107.78321666699998 -2.586638889000028, 107.78321666699998 -2.5874111109999944, 107.783102778 -2.5874111109999944, 107.783102778 -2.5882805559999724, 107.782930556 -2.5882805559999724, 107.782930556 -2.589191667000023, 107.78781666700002 -2.589191667000023, 107.78781666700002 -2.586400000000026, 107.78763611099998 -2.586400000000026, 107.78763611099998 -2.584736110999984, 107.78747222200002 -2.584736110999984, 107.78747222200002 -2.583011111000019, 107.78730277800003 -2.583011111000019, 107.78730277800003 -2.5815222219999896, 107.78713333299999 -2.5815222219999896, 107.78713333299999 -2.581211111000016, 107.785577778 -2.581211111000016, 107.785577778 -2.580913888999987, 107.784875 -2.580913888999987, 107.784875 -2.580727777999982, 107.784188889 -2.580727777999982, 107.784188889 -2.5806166670000152, 107.78381388899999 -2.5806166670000152))",AKTIF
187620,SUMATERA,GUBERNUR,19,KEPULAUAN BANGKA BELITUNG,04,KABUPATEN BANGKA TENGAH,WIUP,PT,PT BIMBIM TRANSMINERATAMA SEJAHTERA,2119046112023003,540/38/WIUP/ESDM_3,2023-07-07,,PENCADANGAN,49.21,PASIR KUARSA,6,11,,,,"DESA PERLANG, KECAMATAN LUBUK BESAR","POLYGON ((106.53972638900001 -2.5539544439999986, 106.53972638900001 -2.5563338889999727, 106.53972916700002 -2.5563338889999727, 106.54071249999998 -2.5563338889999727, 106.54071249999998 -2.55704750000001, 106.54370138899998 -2.55704750000001, 106.54370138899998 -2.5579102780000085, 106.54247500000002 -2.5579102780000085, 106.54247500000002 -2.5594580559999827, 106.53963527799999 -2.5594580559999827, 106.53963527799999 -2.560897221999994, 106.54196944400002 -2.560897221999994, 106.54196944400002 -2.5615291670000033, 106.542201111 -2.5615291670000033, 106.542201111 -2.562383333000014, 106.54301388900001 -2.562383333000014, 106.54301388900001 -2.561527778000027, 106.54328944399998 -2.561527778000027, 106.54328944399998 -2.560688889000005, 106.544361111 -2.560688889000005, 106.544361111 -2.558943888999977, 106.54533694399998 -2.558943888999977, 106.54533694399998 -2.5581283330000133, 106.54555555600001 -2.5581283330000133, 106.54555555600001 -2.557725278000021, 106.547125833 -2.557725278000021, 106.547125833 -2.5543819439999993, 106.54662944400002 -2.5543819439999993, 106.54662944400002 -2.554133056000012, 106.54603250000002 -2.554133056000012, 106.54603250000002 -2.553946666999991, 106.54593916699997 -2.553946666999991, 106.54593916699997 -2.552291389000004, 106.545493056 -2.552291389000004, 106.545493056 -2.5520955559999834, 106.54524277799999 -2.5520955559999834, 106.54524277799999 -2.5519569439999827, 106.54439638899998 -2.5519569439999827, 106.54439638899998 -2.5522930559999963, 106.544222778 -2.5522930559999963, 106.544222778 -2.5539544439999986, 106.53972638900001 -2.5539544439999986))",AKTIF
187621,SUMATERA,GUBERNUR,19,KEPULAUAN BANGKA BELITUNG,02,KABUPATEN BELITUNG,WIUP,PT,PT ARTHA MINERATAMA LESTARI,2119026112023142,540/39/WIUP/ESDM_3,2023-07-07,,PENCADANGAN,41.49,PASIR KUARSA,6,11,,,,"DESA CERUCUK, KECAMATAN BADAU","POLYGON ((107.659491667 -2.7979250000000206, 107.659491667 -2.7995861109999964, 107.669586111 -2.7995861109999964, 107.669586111 -2.7947972219999997, 107.66814722200002 -2.7947972219999997, 107.66814722200002 -2.795605555999998, 107.66745277799998 -2.795605555999998, 107.66745277799998 -2.797444444000007, 107.66465555600001 -2.797444444000007, 107.66465555600001 -2.7961666670000227, 107.664069444 -2.7961666670000227, 107.664069444 -2.795727778000014, 107.66062222199997 -2.795727778000014, 107.66062222199997 -2.796491666999998, 107.66001111100002 -2.796491666999998, 107.66001111100002 -2.7979250000000206, 107.659491667 -2.7979250000000206))",AKTIF
187646,SUMATERA,GUBERNUR,19,KEPULAUAN BANGKA BELITUNG,06,KABUPATEN BELITUNG TIMUR,WIUP,PT,PT PASIR BELITUNG UTAMA,2119066112023174,540/34/WIUP/ESDM_3,2023-06-20,,PENCADANGAN,99.23,PASIR KUARSA,6,11,,,,DESA TANJUNG KELUMPANG DAN DESA DUKONG KECAMATAN SIMPANG PESAK,"POLYGON ((108.01625000000001 -3.1644444440000257, 108.01625000000001 -3.1671944440000175, 108.012305556 -3.1671944440000175, 108.012305556 -3.171333333000007, 108.01022222199998 -3.171333333000007, 108.01022222199998 -3.176888888999997, 108.01872222200001 -3.176888888999997, 108.01872222200001 -3.1644444440000257, 108.01625000000001 -3.1644444440000257))",AKTIF
187676,SUMATERA,GUBERNUR,19,KEPULAUAN BANGKA BELITUNG,06,KABUPATEN BELITUNG TIMUR,WIUP,PT,PT PATRIOT PRIMABUMI PERKASA,2119066112023175,540/36/WIUP/ESDM_3,2023-06-21,,PENCADANGAN,72.13,PASIR KUARSA,6,11,,,,DESA TANJUNG BATU ITAM KECAMATAN SIMPANG PESAK,"POLYGON ((108.01150555599997 -3.2002416670000002, 108.01150555599997 -3.202711110999985, 108.012411111 -3.202711110999985, 108.012411111 -3.2037111110000183, 108.01372222200001 -3.2037111110000183, 108.01372222200001 -3.204219443999989, 108.01781388900002 -3.204219443999989, 108.01781388900002 -3.2025611110000227, 108.020533333 -3.2025611110000227, 108.020533333 -3.207511110999974, 108.029955556 -3.207511110999974, 108.029955556 -3.2045472219999738, 108.020838889 -3.2045472219999738, 108.020838889 -3.2002416670000002, 108.01150555599997 -3.2002416670000002))",AKTIF
187689,SUMATERA,GUBERNUR,19,KEPULAUAN BANGKA BELITUNG,06,KABUPATEN BELITUNG TIMUR,WIUP,PT,PT BELITUNG KUARI INDAH,2119065102023001,540/40/WIUP/ESDM_3,2023-07-07,,PENCADANGAN,93.7,GRANIT,5,10,,,,DESA BURUNG MANDI KECAMATAN DAMAR,"POLYGON ((108.25591111099999 -2.7484138890000054, 108.25591111099999 -2.750133333000008, 108.25241111100001 -2.750133333000008, 108.25241111100001 -2.751852778, 108.254019444 -2.751852778, 108.254019444 -2.7514444440000148, 108.25613611099999 -2.7514444440000148, 108.25613611099999 -2.751863888999992, 108.25754444400002 -2.751863888999992, 108.25754444400002 -2.7521638889999736, 108.26021666700001 -2.7521638889999736, 108.26021666700001 -2.756691666999984, 108.265877778 -2.756691666999984, 108.265877778 -2.7557611110000266, 108.26811666700002 -2.7557611110000266, 108.26811666700002 -2.7506361110000057, 108.26716388900002 -2.7506361110000057, 108.26716388900002 -2.749505555999974, 108.261577778 -2.749505555999974, 108.261577778 -2.7484138890000054, 108.25591111099999 -2.7484138890000054))",AKTIF
187697,SUMATERA,GUBERNUR,19,KEPULAUAN BANGKA BELITUNG,06,KABUPATEN BELITUNG TIMUR,IUP,PT,PT INDO PERSADA SILIKA,2119066112023176,12102200756930011                                                                                   ,2023-07-11,2030-07-11,EKSPLORASI,680.53,PASIR KUARSA,6,11,CNC,,,"DESA DUKONG, KECAMATAN SIMPANG PESAK, KABUPATEN BELITUNG TIMUR, PROVINSI KEPULAUAN BANGKA BELITUNG","POLYGON ((107.981 -3.1920000000000073, 107.981 -3.202064443999973, 107.99631638900001 -3.202064443999973, 107.99631638900001 -3.2146777780000093, 107.99095638900002 -3.2146777780000093, 107.99095638900002 -3.2299897220000275, 107.99240972199999 -3.2299897220000275, 107.99240972199999 -3.2294041669999842, 107.993394722 -3.2294041669999842, 107.993394722 -3.228461944000003, 107.99416583300001 -3.228461944000003, 107.99416583300001 -3.2275769440000204, 107.99493666699999 -3.2275769440000204, 107.99493666699999 -3.22626333300002, 107.99583611100002 -3.22626333300002, 107.99583611100002 -3.2254066670000157, 107.99870583299997 -3.2254066670000157, 107.99870583299997 -3.2267772220000097, 107.99704972199999 -3.2267772220000097, 107.99704972199999 -3.228019443999983, 107.99587888899998 -3.228019443999983, 107.99587888899998 -3.2293305559999794, 107.994903056 -3.2293305559999794, 107.994903056 -3.231769444000008, 107.991014167 -3.231769444000008, 107.991014167 -3.24763999999999, 107.99976944399998 -3.24763999999999, 107.99976944399998 -3.2184608329999946, 108.006657222 -3.2184608329999946, 108.006657222 -3.2132744439999783, 108.002803889 -3.2132744439999783, 108.002803889 -3.208328888999972, 108.00105083300002 -3.208328888999972, 108.00105083300002 -3.202603888999988, 108.006688333 -3.202603888999988, 108.006688333 -3.200601388999985, 108.00156472200001 -3.200601388999985, 108.00156472200001 -3.195066388999976, 107.98955999999998 -3.195066388999976, 107.98955999999998 -3.1920000000000073, 107.981 -3.1920000000000073))",AKTIF
187717,SUMATERA,GUBERNUR,19,KEPULAUAN BANGKA BELITUNG,06,KABUPATEN BELITUNG TIMUR,WIUP,PT,PT SEJAHTERA UTAMA MITRA JAYA,2119066112023177,540/42/WIUP/ESDM_3,2023-07-07,,PENCADANGAN,181.5,PASIR KUARSA,6,11,,,,"DESA LILANGAN, KECAMATAN GANTUNG","POLYGON ((108.117444444 -3.124888888999976, 108.117444444 -3.126472222000018, 108.13397222200001 -3.126472222000018, 108.13397222200001 -3.1254166670000245, 108.135833333 -3.1254166670000245, 108.135833333 -3.124277778000021, 108.13738888900002 -3.124277778000021, 108.13738888900002 -3.123277777999988, 108.13863888899999 -3.123277777999988, 108.13863888899999 -3.1222777780000115, 108.13991666700002 -3.1222777780000115, 108.13991666700002 -3.1215555559999757, 108.140916667 -3.1215555559999757, 108.140916667 -3.118861111000001, 108.12044444399999 -3.118861111000001, 108.12044444399999 -3.1207222219999835, 108.11958333299998 -3.1207222219999835, 108.11958333299998 -3.122722221999993, 108.11841666700002 -3.122722221999993, 108.11841666700002 -3.124888888999976, 108.117444444 -3.124888888999976))",AKTIF
187792,SUMATERA,GUBERNUR,19,KEPULAUAN BANGKA BELITUNG,06,KABUPATEN BELITUNG TIMUR,IUP,PT,PT KARYA EMAS MULTISANI,2119066112023178,91202065119390001                                                                                   ,2023-08-03,2030-08-03,EKSPLORASI,108.18,PASIR KUARSA,6,11,CNC,,,"DESA BATU PENYU, KECAMATAN GANTUNG","POLYGON ((108.19099999999997 -3.0611111110000024, 108.188611111 -3.0611111110000024, 108.188611111 -3.0666666669999927, 108.184722222 -3.0666666669999927, 108.184722222 -3.0680555559999902, 108.180555556 -3.0680555559999902, 108.180555556 -3.0696388889999753, 108.175777778 -3.0696388889999753, 108.175777778 -3.071333332999984, 108.17200000000003 -3.071333332999984, 108.17200000000003 -3.0727777779999883, 108.1805 -3.0727777779999883, 108.1805 -3.0699166669999727, 108.188611111 -3.0699166669999727, 108.188611111 -3.069500000000005, 108.19097222200003 -3.069500000000005, 108.19097222200003 -3.06894444400001, 108.19244444399999 -3.06894444400001, 108.19244444399999 -3.068333332999998, 108.19297222199998 -3.068333332999998, 108.19297222199998 -3.0676388890000226, 108.19347222200003 -3.0676388890000226, 108.19347222200003 -3.067222221999998, 108.193888889 -3.067222221999998, 108.193888889 -3.064833333000024, 108.19266666700003 -3.064833333000024, 108.19266666700003 -3.062277778000009, 108.19430555600002 -3.062277778000009, 108.19430555600002 -3.058388889000014, 108.19099999999997 -3.058388889000014, 108.19099999999997 -3.0611111110000024))",AKTIF
187811,SUMATERA,GUBERNUR,19,KEPULAUAN BANGKA BELITUNG,02,KABUPATEN BELITUNG,IUP,PT,PT KAOLINCLAY MINERAL BELITUNG,2119024242023134,10072302869650001                                                                                   ,2023-08-03,2026-08-03,EKSPLORASI,56.2,KAOLIN,4,24,CNC,,,"DESA BADAU, KELURAHAN BADAU, KECAMATAN BADAU","POLYGON ((107.801069444 -2.8193055560000175, 107.801069444 -2.82182499999999, 107.80059999999997 -2.82182499999999, 107.80059999999997 -2.8229277780000075, 107.79972222200001 -2.8229277780000075, 107.79972222200001 -2.82353611100001, 107.792416667 -2.82353611100001, 107.792416667 -2.826722222000001, 107.79719444400001 -2.826722222000001, 107.79719444400001 -2.8295555560000025, 107.796583333 -2.8295555560000025, 107.796583333 -2.829888889000017, 107.79611111100002 -2.829888889000017, 107.79611111100002 -2.831777778000003, 107.796833333 -2.831777778000003, 107.796833333 -2.8315000000000055, 107.797444444 -2.8315000000000055, 107.797444444 -2.830805555999973, 107.79811111100003 -2.830805555999973, 107.79811111100003 -2.8300833330000046, 107.79877777799999 -2.8300833330000046, 107.79877777799999 -2.829388888999972, 107.79947222200002 -2.829388888999972, 107.79947222200002 -2.828583332999983, 107.80025 -2.828583332999983, 107.80025 -2.8278888890000076, 107.80083333300001 -2.8278888890000076, 107.80083333300001 -2.827222221999989, 107.80141666700001 -2.827222221999989, 107.80141666700001 -2.826722222000001, 107.801638889 -2.826722222000001, 107.801638889 -2.8193055560000175, 107.801069444 -2.8193055560000175))",AKTIF
187812,SUMATERA,GUBERNUR,19,KEPULAUAN BANGKA BELITUNG,06,KABUPATEN BELITUNG TIMUR,IUP,PT,PT BERKAH ALAM BELITONG,2119066112023179,27022300739360003                                                                                   ,2023-08-03,2030-08-03,EKSPLORASI,329.5,PASIR KUARSA,6,11,CNC,,,"DESA BATU PENYU, DESA/KELURAHAN BATU PENYU, KEC. GANTUNG, KABUPATEN
BELITUNG TIMUR, PROVINSI KEPULAUAN BANGKA BELITUNG,
KODE POS: 33562","POLYGON ((108.14679888900002 -3.004856110999981, 108.14679888900002 -3.0196669439999937, 108.159861111 -3.0196669439999937, 108.159861111 -3.021183055999984, 108.15097194399999 -3.021183055999984, 108.15097194399999 -3.0251438889999918, 108.17048305600002 -3.0251438889999918, 108.17048305600002 -3.0081541669999865, 108.17457805599997 -3.0081541669999865, 108.17457805599997 -3.006251667000015, 108.167897778 -3.006251667000015, 108.167897778 -3.001653332999979, 108.16589111100001 -3.001653332999979, 108.16589111100001 -3.017089444000021, 108.15062749999998 -3.017089444000021, 108.15062749999998 -3.004856110999981, 108.14679888900002 -3.004856110999981))",AKTIF
187813,SUMATERA,GUBERNUR,19,KEPULAUAN BANGKA BELITUNG,06,KABUPATEN BELITUNG TIMUR,IUP,PT,PT SINAR SUMBER DAYA BELITONG,2119066112023180,27022300847840003                                                                                   ,2023-08-04,2030-08-04,EKSPLORASI,371.51,PASIR KUARSA,6,11,CNC,,,"DESA GANTUNG DAN DESA BATU PENYU, DESA/KELURAHAN BATU PENYU, KEC.
GANTUNG, KABUPATEN BELITUNG TIMUR, PROVINSI KEPULAUAN BANGKA BELITUNG,
KODE POS: 33562","POLYGON ((108.17107833300003 -3.016273610999974, 108.17107833300003 -3.025516944000003, 108.168666944 -3.025516944000003, 108.168666944 -3.0371488889999796, 108.17728555600002 -3.0371488889999796, 108.17728555600002 -3.0343016670000225, 108.18323416700002 -3.0343016670000225, 108.18323416700002 -3.029096666999976, 108.18724972199999 -3.029096666999976, 108.18724972199999 -3.0195788890000017, 108.18297527800001 -3.0195788890000017, 108.18297527800001 -3.016273610999974, 108.17107833300003 -3.016273610999974))",AKTIF
187834,SUMATERA,GUBERNUR,19,KEPULAUAN BANGKA BELITUNG,06,KABUPATEN BELITUNG TIMUR,WIUP,PT,PT LAUTAN SINERGI PASIRINDO,2119066112023181,540/49/WIUP/ESDM_3,2023-07-26,,PENCADANGAN,216.0,PASIR KUARSA,6,11,,,,DESA BATU PENYU KECAMATAN GANTUNG,"POLYGON ((108.16838333300001 -3.05026944399998, 108.162613889 -3.05026944399998, 108.162613889 -3.057222222000007, 108.15832499999999 -3.057222222000007, 108.15832499999999 -3.0628527779999786, 108.162638889 -3.0628527779999786, 108.162638889 -3.064847222000026, 108.16562777799999 -3.064847222000026, 108.16562777799999 -3.063555555999983, 108.16695833300003 -3.063555555999983, 108.16695833300003 -3.062366666999992, 108.17165 -3.062366666999992, 108.17165 -3.0613611109999965, 108.17990277799998 -3.0613611109999965, 108.17990277799998 -3.058847221999997, 108.17508333299998 -3.058847221999997, 108.17508333299998 -3.0529166669999768, 108.16838333300001 -3.0529166669999768, 108.16838333300001 -3.05026944399998))",AKTIF
187835,SUMATERA,GUBERNUR,19,KEPULAUAN BANGKA BELITUNG,06,KABUPATEN BELITUNG TIMUR,WIUP,PT,PT TIMUR BELITUNG SEJAHTERA,2119066112023182,540/48/WIUP/ESDM_3,2023-07-26,,PENCADANGAN,135.2,PASIR KUARSA,6,11,,,,DESA LIMBONGAN KECAMATAN GANTUNG,"POLYGON ((108.150377778 -3.0795666669999946, 108.150377778 -3.0799083329999917, 108.14883611099998 -3.0799083329999917, 108.14883611099998 -3.0831194439999763, 108.13063333299999 -3.0831194439999763, 108.13063333299999 -3.078166667000005, 108.129380556 -3.078166667000005, 108.129380556 -3.078938889000028, 108.12845833300003 -3.078938889000028, 108.12845833300003 -3.0797305560000154, 108.12738888899997 -3.0797305560000154, 108.12738888899997 -3.080647221999982, 108.12636666700001 -3.080647221999982, 108.12636666700001 -3.081524999999999, 108.12544166700002 -3.081524999999999, 108.12544166700002 -3.0823194440000066, 108.12438888899999 -3.0823194440000066, 108.12438888899999 -3.083225000000027, 108.123569444 -3.083225000000027, 108.123569444 -3.0847805559999983, 108.12224166700003 -3.0847805559999983, 108.12224166700003 -3.086202777999972, 108.12110000000001 -3.086202777999972, 108.12110000000001 -3.087380556000028, 108.119986111 -3.087380556000028, 108.119986111 -3.0885361109999963, 108.11893055600001 -3.0885361109999963, 108.11893055600001 -3.0895916669999792, 108.11792500000001 -3.0895916669999792, 108.11792500000001 -3.090641667, 108.11697222200002 -3.090641667, 108.11697222200002 -3.091572222000025, 108.116161111 -3.091572222000025, 108.116161111 -3.092433332999974, 108.11529999999999 -3.092433332999974, 108.11529999999999 -3.093361110999979, 108.11456944399998 -3.093361110999979, 108.11456944399998 -3.094130555999982, 108.11389444399998 -3.094130555999982, 108.11389444399998 -3.0948111110000127, 108.11295000000001 -3.0948111110000127, 108.11295000000001 -3.0957500000000095, 108.111611111 -3.0957500000000095, 108.111611111 -3.0969722219999767, 108.11036388899998 -3.0969722219999767, 108.11036388899998 -3.098349999999982, 108.10902777799998 -3.098349999999982, 108.10902777799998 -3.0998277780000194, 108.107641667 -3.0998277780000194, 108.107641667 -3.1022194440000135, 108.10973888900003 -3.1022194440000135, 108.10973888900003 -3.1007222220000017, 108.111427778 -3.1007222220000017, 108.111427778 -3.098950000000002, 108.11313333300001 -3.098950000000002, 108.11313333300001 -3.0969833330000256, 108.11501388900001 -3.0969833330000256, 108.11501388900001 -3.0951111109999943, 108.116652778 -3.0951111109999943, 108.116652778 -3.093347221999977, 108.118466667 -3.093347221999977, 108.118466667 -3.091744444000028, 108.119719444 -3.091744444000028, 108.119719444 -3.0900361110000176, 108.12105555599999 -3.0900361110000176, 108.12105555599999 -3.0885111110000025, 108.12306111100003 -3.0885111110000025, 108.12306111100003 -3.086324999999988, 108.12579166699999 -3.086324999999988, 108.12579166699999 -3.084508332999974, 108.14445833299999 -3.084508332999974, 108.14445833299999 -3.0855527780000216, 108.14721944399997 -3.0855527780000216, 108.14721944399997 -3.0832861110000067, 108.149477778 -3.0832861110000067, 108.149477778 -3.0802583330000175, 108.15583055600001 -3.0802583330000175, 108.15583055600001 -3.0795666669999946, 108.150377778 -3.0795666669999946))",AKTIF
187840,SUMATERA,Gubernur,19,KEPULAUAN BANGKA BELITUNG,02,KABUPATEN BELITUNG,IUP,PT,PT KONG LUNG MINING,2119026112023144,05072301935950009,2025-12-24,2045-12-24,OPERASI PRODUKSI,179.6,PASIR KUARSA,6,11,CNC,,,"DESA PEGANTUNGAN DAN DESA BANTAN, KECAMATAN BADAU DAN MEMBALONG","POLYGON ((107.62045 -2.8951666670000122, 107.61914999999999 -2.8951666670000122, 107.61914999999999 -2.894503056000019, 107.618086667 -2.894503056000019, 107.618086667 -2.8959111109999753, 107.61632777800003 -2.8959111109999753, 107.61632777800003 -2.896831667000015, 107.61527972200003 -2.896831667000015, 107.61527972200003 -2.8974694440000235, 107.61213055600001 -2.8974694440000235, 107.61213055600001 -2.898366388999989, 107.61067527799997 -2.898366388999989, 107.61067527799997 -2.89906388899999, 107.60750000000002 -2.89906388899999, 107.60750000000002 -2.8998297219999927, 107.60614249999998 -2.8998297219999927, 107.60614249999998 -2.900769443999991, 107.60344166700003 -2.900769443999991, 107.60344166700003 -2.9026999999999816, 107.59984166700002 -2.9026999999999816, 107.59984166700002 -2.9039136110000072, 107.59818916699999 -2.9039136110000072, 107.59818916699999 -2.9049611109999773, 107.59529222200001 -2.9049611109999773, 107.59529222200001 -2.905702500000018, 107.58879194399998 -2.905702500000018, 107.58879194399998 -2.9064444439999875, 107.575186111 -2.9064444439999875, 107.575186111 -2.908266667000021, 107.57622500000002 -2.908266667000021, 107.57622500000002 -2.910438888999977, 107.58117499999997 -2.910438888999977, 107.58117499999997 -2.9095805559999803, 107.587677778 -2.9095805559999803, 107.587677778 -2.9091027779999763, 107.59087499999998 -2.9091027779999763, 107.59087499999998 -2.908055556000022, 107.59253888900002 -2.908055556000022, 107.59253888900002 -2.9090777779999826, 107.59805833299998 -2.9090777779999826, 107.59805833299998 -2.9085097220000193, 107.59914972199999 -2.9085097220000193, 107.59914972199999 -2.907519444000002, 107.60180833300001 -2.907519444000002, 107.60180833300001 -2.9057750000000055, 107.60366666700003 -2.9057750000000055, 107.60366666700003 -2.9042194439999776, 107.605669444 -2.9042194439999776, 107.605669444 -2.903438888999972, 107.60693333299997 -2.903438888999972, 107.60693333299997 -2.9022166670000047, 107.60874999999999 -2.9022166670000047, 107.60874999999999 -2.901475000000005, 107.61176111100002 -2.901475000000005, 107.61176111100002 -2.9006222219999813, 107.613727778 -2.9006222219999813, 107.613727778 -2.899547222000024, 107.61595555600002 -2.899547222000024, 107.61595555600002 -2.8982861110000044, 107.61758888899999 -2.8982861110000044, 107.61758888899999 -2.897655556000018, 107.62045 -2.897655556000018, 107.62045 -2.8951666670000122))",AKTIF
187844,SUMATERA,GUBERNUR,19,KEPULAUAN BANGKA BELITUNG,06,KABUPATEN BELITUNG TIMUR,IUP,PT,PT BILLITON PRIMA RESOURCES,2119064332023001,29032200470630004                                                                                   ,2023-09-06,2026-09-06,EKSPLORASI,98.3,ZIRKON,6,18,CNC,,,DESA BATU PENYU KECAMATAN GANTUNG,"POLYGON ((108.12874194400001 -3.013805832999992, 108.12874194400001 -3.0197838889999957, 108.13417500000003 -3.0197838889999957, 108.13417500000003 -3.022120832999974, 108.13762805599998 -3.022120832999974, 108.13762805599998 -3.0196961109999734, 108.144443056 -3.0196961109999734, 108.144443056 -3.0174988890000236, 108.138658889 -3.0174988890000236, 108.138658889 -3.013805832999992, 108.12874194400001 -3.013805832999992))",AKTIF
187851,SUMATERA,GUBERNUR,19,KEPULAUAN BANGKA BELITUNG,04,KABUPATEN BANGKA TENGAH,IUP,PT,PT BUKIT HIJAU PANGKALAN BARU,2119045102023057,13062300297230001                                                                                   ,2023-08-14,2026-08-14,EKSPLORASI,98.86,GRANIT,5,10,CNC,,,"DESA TANJUNG GUNUNG, KECAMATAN PANGKALAN BARU","POLYGON ((106.170826111 -2.1990669439999806, 106.170826111 -2.201180000000022, 106.16746388899998 -2.201180000000022, 106.16746388899998 -2.208014999999989, 106.174651944 -2.208014999999989, 106.174651944 -2.2061600000000112, 106.181431111 -2.2061600000000112, 106.181431111 -2.202721944000018, 106.17482888900003 -2.202721944000018, 106.17482888900003 -2.1990669439999806, 106.170826111 -2.1990669439999806))",AKTIF
187853,SUMATERA,GUBERNUR,19,KEPULAUAN BANGKA BELITUNG,02,KABUPATEN BELITUNG,WIUP,PT,PT SATUNUSA PILAR MINING,2119026112023146,540/54/WIUP/ESDM_3,2023-08-02,,PENCADANGAN,194.0,PASIR KUARSA,6,11,,,,DESA MENTIGI KECAMATAN MEMBALONG,"POLYGON ((107.680263889 -3.1729055559999892, 107.680263889 -3.172027777999972, 107.67964722200003 -3.172027777999972, 107.67964722200003 -3.171230556000012, 107.67105833300002 -3.171230556000012, 107.67105833300002 -3.170280556000023, 107.66940833299998 -3.170280556000023, 107.66940833299998 -3.169969444000003, 107.668713889 -3.169969444000003, 107.668713889 -3.170977778000008, 107.66810277799999 -3.170977778000008, 107.66810277799999 -3.1727388890000157, 107.66767222200002 -3.1727388890000157, 107.66767222200002 -3.1736694439999837, 107.667086111 -3.1736694439999837, 107.667086111 -3.1748472219999826, 107.66845 -3.1748472219999826, 107.66845 -3.186444444000017, 107.66755555600002 -3.186444444000017, 107.66755555600002 -3.1877777779999974, 107.668883333 -3.1877777779999974, 107.668883333 -3.1850083329999848, 107.669613889 -3.1850083329999848, 107.669613889 -3.184291667000025, 107.67063333300001 -3.184291667000025, 107.67063333300001 -3.183497222000028, 107.67183888900001 -3.183497222000028, 107.67183888900001 -3.182638888999975, 107.67308888899998 -3.182638888999975, 107.67308888899998 -3.181688888999986, 107.67448333300001 -3.181688888999986, 107.67448333300001 -3.1808416669999815, 107.675766667 -3.1808416669999815, 107.675766667 -3.1801222220000227, 107.67996388900002 -3.1801222220000227, 107.67996388900002 -3.185244443999977, 107.68215277799999 -3.185244443999977, 107.68215277799999 -3.1729055559999892, 107.680263889 -3.1729055559999892))",AKTIF
187870,SUMATERA,GUBERNUR,19,KEPULAUAN BANGKA BELITUNG,02,KABUPATEN BELITUNG,IUP,PT,PT BERKAT ASIA MINERALINDO,2119026112023147,24072301172280004                                                                                   ,2023-08-29,2030-08-29,EKSPLORASI,196.95,PASIR KUARSA,6,11,CNC,,,,"POLYGON ((107.6388225 -2.873926389000019, 107.6388225 -2.87939555600002, 107.634386667 -2.87939555600002, 107.634386667 -2.887437499999976, 107.635858611 -2.887437499999976, 107.635858611 -2.881049722, 107.64904250000001 -2.881049722, 107.64904250000001 -2.8860911109999847, 107.64996888899998 -2.8860911109999847, 107.64996888899998 -2.8854524999999853, 107.65062749999998 -2.8854524999999853, 107.65062749999998 -2.884757499999978, 107.651288056 -2.884757499999978, 107.651288056 -2.883993332999978, 107.652106667 -2.883993332999978, 107.652106667 -2.883215555999982, 107.65286833300001 -2.883215555999982, 107.65286833300001 -2.88239138900002, 107.65375361100001 -2.88239138900002, 107.65375361100001 -2.8815916670000092, 107.65618388899998 -2.8815916670000092, 107.65618388899998 -2.877549999999985, 107.657067778 -2.877549999999985, 107.657067778 -2.873926389000019, 107.6388225 -2.873926389000019))",AKTIF
187873,SUMATERA,GUBERNUR,19,KEPULAUAN BANGKA BELITUNG,06,KABUPATEN BELITUNG TIMUR,IUP,PT,PT ERA BARU KWARSA,2119066112023183,12122200589110018                                                                                   ,2023-08-25,2030-08-25,EKSPLORASI,198.94,PASIR KUARSA,6,11,CNC,,,"DESA GANTUNG DAN DESA BATU PENYU, KECAMATAN GANTUNG","POLYGON ((108.09602805600002 -3.118249999999989, 108.09602805600002 -3.1196388889999866, 108.09463888900001 -3.1196388889999866, 108.09463888900001 -3.125138889000027, 108.09208305599998 -3.125138889000027, 108.09208305599998 -3.1338061110000126, 108.08316694400003 -3.1338061110000126, 108.08316694400003 -3.1331938889999833, 108.08019388899999 -3.1331938889999833, 108.08019388899999 -3.135638889000006, 108.07958305599999 -3.135638889000006, 108.07958305599999 -3.1376669439999887, 108.09825000000001 -3.1376669439999887, 108.09825000000001 -3.1244719439999926, 108.09958305599997 -3.1244719439999926, 108.09958305599997 -3.120278056000018, 108.10174999999998 -3.120278056000018, 108.10174999999998 -3.118249999999989, 108.09602805600002 -3.118249999999989))",AKTIF
187884,SUMATERA,GUBERNUR,19,KEPULAUAN BANGKA BELITUNG,06,KABUPATEN BELITUNG TIMUR,IUP,PT,PT KWARSA PRIMA JAYA,2119066112023184,05012300619830018                                                                                   ,2023-08-18,2030-08-18,EKSPLORASI,587.03,PASIR KUARSA,6,11,CNC,,,,"POLYGON ((108.12875000000003 -3.037500833000024, 108.12875000000003 -3.044658056000003, 108.13071305599999 -3.044658056000003, 108.13071305599999 -3.0536988889999748, 108.139101111 -3.0536988889999748, 108.139101111 -3.0554838890000156, 108.158196111 -3.0554838890000156, 108.158196111 -3.0470961109999735, 108.16456111100001 -3.0470961109999735, 108.16456111100001 -3.0422780559999865, 108.15528111100002 -3.0422780559999865, 108.15528111100002 -3.0334738889999926, 108.14701305599999 -3.0334738889999926, 108.14701305599999 -3.043229999999994, 108.13553194399998 -3.043229999999994, 108.13553194399998 -3.037500833000024, 108.12875000000003 -3.037500833000024))",AKTIF
187922,SUMATERA,Gubernur,19,KEPULAUAN BANGKA BELITUNG,02,KABUPATEN BELITUNG,IUP,PT,PT ROYAL SILICA NUSANTARA,2119026112023148,21072301060060001,2023-09-07,2030-09-07,EKSPLORASI,31.83,PASIR KUARSA,6,11,CNC,,,,"POLYGON ((107.65608333300003 -2.883333332999996, 107.65608333300003 -2.8860277780000274, 107.65375 -2.8860277780000274, 107.65375 -2.888611110999989, 107.65133333300003 -2.888611110999989, 107.65133333300003 -2.8891944439999975, 107.65899999999999 -2.8891944439999975, 107.65899999999999 -2.883333332999996, 107.65608333300003 -2.883333332999996))",AKTIF
187955,SUMATERA,GUBERNUR,19,KEPULAUAN BANGKA BELITUNG,06,KABUPATEN BELITUNG TIMUR,WIUP,PT,PT BERKAH SUMBER ALAM,2119066112023185,540/57/WIUP/ESDM_3,2023-08-21,,PENCADANGAN,189.8,PASIR KUARSA,6,11,,,,"DESA GANTUNG DAN DESA BATU PENYU,  KECAMATAN GANTUNG","POLYGON ((108.16460444400002 -2.9855811109999877, 108.16460444400002 -2.988638889000015, 108.16027027799998 -2.988638889000015, 108.16027027799998 -2.9905258329999924, 108.15741750000001 -2.9905258329999924, 108.15741750000001 -2.991640277999977, 108.15661444400001 -2.991640277999977, 108.15661444400001 -2.9939369439999837, 108.15384805600002 -2.9939369439999837, 108.15384805600002 -2.9920927780000284, 108.15212500000001 -2.9920927780000284, 108.15212500000001 -2.991587222000021, 108.14985444400003 -2.991587222000021, 108.14985444400003 -2.9927172220000102, 108.151149444 -2.9927172220000102, 108.151149444 -2.9956322219999834, 108.15164305600001 -2.9956322219999834, 108.15164305600001 -2.997476388999985, 108.16000250000002 -2.997476388999985, 108.16000250000002 -2.998725556000011, 108.16333333300003 -2.998725556000011, 108.16333333300003 -2.9973213889999784, 108.16786027799998 -2.9973213889999784, 108.16786027799998 -2.993074999999976, 108.174347222 -2.993074999999976, 108.174347222 -2.9913888890000067, 108.17000000000002 -2.9913888890000067, 108.17000000000002 -2.9855811109999877, 108.16460444400002 -2.9855811109999877))",AKTIF
187991,SUMATERA,GUBERNUR,19,KEPULAUAN BANGKA BELITUNG,06,KABUPATEN BELITUNG TIMUR,WIUP,CV,CV BERLIAN SISI BARAT,2119066112023186,540/59/WIUP/ESDM_3,2023-09-03,,PENCADANGAN,97.7,PASIR KUARSA,6,11,,,,DESA GANTUNG KECAMATAN GANTUNG,"POLYGON ((108.16027777800002 -2.981944444000021, 108.16027777800002 -2.988277777999997, 108.16416666700002 -2.988277777999997, 108.16416666700002 -2.985388888999978, 108.17033333299997 -2.985388888999978, 108.17033333299997 -2.9912499999999795, 108.17897222200003 -2.9912499999999795, 108.17897222200003 -2.9818333329999973, 108.17430555599998 -2.9818333329999973, 108.17430555599998 -2.9911111110000093, 108.170472222 -2.9911111110000093, 108.170472222 -2.9852222220000044, 108.16666666700002 -2.9852222220000044, 108.16666666700002 -2.981944444000021, 108.16027777800002 -2.981944444000021))",AKTIF
188542,SUMATERA,GUBERNUR,19,KEPULAUAN BANGKA BELITUNG,06,KABUPATEN BELITUNG TIMUR,WIUP,PT,PT BERKAH BERSAMA RESOURCES,2119066112023187,540/61/WIUP/ESDM_3,2023-09-17,,PENCADANGAN,95.7,PASIR KUARSA,6,11,,,,DESA BATU PENYU DAN DESA LIMBONGAN KECAMATAN GANTUNG,"POLYGON ((108.162666667 -3.0794833329999847, 108.162666667 -3.0826416670000185, 108.161847222 -3.0826416670000185, 108.161847222 -3.089474999999993, 108.16078055600002 -3.089474999999993, 108.16078055600002 -3.0941500000000133, 108.16174722199997 -3.0941500000000133, 108.16174722199997 -3.095155556000009, 108.16304444399998 -3.095155556000009, 108.16304444399998 -3.0963027779999948, 108.16460833299999 -3.0963027779999948, 108.16460833299999 -3.097630556000013, 108.16604444400002 -3.097630556000013, 108.16604444400002 -3.0987972219999733, 108.16735 -3.0987972219999733, 108.16735 -3.1030999999999835, 108.16680277799998 -3.1030999999999835, 108.16680277799998 -3.106930556000009, 108.16648611099998 -3.106930556000009, 108.16648611099998 -3.1101333330000216, 108.16591666699998 -3.1101333330000216, 108.16591666699998 -3.1142666669999812, 108.16905277799998 -3.1142666669999812, 108.16905277799998 -3.109091666999973, 108.16965833299997 -3.109091666999973, 108.16965833299997 -3.104663888999994, 108.17005277800001 -3.104663888999994, 108.17005277800001 -3.099666667000008, 108.16912500000001 -3.099666667000008, 108.16912500000001 -3.0987972219999733, 108.16858611100002 -3.0987972219999733, 108.16858611100002 -3.0981916669999805, 108.16789166699999 -3.0981916669999805, 108.16789166699999 -3.097605556000019, 108.167269444 -3.097605556000019, 108.167269444 -3.097097222000002, 108.166702778 -3.097097222000002, 108.166702778 -3.0965722220000202, 108.166213889 -3.0965722220000202, 108.166213889 -3.0961638890000245, 108.16569166699998 -3.0961638890000245, 108.16569166699998 -3.095758332999992, 108.16514444400002 -3.095758332999992, 108.16514444400002 -3.095305556000028, 108.16448888899998 -3.095305556000028, 108.16448888899998 -3.0947833330000094, 108.16394166700002 -3.0947833330000094, 108.16394166700002 -3.094308333000015, 108.16347777800001 -3.094308333000015, 108.16347777800001 -3.094011110999986, 108.162944444 -3.094011110999986, 108.162944444 -3.093599999999981, 108.16224722200002 -3.093599999999981, 108.16224722200002 -3.0911555559999897, 108.16252500000002 -3.0911555559999897, 108.16252500000002 -3.089358333000007, 108.162825 -3.089358333000007, 108.162825 -3.0874333329999786, 108.163063889 -3.0874333329999786, 108.163063889 -3.0861777779999784, 108.16341388900003 -3.0861777779999784, 108.16341388900003 -3.084850000000017, 108.16363611100002 -3.084850000000017, 108.16363611100002 -3.082605555999976, 108.163936111 -3.082605555999976, 108.163936111 -3.080988889000025, 108.16430000000003 -3.080988889000025, 108.16430000000003 -3.0800194440000155, 108.16482777800002 -3.0800194440000155, 108.16482777800002 -3.079861111000014, 108.165272222 -3.079861111000014, 108.165272222 -3.0794833329999847, 108.162666667 -3.0794833329999847))",AKTIF
188551,SUMATERA,GUBERNUR,19,KEPULAUAN BANGKA BELITUNG,06,KABUPATEN BELITUNG TIMUR,IUP,PT,PT BILITON PRIMA MINERAL,2119066112023188,08062300417650001                                                                                   ,2023-10-09,2030-10-09,EKSPLORASI,402.56,PASIR KUARSA,6,11,CNC,,,"DESA JANGKAR ASAM DAN DESA LIMBONGAN, KECAMATAN GANTUNG","POLYGON ((108.08583333299998 -3.031041667000011, 108.08583333299998 -3.0408055560000093, 108.07907499999999 -3.0408055560000093, 108.07907499999999 -3.043269443999975, 108.075930556 -3.043269443999975, 108.075930556 -3.0414166670000213, 108.071944444 -3.0414166670000213, 108.071944444 -3.0436111110000184, 108.07344444400002 -3.0436111110000184, 108.07344444400002 -3.0518333329999905, 108.07671666700003 -3.0518333329999905, 108.07671666700003 -3.056916666999996, 108.07352777800003 -3.056916666999996, 108.07352777800003 -3.0594444440000075, 108.08833333299998 -3.0594444440000075, 108.08833333299998 -3.0606388890000176, 108.089502778 -3.0606388890000176, 108.089502778 -3.0616416670000035, 108.09019444400002 -3.0616416670000035, 108.09019444400002 -3.0637916669999754, 108.09181666699999 -3.0637916669999754, 108.09181666699999 -3.0595138890000158, 108.090230556 -3.0595138890000158, 108.090230556 -3.0550722219999784, 108.09104722199999 -3.0550722219999784, 108.09104722199999 -3.048186111000007, 108.08712500000001 -3.048186111000007, 108.08712500000001 -3.037269444000003, 108.09230555599999 -3.037269444000003, 108.09230555599999 -3.031041667000011, 108.08583333299998 -3.031041667000011))",AKTIF
188588,SUMATERA,GUBERNUR,19,KEPULAUAN BANGKA BELITUNG,06,KABUPATEN BELITUNG TIMUR,WIUP,CV,CV CAHAYA CELESTA NUSANTARA,2119066112023189,540/62/WIUP/ESDM_3,2023-09-26,,PENCADANGAN,90.0,PASIR KUARSA,6,11,,,,DESA LILANGAN DAN DESA LIMBONGAN KECAMATAN GANTUNG,"POLYGON ((108.11606666699998 -3.1128472220000276, 108.11606666699998 -3.122380555999996, 108.116930556 -3.122380555999996, 108.116930556 -3.124750000000006, 108.11620555600001 -3.124750000000006, 108.11620555600001 -3.1255166669999994, 108.11570833299999 -3.1255166669999994, 108.11570833299999 -3.126333332999991, 108.11493055599999 -3.126333332999991, 108.11493055599999 -3.1273388889999865, 108.11429166699997 -3.1273388889999865, 108.11429166699997 -3.128180556000018, 108.11336111100002 -3.128180556000018, 108.11336111100002 -3.129327778000004, 108.11261944400002 -3.129327778000004, 108.11261944400002 -3.1311666670000022, 108.11386944399999 -3.1311666670000022, 108.11386944399999 -3.1328555559999813, 108.11311111100002 -3.1328555559999813, 108.11311111100002 -3.1345555560000093, 108.11124999999998 -3.1345555560000093, 108.11124999999998 -3.136055555999974, 108.11268055599999 -3.136055555999974, 108.11268055599999 -3.135027777999994, 108.113741667 -3.135027777999994, 108.113741667 -3.133036111000024, 108.11483333299998 -3.133036111000024, 108.11483333299998 -3.1307916669999827, 108.11603888899998 -3.1307916669999827, 108.11603888899998 -3.1281666670000163, 108.11694444400001 -3.1281666670000163, 108.11694444400001 -3.1265111110000134, 108.11727777800002 -3.1265111110000134, 108.11727777800002 -3.1246249999999804, 108.11826111099998 -3.1246249999999804, 108.11826111099998 -3.122472221999999, 108.11934722199999 -3.122472221999999, 108.11934722199999 -3.1204722219999894, 108.120222222 -3.1204722219999894, 108.120222222 -3.1185944439999957, 108.12081388899998 -3.1185944439999957, 108.12081388899998 -3.117500000000007, 108.121375 -3.117500000000007, 108.121375 -3.1161388890000126, 108.122444444 -3.1161388890000126, 108.122444444 -3.1145555560000275, 108.12339166700002 -3.1145555560000275, 108.12339166700002 -3.1128472220000276, 108.11606666699998 -3.1128472220000276))",AKTIF
188591,SUMATERA,GUBERNUR,19,KEPULAUAN BANGKA BELITUNG,06,KABUPATEN BELITUNG TIMUR,WIUP,CV,CV KARUNIA SEMESTA BERSAMA,2119066112023190,540/63/WIUP/ESDM_3,2023-09-27,,PENCADANGAN,291.44,PASIR KUARSA,6,11,,,,DESA TANJUNG BATU ITAM KECAMATAN SIMPANG PESAK,"POLYGON ((108.04776388900001 -3.162911111000028, 108.04776388900001 -3.1641666670000177, 108.04598333299998 -3.1641666670000177, 108.04598333299998 -3.166291666999996, 108.04230555599997 -3.166291666999996, 108.04230555599997 -3.1763333330000023, 108.04083333300002 -3.1763333330000023, 108.04083333300002 -3.180000000000007, 108.03682500000002 -3.180000000000007, 108.03682500000002 -3.1836999999999875, 108.03305555600002 -3.1836999999999875, 108.03305555600002 -3.186944444000005, 108.047166667 -3.186944444000005, 108.047166667 -3.179213888999982, 108.04875833300002 -3.179213888999982, 108.04875833300002 -3.175875000000019, 108.054694444 -3.175875000000019, 108.054694444 -3.1730194439999764, 108.05322222199999 -3.1730194439999764, 108.05322222199999 -3.1676722220000215, 108.05129166699999 -3.1676722220000215, 108.05129166699999 -3.162911111000028, 108.04776388900001 -3.162911111000028))",AKTIF
188603,SUMATERA,GUBERNUR,19,KEPULAUAN BANGKA BELITUNG,06,KABUPATEN BELITUNG TIMUR,IUP,PT,PT ANUGRAH MINING NUSANTARA,2119066112023191,13092301235410002                                                                                   ,2023-10-09,2030-10-09,EKSPLORASI,196.27,PASIR KUARSA,6,11,CNC,,,"DESA SIMPANG PESAK, KECAMATAN SIMPANG PESAK, KABUPATEN BELITUNG TIMUR, PROVINSI KEPULAUAN BANGKA BELITUNG","POLYGON ((107.92030555600002 -3.106277777999992, 107.92030555600002 -3.1087499999999864, 107.92225000000002 -3.1087499999999864, 107.92225000000002 -3.1119166670000027, 107.924416667 -3.1119166670000027, 107.924416667 -3.1131111110000234, 107.93086111100001 -3.1131111110000234, 107.93086111100001 -3.1151388889999794, 107.93400000000003 -3.1151388889999794, 107.93400000000003 -3.116666667000004, 107.936111111 -3.116666667000004, 107.936111111 -3.1212777779999783, 107.93736111099997 -3.1212777779999783, 107.93736111099997 -3.1217777780000233, 107.93816666700002 -3.1217777780000233, 107.93816666700002 -3.1224166669999818, 107.93883333299999 -3.1224166669999818, 107.93883333299999 -3.122944443999984, 107.944777778 -3.122944443999984, 107.944777778 -3.1135555559999943, 107.93677777800002 -3.1135555559999943, 107.93677777800002 -3.112166666999997, 107.931638889 -3.112166666999997, 107.931638889 -3.108972221999977, 107.93047222199999 -3.108972221999977, 107.93047222199999 -3.107972222000001, 107.92866666700002 -3.107972222000001, 107.92866666700002 -3.106194443999982, 107.92741666699999 -3.106194443999982, 107.92741666699999 -3.105083332999982, 107.92541666699998 -3.105083332999982, 107.92541666699998 -3.106277777999992, 107.92030555600002 -3.106277777999992))",AKTIF
189049,SUMATERA,GUBERNUR,19,KEPULAUAN BANGKA BELITUNG,06,KABUPATEN BELITUNG TIMUR,WIUP,PT,PT BABEL RESOURCES,2119066112023193,540/67/WIUP/ESDM_3,2023-10-12,,PENCADANGAN,131.5,PASIR KUARSA,6,11,,,,DESA JANGKAR ASAM KECAMATAN GANTUNG,"POLYGON ((108.106041667 -3.0100694440000098, 108.106041667 -3.016999999999996, 108.11599999999999 -3.016999999999996, 108.11599999999999 -3.012277777999998, 108.11677777800003 -3.012277777999998, 108.11677777800003 -3.00858333299999, 108.11730555600002 -3.00858333299999, 108.11730555600002 -3.006027777999975, 108.10902777799998 -3.006027777999975, 108.10902777799998 -3.008083333000002, 108.10747222200001 -3.008083333000002, 108.10747222200001 -3.0100694440000098, 108.106041667 -3.0100694440000098))",AKTIF
189052,SUMATERA,GUBERNUR,19,KEPULAUAN BANGKA BELITUNG,06,KABUPATEN BELITUNG TIMUR,IUP,PT,PT HAMPARAN PASIR JAYA,2119066112023194,06012300513380015                                                                                   ,2023-10-20,2030-10-20,EKSPLORASI,142.92,PASIR KUARSA,6,11,CNC,,,"DESA BATU PENYU, KECAMATAN GANTUNG","POLYGON ((108.14215055599999 -3.000114999999994, 108.14215055599999 -3.006932221999989, 108.140205278 -3.006932221999989, 108.140205278 -3.0075388889999886, 108.13942027799999 -3.0075388889999886, 108.13942027799999 -3.0081458330000146, 108.13863500000002 -3.0081458330000146, 108.13863500000002 -3.0089666669999815, 108.13788555600001 -3.0089666669999815, 108.13788555600001 -3.009787500000016, 108.137421389 -3.009787500000016, 108.137421389 -3.0106441670000095, 108.13906333300002 -3.0106441670000095, 108.13906333300002 -3.0112152780000088, 108.1403125 -3.0112152780000088, 108.1403125 -3.013321110999982, 108.13931305599999 -3.013321110999982, 108.13931305599999 -3.0137849999999844, 108.13876833299997 -3.0137849999999844, 108.13876833299997 -3.0173694439999963, 108.14452416699999 -3.0173694439999963, 108.14452416699999 -3.0193888890000267, 108.14675333299999 -3.0193888890000267, 108.14675333299999 -3.000114999999994, 108.14215055599999 -3.000114999999994))",AKTIF
189078,SUMATERA,GUBERNUR,19,KEPULAUAN BANGKA BELITUNG,06,KABUPATEN BELITUNG TIMUR,IUP,PT,PT PRIMA BUNDIARTA NUSA,2119066112019004,188.4/460/ESDM/DPMPTSP/2019                                                                         ,2019-09-30,2029-09-30,OPERASI PRODUKSI,68.0,PASIR KUARSA,6,11,CNC,,,"DESA LIMBONGAN KECAMATAN GANTUNG, BELITUNG TIMUR","POLYGON ((108.145638889 -3.1226388889999726, 108.145638889 -3.123055555999997, 108.14580555600003 -3.123055555999997, 108.14580555600003 -3.1263611109999943, 108.14547222200002 -3.1263611109999943, 108.14547222200002 -3.1322777780000024, 108.14588888899999 -3.1322777780000024, 108.14588888899999 -3.1345555560000093, 108.14633333299997 -3.1345555560000093, 108.14633333299997 -3.136555556000019, 108.146805556 -3.136555556000019, 108.146805556 -3.138527778000025, 108.147611111 -3.138527778000025, 108.147611111 -3.1391666669999836, 108.148722222 -3.1391666669999836, 108.148722222 -3.1397777779999956, 108.149555556 -3.1397777779999956, 108.149555556 -3.1404444440000248, 108.15075000000002 -3.1404444440000248, 108.15075000000002 -3.1382500000000277, 108.14999999999998 -3.1382500000000277, 108.14999999999998 -3.1362777780000215, 108.14913888900003 -3.1362777780000215, 108.14913888900003 -3.134638888999973, 108.14861111099998 -3.134638888999973, 108.14861111099998 -3.132722221999984, 108.14800000000002 -3.132722221999984, 108.14800000000002 -3.1314166669999963, 108.14780555599998 -3.1314166669999963, 108.14780555599998 -3.1284166670000104, 108.14741666700002 -3.1284166670000104, 108.14741666700002 -3.1250833330000205, 108.14691666700003 -3.1250833330000205, 108.14691666700003 -3.1228888890000235, 108.15108333299997 -3.1228888890000235, 108.15108333299997 -3.125722221999979, 108.15125 -3.125722221999979, 108.15125 -3.1275555560000043, 108.15169444399999 -3.1275555560000043, 108.15169444399999 -3.13033333300001, 108.15219444399997 -3.13033333300001, 108.15219444399997 -3.1331944440000257, 108.15277777799997 -3.1331944440000257, 108.15277777799997 -3.133722222000017, 108.15391666699998 -3.133722222000017, 108.15391666699998 -3.129861111000025, 108.15238888900001 -3.129861111000025, 108.15238888900001 -3.1226388889999726, 108.145638889 -3.1226388889999726))",AKTIF
189086,SUMATERA,GUBERNUR,19,KEPULAUAN BANGKA BELITUNG,04,KABUPATEN BANGKA TENGAH,IUP,PT,PT ARTABUMI SENTOSA INDONESIA,2119046112023004,15032300419840001                                                                                   ,2023-10-31,2030-10-31,EKSPLORASI,552.49,PASIR KUARSA,6,11,CNC,,,"DESA PERLANG, KECAMATAN LUBUK BESAR","POLYGON ((106.645111111 -2.6495833330000096, 106.63719444399999 -2.6495833330000096, 106.63719444399999 -2.659861110999998, 106.62955555600001 -2.659861110999998, 106.62955555600001 -2.67349999999999, 106.63175000000001 -2.67349999999999, 106.63175000000001 -2.6843055560000266, 106.64402777800001 -2.6843055560000266, 106.64402777800001 -2.6748888889999876, 106.64908333300002 -2.6748888889999876, 106.64908333300002 -2.669444444000021, 106.645111111 -2.669444444000021, 106.645111111 -2.6495833330000096))",AKTIF
189144,SUMATERA,GUBERNUR,19,KEPULAUAN BANGKA BELITUNG,02,KABUPATEN BELITUNG,IUP,PT,PT SINAR SUMBER ALAM NATUNA,2119024242023135,27022300820360003                                                                                   ,2023-10-30,2026-10-30,EKSPLORASI,64.81,KAOLIN,4,24,CNC,,,"DESA BADAU, KECAMATAN BADAU","POLYGON ((107.741902778 -2.839738888999989, 107.741902778 -2.841598889000011, 107.74278527799999 -2.841598889000011, 107.74278527799999 -2.841749166999989, 107.74360611100002 -2.841749166999989, 107.74360611100002 -2.8419663889999924, 107.74404055600002 -2.8419663889999924, 107.74404055600002 -2.8421747219999816, 107.744395 -2.8421747219999816, 107.744395 -2.842433332999974, 107.74507388900003 -2.842433332999974, 107.74507388900003 -2.842683610999984, 107.74623611099997 -2.842683610999984, 107.74623611099997 -2.841569444000015, 107.74877777799998 -2.841569444000015, 107.74877777799998 -2.840902777999986, 107.75122222200002 -2.840902777999986, 107.75122222200002 -2.841319444000021, 107.75298055600001 -2.841319444000021, 107.75298055600001 -2.841652778000025, 107.75515305599998 -2.841652778000025, 107.75515305599998 -2.842396388999987, 107.7555175 -2.842396388999987, 107.7555175 -2.842628611000009, 107.75831249999999 -2.842628611000009, 107.75831249999999 -2.8380894439999906, 107.74686361099998 -2.8380894439999906, 107.74686361099998 -2.839738888999989, 107.741902778 -2.839738888999989))",AKTIF
189162,SUMATERA,GUBERNUR,19,KEPULAUAN BANGKA BELITUNG,02,KABUPATEN BELITUNG,IUP,PT,PT BERKAH SUMBER DAYA BELITONG,2119024242023136,27022300790790003                                                                                   ,2023-11-10,2026-11-10,EKSPLORASI,114.94,KAOLIN,4,24,CNC,,,"DESA SIJUK, KECAMATAN SIJUK","POLYGON ((107.78554166700002 -2.569205555999986, 107.786991667 -2.569205555999986, 107.786991667 -2.5649583329999928, 107.79146111099999 -2.5649583329999928, 107.79146111099999 -2.563069444000007, 107.79006944399998 -2.563069444000007, 107.79006944399998 -2.5529861109999956, 107.78316666699999 -2.5529861109999956, 107.78316666699999 -2.5538888890000067, 107.78216666700001 -2.5538888890000067, 107.78216666700001 -2.5548333329999764, 107.78137500000003 -2.5548333329999764, 107.78137500000003 -2.5558055559999957, 107.780708333 -2.5558055559999957, 107.780708333 -2.556722222000019, 107.77963888900001 -2.556722222000019, 107.77963888900001 -2.5573611109999774, 107.778486111 -2.5573611109999774, 107.778486111 -2.5580555559999993, 107.78080555600002 -2.5580555559999993, 107.78080555600002 -2.5596388889999844, 107.78491111099999 -2.5596388889999844, 107.78491111099999 -2.563647221999986, 107.786422222 -2.563647221999986, 107.786422222 -2.565958333000026, 107.78554166700002 -2.565958333000026, 107.78554166700002 -2.569205555999986))",AKTIF
189185,SUMATERA,GUBERNUR,19,KEPULAUAN BANGKA BELITUNG,06,KABUPATEN BELITUNG TIMUR,IUP,PT,PT TRINUSA SILIKA INDONESIA,2119066112023195,22082301746730001                                                                                   ,2023-10-30,2030-10-30,EKSPLORASI,1141.79,PASIR KUARSA,6,11,CNC,,,"KECAMATAN KELAPA KAMPIT DAN DAMAR, KABUPATEN BELITUNG TIMUR","POLYGON ((108.10158388899998 -2.6345583329999727, 108.10158388899998 -2.6352483329999927, 108.10213777799999 -2.6352483329999927, 108.10213777799999 -2.63892305600001, 108.10333333300002 -2.63892305600001, 108.10333333300002 -2.646841944000016, 108.10379972200002 -2.646841944000016, 108.10379972200002 -2.650002222000012, 108.10574805599998 -2.650002222000012, 108.10574805599998 -2.651860555999974, 108.115261944 -2.651860555999974, 108.115261944 -2.6579713890000107, 108.11239833299999 -2.6579713890000107, 108.11239833299999 -2.6626547220000134, 108.11837444399998 -2.6626547220000134, 108.11837444399998 -2.6689175000000205, 108.12210333299998 -2.6689175000000205, 108.12210333299998 -2.6835358330000076, 108.141313889 -2.6835358330000076, 108.141313889 -2.6981661109999777, 108.15717805600002 -2.6981661109999777, 108.15717805600002 -2.6881269439999755, 108.15373027800001 -2.6881269439999755, 108.15373027800001 -2.6832191670000043, 108.15173666700002 -2.6832191670000043, 108.15173666700002 -2.6817800000000034, 108.143633056 -2.6817800000000034, 108.143633056 -2.672407222000004, 108.14255111099999 -2.672407222000004, 108.14255111099999 -2.6708172219999824, 108.14143361100002 -2.6708172219999824, 108.14143361100002 -2.6696638889999917, 108.139777778 -2.6696638889999917, 108.139777778 -2.6679638890000206, 108.13797222199997 -2.6679638890000206, 108.13797222199997 -2.66654166699999, 108.136311111 -2.66654166699999, 108.136311111 -2.665161110999975, 108.134513889 -2.665161110999975, 108.134513889 -2.6633694440000113, 108.13302777799998 -2.6633694440000113, 108.13302777799998 -2.6623055559999784, 108.13148055599999 -2.6623055559999784, 108.13148055599999 -2.660897222000017, 108.13006944400001 -2.660897222000017, 108.13006944400001 -2.659249999999986, 108.12835972200003 -2.659249999999986, 108.12835972200003 -2.657810832999985, 108.125765 -2.657810832999985, 108.125765 -2.6557811110000102, 108.12330833300001 -2.6557811110000102, 108.12330833300001 -2.652490278000016, 108.120177222 -2.652490278000016, 108.120177222 -2.649543332999997, 108.11739805600001 -2.649543332999997, 108.11739805600001 -2.647098332999974, 108.11523416699998 -2.647098332999974, 108.11523416699998 -2.64525888899999, 108.113810833 -2.64525888899999, 108.113810833 -2.6440488889999756, 108.11164583300001 -2.6440488889999756, 108.11164583300001 -2.642723889000024, 108.10931138900003 -2.642723889000024, 108.10931138900003 -2.640654444000006, 108.107716944 -2.640654444000006, 108.107716944 -2.639273055999979, 108.10578083299998 -2.639273055999979, 108.10578083299998 -2.6376624999999763, 108.104073056 -2.6376624999999763, 108.104073056 -2.6360522219999893, 108.10242194400001 -2.6360522219999893, 108.10242194400001 -2.6345583329999727, 108.10158388899998 -2.6345583329999727))",AKTIF
189214,SUMATERA,GUBERNUR,19,KEPULAUAN BANGKA BELITUNG,06,KABUPATEN BELITUNG TIMUR,IUP,PT,PT BELITONG ANUGRAH PERTIWI,2119066112023196,19082300570360002                                                                                   ,2023-11-15,2030-11-14,EKSPLORASI,97.72,PASIR KUARSA,6,11,CNC,,,"DESA LIMBONGAN, KECAMATAN GANTUNG, KABUPATEN BELITUNG TIMUR, PROVINSI KEPULAUAN BANGKA BELITUNG","POLYGON ((108.171333333 -3.14011111100001, 108.171333333 -3.138277777999974, 108.17088888900003 -3.138277777999974, 108.17088888900003 -3.1364166669999918, 108.170472222 -3.1364166669999918, 108.170472222 -3.1344166669999822, 108.17005555600002 -3.1344166669999822, 108.17005555600002 -3.133055555999988, 108.16969444400002 -3.133055555999988, 108.16969444400002 -3.13144444400001, 108.169333333 -3.13144444400001, 108.169333333 -3.129666666999981, 108.169083333 -3.129666666999981, 108.169083333 -3.128805555999975, 108.16858333300002 -3.128805555999975, 108.16858333300002 -3.1272222220000003, 108.168277778 -3.1272222220000003, 108.168277778 -3.1257499999999823, 108.16788888899998 -3.1257499999999823, 108.16788888899998 -3.120138888999975, 108.1685 -3.120138888999975, 108.1685 -3.1149166669999886, 108.16902777799999 -3.1149166669999886, 108.16902777799999 -3.1144722220000176, 108.16588888899997 -3.1144722220000176, 108.16588888899997 -3.1147222220000117, 108.16538888899998 -3.1147222220000117, 108.16538888899998 -3.1217777780000233, 108.16636111100001 -3.1217777780000233, 108.16636111100001 -3.128138889000013, 108.16736111099999 -3.128138889000013, 108.16736111099999 -3.1291666669999927, 108.16775000000001 -3.1291666669999927, 108.16775000000001 -3.1337777780000238, 108.15283333299999 -3.1337777780000238, 108.15283333299999 -3.135138889000018, 108.16805555600001 -3.135138889000018, 108.16805555600001 -3.1380555559999834, 108.16858333300002 -3.1380555559999834, 108.16858333300002 -3.14011111100001, 108.171333333 -3.14011111100001))",AKTIF
189247,SUMATERA,GUBERNUR,19,KEPULAUAN BANGKA BELITUNG,04,KABUPATEN BANGKA TENGAH,IUP,PT,PT TRI BINTANG ABADI SEJAHTERA,2119046112019001,188.4/473/ESDM/DPMPTSP/2019                                                                         ,2019-09-08,2029-09-08,OPERASI PRODUKSI,126.0,PASIR KUARSA,6,11,CNC,,,DESA BATU BERIGA KECAMATAN LUBUK BESAR KABUPATEN BANGKA TENGAH PROVINSI KEPULAUAN BANGKA BELITUNG,"POLYGON ((106.69569444400003 -2.5749722219999853, 106.69569444400003 -2.586361110999974, 106.69663888899998 -2.586361110999974, 106.69663888899998 -2.5872777779999865, 106.70125000000002 -2.5872777779999865, 106.70125000000002 -2.5898333330000014, 106.70400000000001 -2.5898333330000014, 106.70400000000001 -2.577361111000016, 106.701472222 -2.577361111000016, 106.701472222 -2.5749722219999853, 106.69569444400003 -2.5749722219999853))",AKTIF
189311,SUMATERA,GUBERNUR,19,KEPULAUAN BANGKA BELITUNG,06,KABUPATEN BELITUNG TIMUR,WIUP,PT,PT SHUBHA ALAM PERKASA RESOURCES,2119066112023197,,,,PENCADANGAN,40.67,PASIR KUARSA,6,11,,,,DESA BATU PENYU,"POLYGON ((108.149 -2.9989722220000203, 108.149 -3.002999999999986, 108.14699999999999 -3.002999999999986, 108.14699999999999 -3.003988889000027, 108.15629722199998 -3.003988889000027, 108.15629722199998 -3.002386111000021, 108.155852778 -3.002386111000021, 108.155852778 -3.0019416669999828, 108.15526666699998 -3.0019416669999828, 108.15526666699998 -3.001591667000014, 108.154372222 -3.001591667000014, 108.154372222 -2.9989722220000203, 108.149 -2.9989722220000203))",AKTIF
189327,SUMATERA,GUBERNUR,19,KEPULAUAN BANGKA BELITUNG,01,KABUPATEN BANGKA,IUP,PT,PT PASIFIK AMANIA MANDIRI,2119016112023007,24102300945290001                                                                                   ,2024-09-05,2031-09-05,EKSPLORASI,668.13,PASIR KUARSA,6,11,CNC,,,"DESA GUNUNG MUDA, KECAMATAN BELINYU","POLYGON ((105.91761111099999 -1.5881666669999959, 105.914888889 -1.5881666669999959, 105.914888889 -1.5894166670000232, 105.91194444400003 -1.5894166670000232, 105.91194444400003 -1.5902777779999724, 105.91047222200001 -1.5902777779999724, 105.91047222200001 -1.591555556000003, 105.904888889 -1.591555556000003, 105.904888889 -1.5940833330000146, 105.90886111100002 -1.5940833330000146, 105.90886111100002 -1.59916666700002, 105.91680555599999 -1.59916666700002, 105.91680555599999 -1.603888889000018, 105.91883333300001 -1.603888889000018, 105.91883333300001 -1.6089444439999738, 105.9205 -1.6089444439999738, 105.9205 -1.6126388889999816, 105.92347222199999 -1.6126388889999816, 105.92347222199999 -1.6173333329999764, 105.928277778 -1.6173333329999764, 105.928277778 -1.6233611110000083, 105.941138889 -1.6233611110000083, 105.941138889 -1.6033055560000093, 105.92569444399999 -1.6033055560000093, 105.92569444399999 -1.5931666669999913, 105.91761111099999 -1.5931666669999913, 105.91761111099999 -1.5881666669999959))",AKTIF
189329,SUMATERA,GUBERNUR,19,KEPULAUAN BANGKA BELITUNG,01,KABUPATEN BANGKA,IUP,PT,PT PEMATANG SUMBER JAYA,2119016112023008,24102300926740001                                                                                   ,2024-09-05,2031-09-05,EKSPLORASI,1206.69,PASIR KUARSA,6,11,CNC,,,"DESA GUNUNG MUDA, KECAMATAN BELINYU","POLYGON ((105.85516666699999 -1.6231666670000209, 105.85419444399997 -1.6231666670000209, 105.85419444399997 -1.6238055559999793, 105.846305556 -1.6238055559999793, 105.846305556 -1.6252777779999974, 105.83416666699998 -1.6252777779999974, 105.83416666699998 -1.626222222000024, 105.82258333300001 -1.626222222000024, 105.82258333300001 -1.6271388889999798, 105.81291666700002 -1.6271388889999798, 105.81291666700002 -1.633305555999982, 105.81802777799999 -1.633305555999982, 105.81802777799999 -1.6386666669999954, 105.81577777799998 -1.6386666669999954, 105.81577777799998 -1.6432500000000232, 105.81811111100001 -1.6432500000000232, 105.81811111100001 -1.6468888890000244, 105.82622222200001 -1.6468888890000244, 105.82622222200001 -1.6495555559999957, 105.83794444400002 -1.6495555559999957, 105.83794444400002 -1.653722221999999, 105.83461111100002 -1.653722221999999, 105.83461111100002 -1.656861111000012, 105.82458333300002 -1.656861111000012, 105.82458333300002 -1.6598333329999946, 105.83638888899998 -1.6598333329999946, 105.83638888899998 -1.6580833329999791, 105.840944444 -1.6580833329999791, 105.840944444 -1.6483611109999856, 105.85038888899999 -1.6483611109999856, 105.85038888899999 -1.6410000000000196, 105.85633333300001 -1.6410000000000196, 105.85633333300001 -1.6486111109999797, 105.857694444 -1.6486111109999797, 105.857694444 -1.630194443999983, 105.85697222200002 -1.630194443999983, 105.85697222200002 -1.6251944439999875, 105.85516666699999 -1.6251944439999875, 105.85516666699999 -1.6231666670000209))",AKTIF
189338,SUMATERA,GUBERNUR,19,KEPULAUAN BANGKA BELITUNG,01,KABUPATEN BANGKA,IUP,PT,PT SWAKARSA TAMBANG INDONESIA,2119016112023009,23102301133950003                                                                                   ,2024-09-09,2031-09-09,EKSPLORASI,152.56,PASIR KUARSA,6,11,CNC,,,LAUT REBO,"POLYGON ((106.096463056 -1.7469800000000077, 106.096463056 -1.7589600000000019, 106.10626305599999 -1.7589600000000019, 106.10626305599999 -1.7503199999999879, 106.108238889 -1.7503199999999879, 106.108238889 -1.7469800000000077, 106.096463056 -1.7469800000000077))",AKTIF
189359,SUMATERA,GUBERNUR,19,KEPULAUAN BANGKA BELITUNG,06,KABUPATEN BELITUNG TIMUR,WIUP,CV,CV BERLIAN CAHAYA TIMUR,2119066112023198,540/4/WIUP/ESDM_3,2024-08-16,,PENCADANGAN,1290.0,PASIR KUARSA,6,11,,,,DESA MAYANG DAN DESA PEMBARUAN KECAMATAN KELAPA KAMPIT ,"POLYGON ((108.053888889 -2.64544444400002, 108.053888889 -2.65300000000002, 108.05844444399997 -2.65300000000002, 108.05844444399997 -2.6628055560000234, 108.06763888900002 -2.6628055560000234, 108.06763888900002 -2.6707777780000015, 108.07772222199998 -2.6707777780000015, 108.07772222199998 -2.662388888999999, 108.08436111100002 -2.662388888999999, 108.08436111100002 -2.6644444440000257, 108.11197222200002 -2.6644444440000257, 108.11197222200002 -2.6576111109999943, 108.11486111099998 -2.6576111109999943, 108.11486111099998 -2.6521944439999743, 108.10536111099998 -2.6521944439999743, 108.10536111099998 -2.650361110999995, 108.10286111099998 -2.650361110999995, 108.10286111099998 -2.64544444400002, 108.053888889 -2.64544444400002))",AKTIF
189370,SUMATERA,GUBERNUR,19,KEPULAUAN BANGKA BELITUNG,06,KABUPATEN BELITUNG TIMUR,WIUP,PT,PT BABEL RESOURCES,2119066112023199,540/5/WIUP/ESDM_3,2024-08-22,,PENCADANGAN,168.0,PASIR KUARSA,6,11,,,,DESA JANGKAR ASAM KECAMATAN GANTUNG,"POLYGON ((108.123833333 -3.0054999999999836, 108.123833333 -3.0136944440000093, 108.13911111099998 -3.0136944440000093, 108.13911111099998 -3.013138889000004, 108.14016666700002 -3.013138889000004, 108.14016666700002 -3.011333332999982, 108.13898611100001 -3.011333332999982, 108.13898611100001 -3.01080555599998, 108.13733333300002 -3.01080555599998, 108.13733333300002 -3.009638888999973, 108.13780555599999 -3.009638888999973, 108.13780555599999 -3.008805556000027, 108.13850000000002 -3.008805556000027, 108.13850000000002 -3.0079999999999814, 108.13930555600001 -3.0079999999999814, 108.13930555600001 -3.007361111000023, 108.13991666700002 -3.007361111000023, 108.13991666700002 -3.0066944440000043, 108.142 -3.0066944440000043, 108.142 -3.0044444440000007, 108.14013888900001 -3.0044444440000007, 108.14013888900001 -3.0038333329999887, 108.13908333299997 -3.0038333329999887, 108.13908333299997 -3.002777777999995, 108.13752777799999 -3.002777777999995, 108.13752777799999 -3.00324999999998, 108.13691666699998 -3.00324999999998, 108.13691666699998 -3.003750000000025, 108.13626388900002 -3.003750000000025, 108.13626388900002 -3.0042361110000115, 108.135638889 -3.0042361110000115, 108.135638889 -3.0046388889999776, 108.13512500000002 -3.0046388889999776, 108.13512500000002 -3.0051527780000242, 108.134444444 -3.0051527780000242, 108.134444444 -3.0067222220000076, 108.131972222 -3.0067222220000076, 108.131972222 -3.0054999999999836, 108.123833333 -3.0054999999999836))",AKTIF
189383,SUMATERA,GUBERNUR,19,KEPULAUAN BANGKA BELITUNG,06,KABUPATEN BELITUNG TIMUR,IUP,PT,PT BELITUNG INTI PERSADA,2119066112023200,01112301107010001                                                                                   ,2024-12-17,2031-12-16,EKSPLORASI,154.57,PASIR KUARSA,6,11,CNC,,,"DESA BATU PENYU, KECAMATAN GANTUNG, KABUPATEN BELITUNG TIMUR, PROVINSI KEPULAUAN BANGKA BELITUNG","POLYGON ((108.19441361100002 -3.067364166999994, 108.19441361100002 -3.062503611000011, 108.19473638900001 -3.062503611000011, 108.19473638900001 -3.058110278000015, 108.18894472199997 -3.058110278000015, 108.18894472199997 -3.0544794439999805, 108.190126389 -3.0544794439999805, 108.190126389 -3.0537575000000174, 108.19205194400001 -3.0537575000000174, 108.19205194400001 -3.05220555599999, 108.19831138900003 -3.05220555599999, 108.19831138900003 -3.0496441669999967, 108.20608222200002 -3.0496441669999967, 108.20608222200002 -3.0409916670000143, 108.20558472200003 -3.0409916670000143, 108.20558472200003 -3.040235832999997, 108.2045875 -3.040235832999997, 108.2045875 -3.0396600000000262, 108.20384000000001 -3.0396600000000262, 108.20384000000001 -3.038940556, 108.20298583300001 -3.038940556, 108.20298583300001 -3.0382563890000256, 108.201882222 -3.0382563890000256, 108.201882222 -3.0373577780000005, 108.201063611 -3.0373577780000005, 108.201063611 -3.0366013889999977, 108.19981694400002 -3.0366013889999977, 108.19981694400002 -3.0358094439999945, 108.19867861099999 -3.0358094439999945, 108.19867861099999 -3.0346588890000135, 108.19757472200001 -3.0346588890000135, 108.19757472200001 -3.0338672220000262, 108.19650722199998 -3.0338672220000262, 108.19650722199998 -3.032824167000001, 108.19540527800001 -3.032824167000001, 108.19540527800001 -3.0312447219999967, 108.19476944399997 -3.0312447219999967, 108.19476944399997 -3.0288758329999723, 108.19409694400002 -3.0288758329999723, 108.19409694400002 -3.026758610999991, 108.193497778 -3.026758610999991, 108.193497778 -3.023954444000026, 108.19088916700002 -3.023954444000026, 108.19088916700002 -3.0257083330000114, 108.18963777800002 -3.0257083330000114, 108.18963777800002 -3.0268183329999943, 108.18892055600003 -3.0268183329999943, 108.18892055600003 -3.028321667, 108.18777499999999 -3.028321667, 108.18777499999999 -3.029860278000001, 108.186523889 -3.029860278000001, 108.186523889 -3.030847499999993, 108.19375583300001 -3.030847499999993, 108.19375583300001 -3.0345466669999723, 108.19578444400003 -3.0345466669999723, 108.19578444400003 -3.0364527780000117, 108.19788472200003 -3.0364527780000117, 108.19788472200003 -3.038109167000016, 108.20041444399999 -3.038109167000016, 108.20041444399999 -3.0393325000000004, 108.20201527799998 -3.0393325000000004, 108.20201527799998 -3.0410247219999746, 108.204526111 -3.0410247219999746, 108.204526111 -3.0495597220000263, 108.18856027800001 -3.0495597220000263, 108.18856027800001 -3.0610241670000278, 108.19094555599997 -3.0610241670000278, 108.19094555599997 -3.0583258330000263, 108.19437749999997 -3.0583258330000263, 108.19437749999997 -3.062370278000003, 108.19273750000002 -3.062370278000003, 108.19273750000002 -3.0647261110000272, 108.19398611100002 -3.0647261110000272, 108.19398611100002 -3.067364166999994, 108.19441361100002 -3.067364166999994))",AKTIF
189393,SUMATERA,GUBERNUR,19,KEPULAUAN BANGKA BELITUNG,01,KABUPATEN BANGKA,IUP,PT,PT SUMBER CIPTA MINERATAMA,2119016112023010,24102300813780001                                                                                   ,2024-09-05,2031-09-05,EKSPLORASI,220.62,PASIR KUARSA,6,11,CNC,,,"KELURAHAN REMODONG INDAH, KECAMATAN BELINYU","POLYGON ((105.759722222 -1.555749999999989, 105.75377777800003 -1.555749999999989, 105.75377777800003 -1.5573333329999741, 105.752555556 -1.5573333329999741, 105.752555556 -1.5587222219999717, 105.751361111 -1.5587222219999717, 105.751361111 -1.5595833329999778, 105.75038888900002 -1.5595833329999778, 105.75038888900002 -1.5608611110000083, 105.74977777800001 -1.5608611110000083, 105.74977777800001 -1.561888888999988, 105.74908333299999 -1.561888888999988, 105.74908333299999 -1.5624444439999934, 105.74836111100001 -1.5624444439999934, 105.74836111100001 -1.563111111000012, 105.74783333300002 -1.563111111000012, 105.74783333300002 -1.5637777779999738, 105.747527778 -1.5637777779999738, 105.747527778 -1.5642500000000155, 105.74727777800001 -1.5642500000000155, 105.74727777800001 -1.5651111110000215, 105.74766666699998 -1.5651111110000215, 105.74766666699998 -1.5655833330000064, 105.74808333300001 -1.5655833330000064, 105.74808333300001 -1.5658888890000071, 105.74927777800002 -1.5658888890000071, 105.74927777800002 -1.5690277780000201, 105.75233333300002 -1.5690277780000201, 105.75233333300002 -1.569500000000005, 105.75299999999999 -1.569500000000005, 105.75299999999999 -1.571305556000027, 105.756416667 -1.571305556000027, 105.756416667 -1.573361110999997, 105.759222222 -1.573361110999997, 105.759222222 -1.5759166670000013, 105.766194444 -1.5759166670000013, 105.766194444 -1.5717500000000086, 105.759722222 -1.5717500000000086, 105.759722222 -1.555749999999989))",AKTIF
189421,SUMATERA,GUBERNUR,19,KEPULAUAN BANGKA BELITUNG,01,KABUPATEN BANGKA,IUP,PT,PT NIAGATAMA SARANA SENTOSA,2119016112023011,02112301097360001                                                                                   ,2024-09-05,2031-09-05,EKSPLORASI,441.79,PASIR KUARSA,6,11,CNC,,,"DESA BERBURA, KECAMATAN RIAU SILIP","POLYGON ((105.894527778 -1.8125, 105.85619444399998 -1.8125, 105.85619444399998 -1.8145833329999732, 105.85644444399998 -1.8145833329999732, 105.85644444399998 -1.814944443999991, 105.859916667 -1.814944443999991, 105.859916667 -1.8161944440000184, 105.86200000000002 -1.8161944440000184, 105.86200000000002 -1.8172500000000014, 105.864361111 -1.8172500000000014, 105.864361111 -1.8184722220000253, 105.86736111099998 -1.8184722220000253, 105.86736111099998 -1.8197222219999958, 105.86955555600002 -1.8197222219999958, 105.86955555600002 -1.8207777779999788, 105.87150000000003 -1.8207777779999788, 105.87150000000003 -1.8218611109999756, 105.873861111 -1.8218611109999756, 105.873861111 -1.8228611110000088, 105.87633333299999 -1.8228611110000088, 105.87633333299999 -1.8241944439999997, 105.87774999999999 -1.8241944439999997, 105.87774999999999 -1.8247777779999979, 105.879777778 -1.8247777779999979, 105.879777778 -1.8258611109999947, 105.88175000000001 -1.8258611109999947, 105.88175000000001 -1.8268888889999744, 105.88375000000002 -1.8268888889999744, 105.88375000000002 -1.8274444439999797, 105.885055556 -1.8274444439999797, 105.885055556 -1.8262777780000192, 105.88638888899999 -1.8262777780000192, 105.88638888899999 -1.8256944440000211, 105.88833333299999 -1.8256944440000211, 105.88833333299999 -1.8249999999999886, 105.890583333 -1.8249999999999886, 105.890583333 -1.8243333330000269, 105.89252777799999 -1.8243333330000269, 105.89252777799999 -1.8239444440000057, 105.89361111099998 -1.8239444440000057, 105.89361111099998 -1.8233333329999937, 105.894527778 -1.8233333329999937, 105.894527778 -1.8125))",AKTIF
189422,SUMATERA,GUBERNUR,19,KEPULAUAN BANGKA BELITUNG,01,KABUPATEN BANGKA,IUP,PT,PT DIANTAMA USAHA MANDIRI,2119016112023012,02112300974170001                                                                                   ,2024-09-05,2031-09-05,EKSPLORASI,226.21,PASIR KUARSA,6,11,CNC,,,"KELURAHAN REMODONG INDAH, KECAMATAN BELINYU","POLYGON ((105.77497222199997 -1.543944443999976, 105.77163888899997 -1.543944443999976, 105.77163888899997 -1.5445833329999914, 105.765361111 -1.5445833329999914, 105.765361111 -1.5453055560000166, 105.75983333300002 -1.5453055560000166, 105.75983333300002 -1.545861111000022, 105.76280555599999 -1.545861111000022, 105.76280555599999 -1.5511944439999752, 105.76572222200002 -1.5511944439999752, 105.76572222200002 -1.5597500000000082, 105.76988888900001 -1.5597500000000082, 105.76988888900001 -1.5643333329999791, 105.77550000000002 -1.5643333329999791, 105.77550000000002 -1.5651111110000215, 105.77883333300002 -1.5651111110000215, 105.77883333300002 -1.5584166670000172, 105.77102777800002 -1.5584166670000172, 105.77102777800002 -1.5517222220000235, 105.77497222199997 -1.5517222220000235, 105.77497222199997 -1.543944443999976))",AKTIF
189468,SUMATERA,GUBERNUR,19,KEPULAUAN BANGKA BELITUNG,06,KABUPATEN BELITUNG TIMUR,IUP,PT,PT KARYA EMAS MULTISANI,2119066112020001,188.4/072/ESDM/DPMPTSP/2020                                                                         ,2020-07-22,2030-07-22,OPERASI PRODUKSI,49.58,PASIR KUARSA,6,11,CNC,,,"DESA BATU PENYU, KECAMATAN GANTUNG","POLYGON ((108.19744444399998 -3.052500000000009, 108.192222222 -3.052500000000009, 108.192222222 -3.0538888890000067, 108.190277778 -3.0538888890000067, 108.190277778 -3.0547222220000094, 108.189166667 -3.0547222220000094, 108.189166667 -3.057916666999972, 108.19744444399998 -3.057916666999972, 108.19744444399998 -3.052500000000009))",AKTIF
189474,SUMATERA,GUBERNUR,19,KEPULAUAN BANGKA BELITUNG,06,KABUPATEN BELITUNG TIMUR,WIUP,PT,PT CUAN BERSAMA SILICA,2119066112023201,540/10/WIUP/ESDM_3,2024-11-20,,PENCADANGAN,114.5,PASIR KUARSA,6,11,,,,DESA JANGKAR ASAM DAN DESA BATU PENYU KECAMATAN GANTUNG,"POLYGON ((108.11743944400001 -3.0062500000000227, 108.11743944400001 -3.0087500000000205, 108.11688055600001 -3.0087500000000205, 108.11688055600001 -3.012512221999998, 108.11612611100003 -3.012512221999998, 108.11612611100003 -3.0170855559999836, 108.11044527799999 -3.0170855559999836, 108.11044527799999 -3.019158611000023, 108.12256722199999 -3.019158611000023, 108.12256722199999 -3.0190147220000085, 108.12431361099999 -3.0190147220000085, 108.12431361099999 -3.0148100000000113, 108.11662138899999 -3.0148100000000113, 108.11662138899999 -3.0130325000000084, 108.12364777800002 -3.0130325000000084, 108.12364777800002 -3.0062500000000227, 108.11743944400001 -3.0062500000000227))",AKTIF
189509,SUMATERA,GUBERNUR,19,KEPULAUAN BANGKA BELITUNG,02,KABUPATEN BELITUNG,WIUP,PT,PT INTI MATERIALS UTAMA,2119024242023137,540/11/WIUP/ESDM_3,2024-11-20,,PENCADANGAN,31.0,KAOLIN,4,24,,,,DESA BADAU KECAMATAN BADAU,"POLYGON ((107.75847222200002 -2.8381111109999893, 107.75847222200002 -2.8424722220000262, 107.76427777800001 -2.8424722220000262, 107.76427777800001 -2.8381111109999893, 107.75847222200002 -2.8381111109999893))",AKTIF
189561,SUMATERA,GUBERNUR,19,KEPULAUAN BANGKA BELITUNG,02,KABUPATEN BELITUNG,IUP,PT,PT BILITON MUDA GEMILANG,2119024242023138,06032300643150004                                                                                   ,2024-12-18,2027-12-18,EKSPLORASI,69.38,KAOLIN,4,24,CNC,,,DESA BANTAN KECAMATAN MEMBALONG KABUPATEN BELITUNG PROVINSI KEPULAUAN BANGKA BELITUNG,"POLYGON ((107.72631388899998 -2.9223777779999978, 107.72631388899998 -2.92546527799999, 107.72727250000003 -2.92546527799999, 107.72727250000003 -2.9284288889999743, 107.72487000000001 -2.9284288889999743, 107.72487000000001 -2.932898055999999, 107.725808056 -2.932898055999999, 107.725808056 -2.937761389000002, 107.735930833 -2.937761389000002, 107.735930833 -2.934494722000011, 107.73234166700001 -2.934494722000011, 107.73234166700001 -2.936723610999991, 107.72915027800002 -2.936723610999991, 107.72915027800002 -2.9347891670000195, 107.72795083300002 -2.9347891670000195, 107.72795083300002 -2.933918888999983, 107.72669916699999 -2.933918888999983, 107.72669916699999 -2.9317019439999967, 107.726072778 -2.9317019439999967, 107.726072778 -2.9304686109999807, 107.727581111 -2.9304686109999807, 107.727581111 -2.9283683329999803, 107.729776389 -2.9283683329999803, 107.729776389 -2.929543056, 107.73102 -2.929543056, 107.73102 -2.9289358330000255, 107.73174805600001 -2.9289358330000255, 107.73174805600001 -2.927640832999998, 107.730213333 -2.927640832999998, 107.730213333 -2.9264494440000135, 107.72939416700001 -2.9264494440000135, 107.72939416700001 -2.9223777779999978, 107.72631388899998 -2.9223777779999978))",AKTIF
189603,SUMATERA,GUBERNUR,19,KEPULAUAN BANGKA BELITUNG,06,KABUPATEN BELITUNG TIMUR,IUP,PT,PT BERKAH SUMBER ALAM,2119066112023202,30072200079990002                                                                                   ,2023-09-06,2030-09-06,EKSPLORASI,188.98,PASIR KUARSA,6,11,CNC,,,"DESA GANTUNG DAN DESA BATU PENYU, KECAMATAN GANTUNG","POLYGON ((108.16460444400002 -2.9855811109999877, 108.16460444400002 -2.988638889000015, 108.16027027799998 -2.988638889000015, 108.16027027799998 -2.9905258329999924, 108.15741750000001 -2.9905258329999924, 108.15741750000001 -2.991640277999977, 108.15661444400001 -2.991640277999977, 108.15661444400001 -2.9939369439999837, 108.15384805600002 -2.9939369439999837, 108.15384805600002 -2.9920927780000284, 108.15212500000001 -2.9920927780000284, 108.15212500000001 -2.991587222000021, 108.14985444400003 -2.991587222000021, 108.14985444400003 -2.9927172220000102, 108.151149444 -2.9927172220000102, 108.151149444 -2.9956322219999834, 108.15164305600001 -2.9956322219999834, 108.15164305600001 -2.997476388999985, 108.16000250000002 -2.997476388999985, 108.16000250000002 -2.998725556000011, 108.16333333300003 -2.998725556000011, 108.16333333300003 -2.9973213889999784, 108.16786027799998 -2.9973213889999784, 108.16786027799998 -2.993074999999976, 108.174347222 -2.993074999999976, 108.174347222 -2.9913888890000067, 108.17000000000002 -2.9913888890000067, 108.17000000000002 -2.9855811109999877, 108.16460444400002 -2.9855811109999877))",AKTIF
189607,SUMATERA,GUBERNUR,19,KEPULAUAN BANGKA BELITUNG,06,KABUPATEN BELITUNG TIMUR,WIUP,PT,PT SHUBHA ALAM PERKASA RESOURCES,2119066112024203,540/13/WIUP/ESDM_3,2024-11-20,,PENCADANGAN,40.67,PASIR KUARSA,6,11,,,,DESA BATU PENYU,"POLYGON ((108.149 -2.9989722220000203, 108.149 -3.002999999999986, 108.14699999999999 -3.002999999999986, 108.14699999999999 -3.003988889000027, 108.15629722199998 -3.003988889000027, 108.15629722199998 -3.002386111000021, 108.155852778 -3.002386111000021, 108.155852778 -3.0019416669999828, 108.15526666699998 -3.0019416669999828, 108.15526666699998 -3.001591667000014, 108.154372222 -3.001591667000014, 108.154372222 -2.9989722220000203, 108.149 -2.9989722220000203))",AKTIF
189651,SUMATERA,GUBERNUR,19,KEPULAUAN BANGKA BELITUNG,02,KABUPATEN BELITUNG,IUP,PT,PT BANGUNAN AGUNG,2119026112023145,81200181706610003                                                                                   ,2023-08-28,2030-08-27,EKSPLORASI,139.93,PASIR KUARSA,6,11,CNC,,,"DESA BADAU, KEC. BADAU, KABUPATEN BELITUNG, PROVINSI KEPULAUAN BANGKA BELITUNG,","POLYGON ((107.77037694400002 -2.8139699999999834, 107.76781111100001 -2.8139699999999834, 107.76781111100001 -2.83070361099999, 107.76866027800003 -2.83070361099999, 107.76866027800003 -2.8319999999999936, 107.76922194399998 -2.8319999999999936, 107.76922194399998 -2.832985000000008, 107.78097000000002 -2.832985000000008, 107.78097000000002 -2.83086111099999, 107.77961111100001 -2.83086111099999, 107.77961111100001 -2.829806110999982, 107.77844388900002 -2.829806110999982, 107.77844388900002 -2.8286669440000196, 107.777431111 -2.8286669440000196, 107.777431111 -2.8276669439999864, 107.77654194399997 -2.8276669439999864, 107.77654194399997 -2.8267080559999727, 107.77543111099999 -2.8267080559999727, 107.77543111099999 -2.825638889000004, 107.77318111099999 -2.825638889000004, 107.77318111099999 -2.823528888999988, 107.77208888899997 -2.823528888999988, 107.77208888899997 -2.822803055999998, 107.771177222 -2.822803055999998, 107.771177222 -2.8221108330000106, 107.77037694400002 -2.8221108330000106, 107.77037694400002 -2.8139699999999834))",AKTIF
190084,SUMATERA,GUBERNUR,19,KEPULAUAN BANGKA BELITUNG,02,KABUPATEN BELITUNG,IUP,PT,PT SRIYUDI GLOBALINDO PERKASA,3119024242015127,91202049303450002                                                                                   ,2023-08-18,2029-10-01,OPERASI PRODUKSI,199.7,KAOLIN,4,24,CNC,,,KECAMATAN BADAU,"POLYGON ((107.73423611099997 -2.814166666999995, 107.73423611099997 -2.8247222219999912, 107.73829722200003 -2.8247222219999912, 107.73829722200003 -2.8289666669999747, 107.73975000000002 -2.8289666669999747, 107.73975000000002 -2.8277277779999963, 107.73920277799999 -2.8277277779999963, 107.73920277799999 -2.8231999999999857, 107.74061666699998 -2.8231999999999857, 107.74061666699998 -2.822819444000004, 107.741094444 -2.822819444000004, 107.741094444 -2.822511110999983, 107.741758333 -2.822511110999983, 107.741758333 -2.8221750000000156, 107.742313889 -2.8221750000000156, 107.742313889 -2.821847221999974, 107.74292500000001 -2.821847221999974, 107.74292500000001 -2.8215111110000066, 107.74356111100002 -2.8215111110000066, 107.74356111100002 -2.821177777999992, 107.74411944399998 -2.821177777999992, 107.74411944399998 -2.820875000000001, 107.74493888900003 -2.820875000000001, 107.74493888900003 -2.824299999999994, 107.74454166700002 -2.824299999999994, 107.74454166700002 -2.825269444000014, 107.74403888900002 -2.825269444000014, 107.74403888900002 -2.8268777779999823, 107.74368611099999 -2.8268777779999823, 107.74368611099999 -2.8290416670000127, 107.74549999999999 -2.8290416670000127, 107.74549999999999 -2.8189722220000135, 107.74650277799998 -2.8189722220000135, 107.74650277799998 -2.8180555559999902, 107.75125000000003 -2.8180555559999902, 107.75125000000003 -2.812074999999993, 107.740277778 -2.812074999999993, 107.740277778 -2.814166666999995, 107.73423611099997 -2.814166666999995))",AKTIF
190176,SUMATERA,GUBERNUR,19,KEPULAUAN BANGKA BELITUNG,03,BANGKA SELATAN,IUP,PT,PT BASEL MINING SEJAHTERA,3119032112014076,188.44/446.H/ESDM/2017,2017-02-25,2037-02-24,OPERASI PRODUKSI,1697.0,TIMAH,2,11,CNC-22,,,DESA DELAS . AIR GEGAS,"POLYGON ((106.28321388900002 -2.7953888889999803, 106.30680000000001 -2.7953888889999803, 106.30680000000001 -2.7865972220000117, 106.318188889 -2.7865972220000117, 106.318188889 -2.772058333000018, 106.33674444399998 -2.772058333000018, 106.33674444399998 -2.7627111109999873, 106.33212500000002 -2.7627111109999873, 106.33212500000002 -2.7594722219999994, 106.28321388900002 -2.7594722219999994, 106.28321388900002 -2.7953888889999803))",AKTIF
190184,SUMATERA,GUBERNUR,19,KEPULAUAN BANGKA BELITUNG,02,KABUPATEN BELITUNG,IUP,PT,PT MITRA CININDO PERKASA,2119025382023001,29072301168220002                                                                                   ,2023-10-02,2028-11-28,OPERASI PRODUKSI,51.11,PASIR URUG,5,38,CNC,,,DESA CERUCUK KECAMATAN BADAU,"POLYGON ((107.71978333300001 -2.821255555999983, 107.71978333300001 -2.8224444439999843, 107.72044444400001 -2.8224444439999843, 107.72044444400001 -2.8323055559999943, 107.73055555600001 -2.8323055559999943, 107.73055555600001 -2.828444444000013, 107.729930556 -2.828444444000013, 107.729930556 -2.831177777999983, 107.72738611099999 -2.831177777999983, 107.72738611099999 -2.8308999999999855, 107.72702222200002 -2.8308999999999855, 107.72702222200002 -2.830197221999981, 107.72668333299998 -2.830197221999981, 107.72668333299998 -2.829877778000025, 107.72634166699999 -2.829877778000025, 107.72634166699999 -2.82952222199998, 107.72582222199998 -2.82952222199998, 107.72582222199998 -2.8290833330000282, 107.72519722200002 -2.8290833330000282, 107.72519722200002 -2.828480555999988, 107.72423611099998 -2.828480555999988, 107.72423611099998 -2.8271805559999734, 107.72207500000002 -2.8271805559999734, 107.72207500000002 -2.825213888999997, 107.721183333 -2.825213888999997, 107.721183333 -2.8205611110000177, 107.72037499999999 -2.8205611110000177, 107.72037499999999 -2.821255555999983, 107.71978333300001 -2.821255555999983))",AKTIF
190266,SUMATERA,GUBERNUR,19,KEPULAUAN BANGKA BELITUNG,06,KABUPATEN BELITUNG TIMUR,IUP,PT,PT JABEL TRI BERSAUDARA,2119065182019001,188.4/461/ESDM/DPMPTSP/2019                                                                         ,2019-09-30,2029-09-30,OPERASI PRODUKSI,187.8,TANAH LIAT,5,18,CNC,,,DESA LIMBONGAN KECAMATAN GANTUNG,"POLYGON ((108.15559722199998 -3.080555555999979, 108.14963055599998 -3.080555555999979, 108.14963055599998 -3.0834444440000084, 108.14808333299999 -3.0834444440000084, 108.14808333299999 -3.0854722220000212, 108.14999999999998 -3.0854722220000212, 108.14999999999998 -3.0937222219999967, 108.15313888899999 -3.0937222219999967, 108.15313888899999 -3.0952777780000247, 108.146527778 -3.0952777780000247, 108.146527778 -3.0981388889999835, 108.14030555599999 -3.0981388889999835, 108.14030555599999 -3.1009166669999786, 108.138652778 -3.1009166669999786, 108.138652778 -3.1041666670000154, 108.13997222199998 -3.1041666670000154, 108.13997222199998 -3.1061111110000184, 108.140888889 -3.1061111110000184, 108.140888889 -3.1077222220000067, 108.14298611100003 -3.1077222220000067, 108.14298611100003 -3.1070833329999914, 108.1445 -3.1070833329999914, 108.1445 -3.1035694440000157, 108.15229166699999 -3.1035694440000157, 108.15229166699999 -3.099583332999998, 108.15452777799999 -3.099583332999998, 108.15452777799999 -3.0935138890000076, 108.15027777799997 -3.0935138890000076, 108.15027777799997 -3.0857638890000203, 108.15559722199998 -3.0857638890000203, 108.15559722199998 -3.080555555999979))",AKTIF
191571,SUMATERA,GUBERNUR,19,KEPULAUAN BANGKA BELITUNG,06,KABUPATEN BELITUNG TIMUR,IUP,PT,PT PRIMA BUNDIARTA NUSA,2119066112018002,188.4/284/ESDM/DPMPTSP/2018                                                                         ,2018-06-04,2028-06-04,OPERASI PRODUKSI,92.0,PASIR KUARSA,6,11,CNC,,,DESA TANJUNG BATU ITAM KEC. SIMPANG PESAK,"POLYGON ((108.02213888900002 -3.189777778000007, 108.02213888900002 -3.1921944439999947, 108.035138889 -3.1921944439999947, 108.035138889 -3.1947777780000024, 108.04244444400001 -3.1947777780000024, 108.04244444400001 -3.1907222219999767, 108.04177777799998 -3.1907222219999767, 108.04177777799998 -3.1905555559999925, 108.04094444399999 -3.1905555559999925, 108.04094444399999 -3.1903333330000123, 108.04005555600003 -3.1903333330000123, 108.04005555600003 -3.1901111110000215, 108.039055556 -3.1901111110000215, 108.039055556 -3.1898611110000274, 108.03813888899998 -3.1898611110000274, 108.03813888899998 -3.1896111109999765, 108.03616666699997 -3.1896111109999765, 108.03616666699997 -3.1892500000000155, 108.03508333299999 -3.1892500000000155, 108.03508333299999 -3.1890277780000247, 108.03416666700002 -3.1890277780000247, 108.03416666700002 -3.1888888889999976, 108.03308333299998 -3.1888888889999976, 108.03308333299998 -3.1886944440000207, 108.031805556 -3.1886944440000207, 108.031805556 -3.1885277779999797, 108.02800000000002 -3.1885277779999797, 108.02800000000002 -3.189777778000007, 108.02213888900002 -3.189777778000007))",AKTIF
191861,SUMATERA,GUBERNUR,19,KEPULAUAN BANGKA BELITUNG,02,KABUPATEN BELITUNG,IUP,CV,CV PANDU BELITUNG MAKMUR,2119026112023149,27122200158310001                                                                                   ,2023-03-20,2030-03-20,EKSPLORASI,39.53,PASIR KUARSA,6,11,CNC,,,"DESA PADANG KANDIS, KECAMATAN MEMBALONG","POLYGON ((107.65996388899998 -3.209666667000022, 107.65996388899998 -3.214094444000011, 107.65666666700002 -3.214094444000011, 107.65666666700002 -3.2161944439999957, 107.65357222199998 -3.2161944439999957, 107.65357222199998 -3.2176222219999886, 107.659625 -3.2176222219999886, 107.659625 -3.216000000000008, 107.66144722199999 -3.216000000000008, 107.66144722199999 -3.214430556000025, 107.66270833300001 -3.214430556000025, 107.66270833300001 -3.2127249999999776, 107.66368888900001 -3.2127249999999776, 107.66368888900001 -3.2114944439999817, 107.66273611100002 -3.2114944439999817, 107.66273611100002 -3.209666667000022, 107.65996388899998 -3.209666667000022))",AKTIF
191885,SUMATERA,GUBERNUR,19,KEPULAUAN BANGKA BELITUNG,06,KABUPATEN BELITUNG TIMUR,IUP,PT,PT BUMI ORE SEJAHTERA,2119066112023203,07122100456620001                                                                                   ,2023-01-20,2030-01-20,EKSPLORASI,49.91,PASIR KUARSA,6,11,CNC,,,"DESA SUKAMANDI, KECAMATAN DAMAR, KABUPATEN BELITUNG TIMUR, PROVINSI KEPULAUAN BANGKA BELITUNG","POLYGON ((108.234427778 -2.8388499999999794, 108.234427778 -2.842655556000011, 108.24504444399997 -2.842655556000011, 108.24504444399997 -2.8388499999999794, 108.234427778 -2.8388499999999794))",AKTIF
192366,SUMATERA,GUBERNUR,19,KEPULAUAN BANGKA BELITUNG,02,KABUPATEN BELITUNG,WIUP,PT,PT CAIRO CAOLIN RESOURCES,2119024242024139,540/14/WIUP/ESDM_3,2024-11-26,,PENCADANGAN,1228.9,KAOLIN,4,24,,,,"DESA CERUCUK, BADAU DAN BANTAN KECAMATAN MEMBALONG DAN BADAU","POLYGON ((107.7416 -2.838199999999972, 107.7185 -2.838199999999972, 107.7185 -2.852800000000002, 107.70850000000002 -2.852800000000002, 107.70850000000002 -2.856400000000008, 107.69369999999998 -2.856400000000008, 107.69369999999998 -2.8407000000000266, 107.69069444399997 -2.8407000000000266, 107.69069444399997 -2.861388889000011, 107.68419999999998 -2.861388889000011, 107.68419999999998 -2.8636999999999944, 107.6866 -2.8636999999999944, 107.6866 -2.869700000000023, 107.68419999999998 -2.869700000000023, 107.68419999999998 -2.8765000000000214, 107.70710000000003 -2.8765000000000214, 107.70710000000003 -2.8634999999999877, 107.71660000000003 -2.8634999999999877, 107.71660000000003 -2.8729999999999905, 107.72789999999998 -2.8729999999999905, 107.72789999999998 -2.856200000000001, 107.72590000000002 -2.856200000000001, 107.72590000000002 -2.850599999999986, 107.7269 -2.850599999999986, 107.7269 -2.849199999999996, 107.7287 -2.849199999999996, 107.7287 -2.848099999999988, 107.72980000000001 -2.848099999999988, 107.72980000000001 -2.8466999999999985, 107.7319 -2.8466999999999985, 107.7319 -2.845799999999997, 107.73329999999999 -2.845799999999997, 107.73329999999999 -2.844699999999989, 107.73430000000002 -2.844699999999989, 107.73430000000002 -2.8430999999999926, 107.73610000000002 -2.8430999999999926, 107.73610000000002 -2.841700000000003, 107.7416 -2.841700000000003, 107.7416 -2.838199999999972))",AKTIF
192367,SUMATERA,GUBERNUR,19,KEPULAUAN BANGKA BELITUNG,02,KABUPATEN BELITUNG,IUP,PT,PT SILIKA UTAMA MAKMUR,2119026112024150,09092300181010002                                                                                   ,2024-12-13,2031-12-13,EKSPLORASI,312.62,PASIR KUARSA,6,11,CNC,,,"DESA LASSAR, DESA/KELURAHAN LASSAR, KEC. MEMBALONG, KABUPATEN BELITUNG, PROVINSI KEPULAUAN BANGKA BELITUNG, KODE POS: 33452","POLYGON ((107.622964722 -3.0004444439999816, 107.622964722 -3.0074316669999916, 107.626588056 -3.0074316669999916, 107.626588056 -3.023023889000001, 107.63612888900002 -3.023023889000001, 107.63612888900002 -3.02002055600002, 107.64020555600001 -3.02002055600002, 107.64020555600001 -3.0181555560000106, 107.639898889 -3.0181555560000106, 107.639898889 -3.0119516670000053, 107.64479666699998 -3.0119516670000053, 107.64479666699998 -3.0115499999999997, 107.64514527799997 -3.0115499999999997, 107.64514527799997 -3.008390555999995, 107.62991416699998 -3.008390555999995, 107.62991416699998 -3.0004444439999816, 107.622964722 -3.0004444439999816))",AKTIF
192368,SUMATERA,GUBERNUR,19,KEPULAUAN BANGKA BELITUNG,02,KABUPATEN BELITUNG,WIUP,PT,PT ASIA POWER SEJAHTERA,2119024242024140,540/16/WIUP/ESDM_3,2024-11-26,,PENCADANGAN,180.0,KAOLIN,4,24,,,,DESA SIJUK KECAMATAN SIJUK,"POLYGON ((107.788085556 -2.593296667000004, 107.800282778 -2.593296667000004, 107.800282778 -2.6015355559999875, 107.812693889 -2.6015355559999875, 107.812693889 -2.5972244440000054, 107.81511888900002 -2.5972244440000054, 107.81511888900002 -2.5924327779999885, 107.793246667 -2.5924327779999885, 107.793246667 -2.5904716669999743, 107.788085556 -2.5904716669999743, 107.788085556 -2.593296667000004))",AKTIF
192384,SUMATERA,GUBERNUR,19,KEPULAUAN BANGKA BELITUNG,06,KABUPATEN BELITUNG TIMUR,IUP,PT,PT AIRA SILIKA BILITON,2119066112024204,20102300698760005                                                                                   ,2024-12-30,2031-12-29,EKSPLORASI,245.52,PASIR KUARSA,6,11,CNC,,,"DESA MAYANG, DESA/KELURAHAN MAYANG, KEC. KELAPA KAMPIT, KABUPATEN
BELITUNG TIMUR, PROVINSI KEPULAUAN BANGKA BELITUNG","POLYGON ((108.09510444400001 -2.690943611000023, 108.09376222200001 -2.690943611000023, 108.09376222200001 -2.6939352780000263, 108.10153833300001 -2.6939352780000263, 108.10153833300001 -2.6932494440000028, 108.11998027800001 -2.6932494440000028, 108.11998027800001 -2.6849297219999926, 108.11545305599998 -2.6849297219999926, 108.11545305599998 -2.6836961110000175, 108.107965278 -2.6836961110000175, 108.107965278 -2.685196388999998, 108.10254805599999 -2.685196388999998, 108.10254805599999 -2.686612777999983, 108.100673056 -2.686612777999983, 108.100673056 -2.687723333000008, 108.098326111 -2.687723333000008, 108.098326111 -2.688778610999975, 108.09633972199998 -2.688778610999975, 108.09633972199998 -2.6899047219999943, 108.09510444400001 -2.6899047219999943, 108.09510444400001 -2.690943611000023))",AKTIF
192391,SUMATERA,GUBERNUR,19,KEPULAUAN BANGKA BELITUNG,04,KABUPATEN BANGKA TENGAH,WIUP,PT,PT KUARSA BABEL MAJU,2119046112024005,540/22/WIUP/ESDM_3,2024-12-10,,PENCADANGAN,4358.4,PASIR KUARSA,6,11,,,,"SUNGKAP, CAMBAI, KERAKAS DAN NAMANG","POLYGON ((106.13509333299999 -2.293542500000001, 106.13509333299999 -2.3016694440000265, 106.13352583300002 -2.3016694440000265, 106.13352583300002 -2.2993549999999914, 106.13229388899998 -2.2993549999999914, 106.13229388899998 -2.2961611110000035, 106.13285305599999 -2.2961611110000035, 106.13285305599999 -2.294209722000005, 106.130628333 -2.294209722000005, 106.130628333 -2.2913899999999785, 106.11027999999999 -2.2913899999999785, 106.11027999999999 -2.296221944000024, 106.11669999999998 -2.296221944000024, 106.11669999999998 -2.2991700000000037, 106.12443999999999 -2.2991700000000037, 106.12443999999999 -2.303609999999992, 106.13222000000002 -2.303609999999992, 106.13222000000002 -2.3158300000000054, 106.13443999999998 -2.3158300000000054, 106.13443999999998 -2.319999999999993, 106.14666999999997 -2.319999999999993, 106.14666999999997 -2.3363899999999944, 106.17221999999998 -2.3363899999999944, 106.17221999999998 -2.3655600000000163, 106.17388999999997 -2.3655600000000163, 106.17388999999997 -2.3961100000000215, 106.18027999999998 -2.3961100000000215, 106.18027999999998 -2.3597199999999816, 106.19056 -2.3597199999999816, 106.19056 -2.3700000000000045, 106.20443999999998 -2.3700000000000045, 106.20443999999998 -2.338329999999985, 106.195 -2.338329999999985, 106.195 -2.331389999999999, 106.18610999999999 -2.331389999999999, 106.18610999999999 -2.3258299999999963, 106.17971999999997 -2.3258299999999963, 106.17971999999997 -2.334169999999972, 106.17471999999998 -2.334169999999972, 106.17471999999998 -2.3319399999999746, 106.15361555599998 -2.3319399999999746, 106.15361555599998 -2.319999999999993, 106.17444 -2.319999999999993, 106.17444 -2.2991700000000037, 106.19110999999998 -2.2991700000000037, 106.19110999999998 -2.316669999999988, 106.20443999999998 -2.316669999999988, 106.20443999999998 -2.286389999999983, 106.19999999999999 -2.286389999999983, 106.19999999999999 -2.2938899999999762, 106.18666999999999 -2.2938899999999762, 106.18666999999999 -2.2838899999999853, 106.18194 -2.2838899999999853, 106.18194 -2.276670000000024, 106.177777778 -2.276670000000024, 106.177777778 -2.294444444000021, 106.15972333299999 -2.294444444000021, 106.15972333299999 -2.276670000000024, 106.14693999999997 -2.276670000000024, 106.14693999999997 -2.2825000000000273, 106.14139 -2.2825000000000273, 106.14139 -2.2913899999999785, 106.13249472199999 -2.2913899999999785, 106.13249472199999 -2.293542500000001, 106.13509333299999 -2.293542500000001))",AKTIF
192392,SUMATERA,GUBERNUR,19,KEPULAUAN BANGKA BELITUNG,02,KABUPATEN BELITUNG,WIUP,PT,PT KUARSA BELITUNG MAJU,2119026112024151,540/20/WIUP/ESDM_3,2024-12-10,,PENCADANGAN,1571.5,PASIR KUARSA,6,11,,,,"BADAU, BANTAN, CERUCUK, DUKONG, SUNGAI SAMAK   DAN SEKITARNYA","POLYGON ((107.67833333300001 -2.796666667000011, 107.67833333300001 -2.817222221999998, 107.66416666700002 -2.817222221999998, 107.66416666700002 -2.8269444439999916, 107.64555555599998 -2.8269444439999916, 107.64555555599998 -2.828055555999981, 107.63499999999999 -2.828055555999981, 107.63499999999999 -2.8269444439999916, 107.60916666700001 -2.8269444439999916, 107.60916666700001 -2.8302777779999815, 107.61944444400001 -2.8302777779999815, 107.61944444400001 -2.831944443999987, 107.63527777799999 -2.831944443999987, 107.63527777799999 -2.8413888889999726, 107.625833333 -2.8413888889999726, 107.625833333 -2.851111111000023, 107.62194444400001 -2.851111111000023, 107.62194444400001 -2.8533333330000232, 107.61166666700001 -2.8533333330000232, 107.61166666700001 -2.857500000000016, 107.623888889 -2.857500000000016, 107.623888889 -2.8608333330000164, 107.628333333 -2.8608333330000164, 107.628333333 -2.853888889000018, 107.633333333 -2.853888889000018, 107.633333333 -2.8519444440000257, 107.63777777799999 -2.8519444440000257, 107.63777777799999 -2.847500000000025, 107.64222222199999 -2.847500000000025, 107.64222222199999 -2.8450000000000273, 107.64638888899998 -2.8450000000000273, 107.64638888899998 -2.841666667000027, 107.67305555600001 -2.841666667000027, 107.67305555600001 -2.8466666670000222, 107.675555556 -2.8466666670000222, 107.675555556 -2.852777778000018, 107.67833333300001 -2.852777778000018, 107.67833333300001 -2.856666667000013, 107.6825 -2.856666667000013, 107.6825 -2.8608333330000164, 107.689722222 -2.8608333330000164, 107.689722222 -2.8413888889999726, 107.635833333 -2.8413888889999726, 107.635833333 -2.831944443999987, 107.64694444399998 -2.831944443999987, 107.64694444399998 -2.828888888999984, 107.67138888900001 -2.828888888999984, 107.67138888900001 -2.830833332999987, 107.688888889 -2.830833332999987, 107.688888889 -2.796666667000011, 107.67833333300001 -2.796666667000011))",AKTIF
192393,SUMATERA,GUBERNUR,19,KEPULAUAN BANGKA BELITUNG,06,KABUPATEN BELITUNG TIMUR,WIUP,PT,PT KUARSA BELITUNG SUKSES,2119066112024205,540/23/WIUP/ESDM_3,2024-12-10,,PENCADANGAN,1793.0,PASIR KUARSA,6,11,,,,"DESA JANGKAR ASAM, LIMBONGAN,   LILANGAN DAN SEKITARNYA, KEC. GANTUNG","POLYGON ((108.07138888899999 -3.042916666999986, 108.07038888900001 -3.042916666999986, 108.07038888900001 -3.0438888890000158, 108.06930555600002 -3.0438888890000158, 108.06930555600002 -3.046555555999987, 108.06805555599999 -3.046555555999987, 108.06805555599999 -3.0488055559999907, 108.066388889 -3.0488055559999907, 108.066388889 -3.0522777780000183, 108.06375000000003 -3.0522777780000183, 108.06375000000003 -3.055277778000004, 108.06 -3.055277778000004, 108.06 -3.0576111110000284, 108.05461111099999 -3.0576111110000284, 108.05461111099999 -3.0592777780000233, 108.05099999999999 -3.0592777780000233, 108.05099999999999 -3.062638889000027, 108.04052777800001 -3.062638889000027, 108.04052777800001 -3.0852499999999736, 108.05799999999999 -3.0852499999999736, 108.05799999999999 -3.0889999999999986, 108.03472222200003 -3.0889999999999986, 108.03472222200003 -3.1025000000000205, 108.04638888900001 -3.1025000000000205, 108.04638888900001 -3.097500000000025, 108.054166667 -3.097500000000025, 108.054166667 -3.0933333329999755, 108.059166667 -3.0933333329999755, 108.059166667 -3.0886111109999774, 108.063055556 -3.0886111109999774, 108.063055556 -3.084722221999982, 108.09249999999997 -3.084722221999982, 108.09249999999997 -3.078333332999989, 108.08805555599997 -3.078333332999989, 108.08805555599997 -3.0749999999999886, 108.08388888899998 -3.0749999999999886, 108.08388888899998 -3.069999999999993, 108.07777777799998 -3.069999999999993, 108.07777777799998 -3.059722222000005, 108.07138888899999 -3.059722222000005, 108.07138888899999 -3.042916666999986))",AKTIF
192432,SUMATERA,GUBERNUR,19,KEPULAUAN BANGKA BELITUNG,02,KABUPATEN BELITUNG,WIUP,PT,PT SANDEIR SETIA BROTHERS,2119026112024152,540/17/WIUP/ESDM_3,2024-11-26,,PENCADANGAN,19.2,PASIR KUARSA,6,11,,,,PADANG KANDIS,"POLYGON ((107.61751666700002 -3.1747500000000173, 107.61751666700002 -3.1756305559999873, 107.618608333 -3.1756305559999873, 107.618608333 -3.175147222000021, 107.61903611100001 -3.175147222000021, 107.61903611100001 -3.1747277779999763, 107.61957777800001 -3.1747277779999763, 107.61957777800001 -3.17423888899998, 107.62038611100002 -3.17423888899998, 107.62038611100002 -3.1747194440000044, 107.62079999999997 -3.1747194440000044, 107.62079999999997 -3.1753361109999787, 107.621188889 -3.1753361109999787, 107.621188889 -3.175997221999978, 107.62159722199999 -3.175997221999978, 107.62159722199999 -3.176505555999995, 107.622102778 -3.176505555999995, 107.622102778 -3.1773444440000276, 107.62261666699999 -3.1773444440000276, 107.62261666699999 -3.178122222000013, 107.623041667 -3.178122222000013, 107.623041667 -3.178741666999997, 107.62322499999999 -3.178741666999997, 107.62322499999999 -3.1793388890000074, 107.62282222200002 -3.1793388890000074, 107.62282222200002 -3.180774999999983, 107.62500277800001 -3.180774999999983, 107.62500277800001 -3.178222221999988, 107.62469166699998 -3.178222221999988, 107.62469166699998 -3.177380556000003, 107.62442222200002 -3.177380556000003, 107.62442222200002 -3.176538889000028, 107.62417777799999 -3.176538889000028, 107.62417777799999 -3.1759833329999765, 107.62364166700002 -3.1759833329999765, 107.62364166700002 -3.175561110999979, 107.62258611099998 -3.175561110999979, 107.62258611099998 -3.1750388890000067, 107.62139166700001 -3.1750388890000067, 107.62139166700001 -3.1743305559999726, 107.620686111 -3.1743305559999726, 107.620686111 -3.174111111000002, 107.62036388899998 -3.174111111000002, 107.62036388899998 -3.1738166669999828, 107.62002777800001 -3.1738166669999828, 107.62002777800001 -3.173663889000011, 107.61848055600001 -3.173663889000011, 107.61848055600001 -3.1747500000000173, 107.61751666700002 -3.1747500000000173))",AKTIF
192437,SUMATERA,GUBERNUR,19,KEPULAUAN BANGKA BELITUNG,02,KABUPATEN BELITUNG,WIUP,PT,PT KARYA INVESTAMA MANDIRI,2119024242024141,540/19/WIUP/ESDM_3,2024-11-26,,PENCADANGAN,78.3,KAOLIN,4,24,,,,BADAU,"POLYGON ((107.80722222200001 -2.8259555559999967, 107.80874999999997 -2.8259555559999967, 107.80874999999997 -2.825277777999986, 107.814722222 -2.825277777999986, 107.814722222 -2.826149999999984, 107.81619444400002 -2.826149999999984, 107.81619444400002 -2.8269166669999777, 107.817527778 -2.8269166669999777, 107.817527778 -2.8274999999999864, 107.820861111 -2.8274999999999864, 107.820861111 -2.828666666999993, 107.82249999999999 -2.828666666999993, 107.82249999999999 -2.8313888889999816, 107.823333333 -2.8313888889999816, 107.823333333 -2.8327222219999726, 107.824444444 -2.8327222219999726, 107.824444444 -2.833861110999976, 107.825583333 -2.833861110999976, 107.825583333 -2.834694443999979, 107.82707222200003 -2.834694443999979, 107.82707222200003 -2.8355555559999743, 107.83105555600002 -2.8355555559999743, 107.83105555600002 -2.83183333300002, 107.82552777799998 -2.83183333300002, 107.82552777799998 -2.8250555559999952, 107.80722222200001 -2.8250555559999952, 107.80722222200001 -2.8259555559999967))",AKTIF
192438,SUMATERA,GUBERNUR,19,KEPULAUAN BANGKA BELITUNG,02,KABUPATEN BELITUNG,WIUP,CV,CV CAHAYA MANDIRI GEMILANG,2119024242024142,540/18/WIUP/ESDM_3,2024-11-26,,PENCADANGAN,62.7,KAOLIN,4,24,,,,BADAU ,"POLYGON ((107.825638889 -2.8317277780000154, 107.83112499999999 -2.8317277780000154, 107.83112499999999 -2.835527778000028, 107.83241666700002 -2.835527778000028, 107.83241666700002 -2.834238889000005, 107.83373055599998 -2.834238889000005, 107.83373055599998 -2.8329666669999938, 107.83553611100001 -2.8329666669999938, 107.83553611100001 -2.8274999999999864, 107.83491666700002 -2.8274999999999864, 107.83491666700002 -2.8282916669999736, 107.83448611099999 -2.8282916669999736, 107.83448611099999 -2.8296666670000263, 107.83181944400002 -2.8296666670000263, 107.83181944400002 -2.829355555999996, 107.83054166699998 -2.829355555999996, 107.83054166699998 -2.8287500000000136, 107.829194444 -2.8287500000000136, 107.829194444 -2.8250555559999952, 107.825638889 -2.8250555559999952, 107.825638889 -2.8317277780000154))",AKTIF
193005,SUMATERA,GUBERNUR,19,KEPULAUAN BANGKA BELITUNG,02,KABUPATEN BELITUNG,WIUP,PT,PT BILITON SUMBER SILIKA,2119026112024153,540/24/WIUP/ESDM_3,2024-12-10,,PENCADANGAN,856.45,PASIR KUARSA,6,11,,,,DESA SIMPANG RUSA KECAMATAN MEMBALONG,"POLYGON ((107.65844499999997 -2.9279708330000176, 107.65844499999997 -2.9367219439999985, 107.64580055599998 -2.9367219439999985, 107.64580055599998 -2.9510644439999965, 107.650135278 -2.9510644439999965, 107.650135278 -2.9596758330000057, 107.6602125 -2.9596758330000057, 107.6602125 -2.964423055999987, 107.67432527800003 -2.964423055999987, 107.67432527800003 -2.944696943999986, 107.666763333 -2.944696943999986, 107.666763333 -2.9279708330000176, 107.65844499999997 -2.9279708330000176))",AKTIF
193092,SUMATERA,GUBERNUR,19,KEPULAUAN BANGKA BELITUNG,02,KABUPATEN BELITUNG,IUP,PT,PT BILITON SILIKA LESTARI,2119026112024154,27042300869460002                                                                                   ,2025-01-23,2032-01-23,EKSPLORASI,92.09,PASIR KUARSA,6,11,CNC,,,"DESA MENTIGI, DESA/KELURAHAN MENTIGI, KEC. MEMBALONG, KABUPATEN BELITUNG, PROVINSI KEPULAUAN BANGKA BELITUNG, KODE POS: 33452","POLYGON ((107.658666111 -3.1750530560000243, 107.66682805599999 -3.1750530560000243, 107.66682805599999 -3.1734425000000215, 107.66746999999998 -3.1734425000000215, 107.66746999999998 -3.1725250000000074, 107.66795361099997 -3.1725250000000074, 107.66795361099997 -3.170819444000017, 107.66845749999999 -3.170819444000017, 107.66845749999999 -3.169781666999995, 107.667875278 -3.169781666999995, 107.667875278 -3.1696099999999774, 107.667273889 -3.1696099999999774, 107.667273889 -3.169363056000009, 107.66630138900001 -3.169363056000009, 107.66630138900001 -3.1691358329999844, 107.66514027800002 -3.1691358329999844, 107.66514027800002 -3.168630833000009, 107.66450444399999 -3.168630833000009, 107.66450444399999 -3.168290555999988, 107.66379111100002 -3.168290555999988, 107.66379111100002 -3.1679788889999827, 107.66298527800001 -3.1679788889999827, 107.66298527800001 -3.167518056000006, 107.66193777799998 -3.167518056000006, 107.66193777799998 -3.166981667000016, 107.661173056 -3.166981667000016, 107.661173056 -3.1665686110000024, 107.66003805600002 -3.1665686110000024, 107.66003805600002 -3.166164999999978, 107.659320278 -3.166164999999978, 107.659320278 -3.1656886110000073, 107.65758222199997 -3.1656886110000073, 107.65758222199997 -3.1659200000000283, 107.657380278 -3.1659200000000283, 107.657380278 -3.166121943999997, 107.65722111100001 -3.166121943999997, 107.65722111100001 -3.166260833000024, 107.65711083299999 -3.166260833000024, 107.65711083299999 -3.166369999999972, 107.657022778 -3.166369999999972, 107.657022778 -3.1664158329999736, 107.65698805599999 -3.1664158329999736, 107.65698805599999 -3.166501389000018, 107.65692111099997 -3.166501389000018, 107.65692111099997 -3.1667219440000167, 107.656746667 -3.1667219440000167, 107.656746667 -3.1669200000000046, 107.65659 -3.1669200000000046, 107.65659 -3.1671319440000048, 107.65642277799998 -3.1671319440000048, 107.65642277799998 -3.167418055999974, 107.65619694399999 -3.167418055999974, 107.65619694399999 -3.167782778000003, 107.65590833300001 -3.167782778000003, 107.65590833300001 -3.168021667000005, 107.65572166700002 -3.168021667000005, 107.65572166700002 -3.1682219439999812, 107.65556055600001 -3.1682219439999812, 107.65556055600001 -3.16829777800001, 107.65549777799998 -3.16829777800001, 107.65549777799998 -3.1683461110000053, 107.6554625 -3.1683461110000053, 107.6554625 -3.168427778000023, 107.655605278 -3.168427778000023, 107.655605278 -3.168530832999977, 107.655785278 -3.168530832999977, 107.655785278 -3.168655278000017, 107.656078611 -3.168655278000017, 107.656078611 -3.1688719439999886, 107.65671111099999 -3.1688719439999886, 107.65671111099999 -3.1693297219999863, 107.65729527799999 -3.1693297219999863, 107.65729527799999 -3.16968194399999, 107.65775527800002 -3.16968194399999, 107.65775527800002 -3.1699241669999765, 107.65858027799999 -3.1699241669999765, 107.65858027799999 -3.1709941670000035, 107.65824583300002 -3.1709941670000035, 107.65824583300002 -3.173578888999998, 107.658666111 -3.173578888999998, 107.658666111 -3.1750530560000243))",AKTIF
193094,SUMATERA,GUBERNUR,19,KEPULAUAN BANGKA BELITUNG,02,KABUPATEN BELITUNG,IUP,PT,PT SILIKA INDO GEMILANG,2119026112024155,11102300229970003                                                                                   ,2025-01-23,2032-01-23,EKSPLORASI,1226.31,PASIR KUARSA,6,11,CNC,,,"DESA KEMBIRI, DESA/KELURAHAN KEMBIRI, KEC. MEMBALONG, KABUPATEN BELITUNG, PROVINSI KEPULAUAN BANGKA BELITUNG, KODE POS: 33452","POLYGON ((107.83898777799999 -3.0467911110000045, 107.83657222199997 -3.0467911110000045, 107.83657222199997 -3.051048610999999, 107.83506833299998 -3.051048610999999, 107.83506833299998 -3.053450555999973, 107.832256944 -3.053450555999973, 107.832256944 -3.0566194439999776, 107.834444722 -3.0566194439999776, 107.834444722 -3.054761111000005, 107.83693 -3.054761111000005, 107.83693 -3.052763889000005, 107.83950055600002 -3.052763889000005, 107.83950055600002 -3.0497500000000173, 107.844436944 -3.0497500000000173, 107.844436944 -3.046111111000016, 107.85001833299998 -3.046111111000016, 107.85001833299998 -3.0440480560000083, 107.85391666700002 -3.0440480560000083, 107.85391666700002 -3.038841944000012, 107.858588333 -3.038841944000012, 107.858588333 -3.03590250000002, 107.86289888900001 -3.03590250000002, 107.86289888900001 -3.027187222000009, 107.86141777799997 -3.027187222000009, 107.86141777799997 -3.01496666700001, 107.85489666699999 -3.01496666700001, 107.85489666699999 -3.0131472219999864, 107.844027778 -3.0131472219999864, 107.844027778 -3.0066438889999745, 107.83999444400001 -3.0066438889999745, 107.83999444400001 -3.0117777780000097, 107.83152777800001 -3.0117777780000097, 107.83152777800001 -3.0072019439999735, 107.82833333299999 -3.0072019439999735, 107.82833333299999 -3.003479167000023, 107.82618583300001 -3.003479167000023, 107.82618583300001 -2.997194166999975, 107.82452749999999 -2.997194166999975, 107.82452749999999 -2.995441389000007, 107.82165277799999 -2.995441389000007, 107.82165277799999 -2.9921358330000203, 107.81690111099999 -2.9921358330000203, 107.81690111099999 -2.99012944399999, 107.813535 -2.99012944399999, 107.813535 -2.9891111109999997, 107.80938055600001 -2.9891111109999997, 107.80938055600001 -2.9871575000000234, 107.80617277800002 -2.9871575000000234, 107.80617277800002 -2.984438610999973, 107.801638889 -2.984438610999973, 107.801638889 -2.981239721999998, 107.79793222199999 -2.981239721999998, 107.79793222199999 -2.97844444399999, 107.794304167 -2.97844444399999, 107.794304167 -2.975649166999972, 107.790485278 -2.975649166999972, 107.790485278 -2.986671111000021, 107.79500083300002 -2.986671111000021, 107.79500083300002 -2.988053610999998, 107.79749277799999 -2.988053610999998, 107.79749277799999 -2.9889724999999885, 107.79959888899998 -2.9889724999999885, 107.79959888899998 -2.9901016669999763, 107.80321444399999 -2.9901016669999763, 107.80321444399999 -2.991017221999982, 107.80564666700002 -2.991017221999982, 107.80564666700002 -2.9931211109999936, 107.81322722200002 -2.9931211109999936, 107.81322722200002 -2.9945941670000025, 107.820238056 -2.9945941670000025, 107.820238056 -2.996226944, 107.821291111 -2.996226944, 107.821291111 -2.9986633330000245, 107.82258999999999 -2.9986633330000245, 107.82258999999999 -3.000446110999974, 107.82508999999999 -3.000446110999974, 107.82508999999999 -3.0044511109999803, 107.82770777799999 -3.0044511109999803, 107.82770777799999 -3.008790277999992, 107.830431111 -3.008790277999992, 107.830431111 -3.012299999999982, 107.83250666700002 -3.012299999999982, 107.83250666700002 -3.015467221999984, 107.83765749999998 -3.015467221999984, 107.83765749999998 -3.0226955559999737, 107.841177222 -3.0226955559999737, 107.841177222 -3.0350536110000235, 107.83898777799999 -3.0350536110000235, 107.83898777799999 -3.0467911110000045))",AKTIF
193178,SUMATERA,GUBERNUR,19,KEPULAUAN BANGKA BELITUNG,02,BELITUNG,WIUP,PT,PT ALTER ABADI,2119024242025143,540/1/WIUP/ESDM_3,2025-01-20,,PENCADANGAN,552.8,KAOLIN,4,24,,,,DESA AIR SERUK KECAMATAN SIJUK,"POLYGON ((107.685316667 -2.6402249999999867, 107.685316667 -2.644124999999974, 107.69460277799999 -2.644124999999974, 107.69460277799999 -2.647241667000003, 107.698811111 -2.647241667000003, 107.698811111 -2.6592972220000206, 107.69757777799998 -2.6592972220000206, 107.69757777799998 -2.6648194439999884, 107.69553611100002 -2.6648194439999884, 107.69553611100002 -2.6656111109999756, 107.69346111099998 -2.6656111109999756, 107.69346111099998 -2.6636166669999852, 107.68701388900001 -2.6636166669999852, 107.68701388900001 -2.661316666999994, 107.68586111100001 -2.661316666999994, 107.68586111100001 -2.665452777999974, 107.68535277799998 -2.665452777999974, 107.68535277799998 -2.6665277779999883, 107.686427778 -2.6665277779999883, 107.686427778 -2.6685972220000167, 107.685516667 -2.6685972220000167, 107.685516667 -2.671297222000021, 107.68680277800001 -2.671297222000021, 107.68680277800001 -2.6766305560000205, 107.69749722199998 -2.6766305560000205, 107.69749722199998 -2.672025000000019, 107.700888889 -2.672025000000019, 107.700888889 -2.6644972220000227, 107.69763888900002 -2.6644972220000227, 107.69763888900002 -2.6593166669999846, 107.69883611099999 -2.6593166669999846, 107.69883611099999 -2.658486111000002, 107.70240555599997 -2.658486111000002, 107.70240555599997 -2.658108332999973, 107.70395277799997 -2.658108332999973, 107.70395277799997 -2.65188888900002, 107.70599722200001 -2.65188888900002, 107.70599722200001 -2.651388888999975, 107.705638889 -2.651388888999975, 107.705638889 -2.650158332999979, 107.69954722199998 -2.650158332999979, 107.69954722199998 -2.6472249999999917, 107.69785000000002 -2.6472249999999917, 107.69785000000002 -2.6328750000000127, 107.70102777800003 -2.6328750000000127, 107.70102777800003 -2.6266083329999788, 107.70235277799998 -2.6266083329999788, 107.70235277799998 -2.623736111000028, 107.70400833299999 -2.623736111000028, 107.70400833299999 -2.6200583329999745, 107.70206111099998 -2.6200583329999745, 107.70206111099998 -2.6217361110000184, 107.6995 -2.6217361110000184, 107.6995 -2.6247583329999884, 107.69598888899998 -2.6247583329999884, 107.69598888899998 -2.6276361110000153, 107.69190277799999 -2.6276361110000153, 107.69190277799999 -2.629986110999994, 107.68806111100002 -2.629986110999994, 107.68806111100002 -2.634627777999981, 107.68617222199998 -2.634627777999981, 107.68617222199998 -2.6402249999999867, 107.685316667 -2.6402249999999867))",AKTIF
193190,SUMATERA,GUBERNUR,19,KEPULAUAN BANGKA BELITUNG,01,BANGKA,IUP,PT,PT ARTHA CIPTA LANGGENG,3119012112014141,188.4/176/ESDM/DPMPTSP/2017,2017-12-04,2026-07-03,OPERASI PRODUKSI,249.0,TIMAH,2,11,CNC-14, ,19010110OP170,"LAUT PENYUSUK, KEC. BELINYU","POLYGON ((105.659472 -1.482481000000007, 105.66879121 -1.4824780039999723, 105.668791667 -1.482477777999975, 105.668791667 -1.472861110999986, 105.66432500000002 -1.472861110999986, 105.66432500000002 -1.4746079999999893, 105.64904200000001 -1.4746139999999741, 105.649047 -1.4881829999999923, 105.65322800000001 -1.4881829999999923, 105.65322500000002 -1.482483000000002, 105.65677499999998 -1.482483000000002, 105.65677799999997 -1.4881809999999973, 105.65947499999999 -1.4881809999999973, 105.659472 -1.482481000000007))",AKTIF
193191,SUMATERA,GUBERNUR,19,KEPULAUAN BANGKA BELITUNG,01,BANGKA,IUP,PT,PT ARTHA CIPTA LANGGENG,3119012112014230,188.4/03/ESDM/DPMPTSP/2017,2016-06-06,2026-06-06,OPERASI PRODUKSI,372.5,TIMAH,2,11,CNC-14, ,19010410ER017,"LAUT REBO, KEC. SUNGAILIAT","POLYGON ((106.193986 -1.872378000000026, 106.19399199999998 -1.8791610000000105, 106.20028300000001 -1.879158000000018, 106.200289 -1.8868469999999888, 106.21826900000002 -1.8868330000000242, 106.21825799999999 -1.8723610000000122, 106.193986 -1.872378000000026))",KADALUARSA
193271,SUMATERA,GUBERNUR,19,KEPULAUAN BANGKA BELITUNG,06,BELITUNG TIMUR,WIUP,CV,CV UTAMA MEGA MANDIRI,2119066112025206,540/2/WIUP/ESDM_3,2025-02-18,,PENCADANGAN,550.95,PASIR KUARSA,6,11,,,,DESA SIMPANG PESAK KECAMATAN SIMPANG PESAK,"POLYGON ((108.03561944400002 -3.1264666669999883, 108.03561944400002 -3.1463305560000094, 108.02890555599998 -3.1463305560000094, 108.02890555599998 -3.158824999999979, 108.03796388900003 -3.158824999999979, 108.03796388900003 -3.1526944440000193, 108.049294444 -3.1526944440000193, 108.049294444 -3.1281555560000243, 108.04366388900002 -3.1281555560000243, 108.04366388900002 -3.1264666669999883, 108.03561944400002 -3.1264666669999883))",AKTIF
193296,SUMATERA,Gubernur,19,KEPULAUAN BANGKA BELITUNG,06,KABUPATEN BELITUNG TIMUR,IUP,PT,PT SORRA INTI GEMILANG,2119066112025207,09012400673550003,2025-05-08,2032-05-08,EKSPLORASI,193.18,PASIR KUARSA,6,11,CNC,,,,"POLYGON ((108.03651638899998 -3.158941667000022, 108.03651638899998 -3.1625911109999834, 108.03567500000003 -3.1625911109999834, 108.03567500000003 -3.167388055999993, 108.03453277800003 -3.167388055999993, 108.03453277800003 -3.1724591669999995, 108.03230000000002 -3.1724591669999995, 108.03230000000002 -3.1780383330000177, 108.02061444399999 -3.1780383330000177, 108.02061444399999 -3.1785808330000123, 108.029368611 -3.1785808330000123, 108.029368611 -3.1797488889999954, 108.03121861099999 -3.1797488889999954, 108.03121861099999 -3.1818963889999736, 108.032489167 -3.1818963889999736, 108.032489167 -3.183589722000022, 108.03670194400001 -3.183589722000022, 108.03670194400001 -3.1798444440000253, 108.04072638899999 -3.1798444440000253, 108.04072638899999 -3.1761791669999866, 108.04217 -3.1761791669999866, 108.04217 -3.1660419440000283, 108.03805805600001 -3.1660419440000283, 108.03805805600001 -3.158941667000022, 108.03651638899998 -3.158941667000022))",AKTIF
193297,SUMATERA,Gubernur,19,KEPULAUAN BANGKA BELITUNG,06,KABUPATEN BELITUNG TIMUR,IUP,PT,PT SORRA NIWANDA SUKSES,2119066112025208,11012400122750004,2025-05-08,2032-05-08,EKSPLORASI,187.16,PASIR KUARSA,6,11,CNC,,,,"POLYGON ((108.04487805600002 -3.2012599999999907, 108.061516111 -3.2012599999999907, 108.061516111 -3.198959166999998, 108.062449722 -3.198959166999998, 108.062449722 -3.1994436109999924, 108.06298416700002 -3.1994436109999924, 108.06298416700002 -3.2000522220000107, 108.06354249999998 -3.2000522220000107, 108.06354249999998 -3.2012599999999907, 108.064556944 -3.2012599999999907, 108.064556944 -3.1994561110000177, 108.063681111 -3.1994561110000177, 108.063681111 -3.1984861110000224, 108.062891111 -3.1984861110000224, 108.062891111 -3.19777194400001, 108.06213888899998 -3.19777194400001, 108.06213888899998 -3.196791110999982, 108.06119694400002 -3.196791110999982, 108.06119694400002 -3.1953919439999936, 108.06161611099998 -3.1953919439999936, 108.06161611099998 -3.194373889000019, 108.062101111 -3.194373889000019, 108.062101111 -3.193251110999995, 108.06261 -3.193251110999995, 108.06261 -3.192061110999987, 108.06321888899998 -3.192061110999987, 108.06321888899998 -3.1908519439999736, 108.063773056 -3.1908519439999736, 108.063773056 -3.1899880560000042, 108.059041111 -3.1899880560000042, 108.059041111 -3.197695278000026, 108.05958083299998 -3.197695278000026, 108.05958083299998 -3.199952499999995, 108.05596027799999 -3.199952499999995, 108.05596027799999 -3.200675832999991, 108.04587805599999 -3.200675832999991, 108.04587805599999 -3.1989788889999886, 108.04487805600002 -3.1989788889999886, 108.04487805600002 -3.195866943999988, 108.04347888900003 -3.195866943999988, 108.04347888900003 -3.1946105559999864, 108.04278 -3.1946105559999864, 108.04278 -3.1917325000000005, 108.04721083300001 -3.1917325000000005, 108.04721083300001 -3.1870441670000105, 108.03028305599997 -3.1870441670000105, 108.03028305599997 -3.1883438890000093, 108.031849722 -3.1883438890000093, 108.031849722 -3.1885577780000176, 108.03318027799997 -3.1885577780000176, 108.03318027799997 -3.1887805559999833, 108.034299444 -3.1887805559999833, 108.034299444 -3.1889436110000133, 108.03513055600001 -3.1889436110000133, 108.03513055600001 -3.1891577779999807, 108.036261389 -3.1891577779999807, 108.036261389 -3.1893802779999874, 108.037375 -3.1893802779999874, 108.037375 -3.189545833000011, 108.03847388899999 -3.189545833000011, 108.03847388899999 -3.189744167000015, 108.03960194400003 -3.189744167000015, 108.03960194400003 -3.190031389000012, 108.04081000000002 -3.190031389000012, 108.04081000000002 -3.1902541669999778, 108.04259166700001 -3.1902541669999778, 108.04259166700001 -3.195016943999974, 108.03495055600001 -3.195016943999974, 108.03495055600001 -3.194157777999976, 108.03077722199998 -3.194157777999976, 108.03077722199998 -3.198541666999972, 108.04477555599999 -3.198541666999972, 108.04477555599999 -3.1990277780000156, 108.04487805600002 -3.1990277780000156, 108.04487805600002 -3.2012599999999907))",AKTIF
193301,SUMATERA,GUBERNUR,19,KEPULAUAN BANGKA BELITUNG,06,BELITUNG TIMUR,WIUP,PT,PT SORRA NIWANDA SUKSES,2119066112025209,,,,PENCADANGAN,187.5,PASIR KUARSA,6,11,,,,BATU ITAM KECAMATAN SIMPANG PESAK,"POLYGON ((108.04487799999998 -3.2012599999999907, 108.06151619399998 -3.2012599999999907, 108.06151619399998 -3.19895902799999, 108.06244977799997 -3.19895902799999, 108.06244977799997 -3.1994437220000123, 108.06298427799999 -3.1994437220000123, 108.06298427799999 -3.2000523329999737, 108.06354236099997 -3.2000523329999737, 108.06354236099997 -3.2012599999999907, 108.06455699999998 -3.2012599999999907, 108.06455699999998 -3.199455999999998, 108.06368099999997 -3.199455999999998, 108.06368099999997 -3.1984860000000026, 108.06289099999998 -3.1984860000000026, 108.06289099999998 -3.1977719999999863, 108.062139 -3.1977719999999863, 108.062139 -3.196791000000019, 108.06119699999999 -3.196791000000019, 108.06119699999999 -3.1953920000000267, 108.06161600000001 -3.1953920000000267, 108.06161600000001 -3.194373999999982, 108.06210099999998 -3.194373999999982, 108.06210099999998 -3.193250999999975, 108.06261 -3.193250999999975, 108.06261 -3.192061000000024, 108.063219 -3.192061000000024, 108.063219 -3.1908520000000067, 108.06377300000003 -3.1908520000000067, 108.06377300000003 -3.189988000000028, 108.05904099999998 -3.189988000000028, 108.05904099999998 -3.197695194000005, 108.05958088900002 -3.197695194000005, 108.05958088900002 -3.1999526110000147, 108.05596030599997 -3.1999526110000147, 108.05596030599997 -3.200675944000011, 108.04587800000002 -3.200675944000011, 108.04587800000002 -3.1989790000000085, 108.04487805600002 -3.1989790000000085, 108.04487805600002 -3.1958668890000013, 108.04347891700002 -3.1958668890000013, 108.04347891700002 -3.1946105279999983, 108.04278005600003 -3.1946105279999983, 108.04278005600003 -3.1917325000000005, 108.04721094400003 -3.1917325000000005, 108.04721094400003 -3.1870442219999973, 108.03028311100002 -3.1870442219999973, 108.03028311100002 -3.188343861000021, 108.03184974999999 -3.188343861000021, 108.03184974999999 -3.1885578060000057, 108.033180361 -3.1885578060000057, 108.033180361 -3.1887805279999952, 108.034299417 -3.1887805279999952, 108.034299417 -3.1889434720000054, 108.03513055600001 -3.1889434720000054, 108.03513055600001 -3.1891576389999727, 108.03626127799998 -3.1891576389999727, 108.03626127799998 -3.189380332999974, 108.03737486099999 -3.189380332999974, 108.03737486099999 -3.1895457780000243, 108.03847394399997 -3.1895457780000243, 108.03847394399997 -3.189744055999995, 108.03960202799999 -3.189744055999995, 108.03960202799999 -3.190031361000024, 108.04080986100001 -3.190031361000024, 108.04080986100001 -3.1902540830000135, 108.04259158299999 -3.1902540830000135, 108.04259158299999 -3.1950168060000124, 108.03495066699998 -3.1950168060000124, 108.03495066699998 -3.194157722, 108.030777167 -3.194157722, 108.030777167 -3.198541777999992, 108.04477566700001 -3.198541777999992, 108.04477566700001 -3.1990278060000037, 108.04487799999998 -3.1990278060000037, 108.04487799999998 -3.2012599999999907))",AKTIF
193309,SUMATERA,GUBERNUR,19,KEPULAUAN BANGKA BELITUNG,06,KABUPATEN BELITUNG TIMUR,IUP,PT,PT METRIX ABADI RESOURCE,2119066112025210,24012300383140001                                                                                   ,2025-07-29,2032-07-29,EKSPLORASI,402.26,PASIR KUARSA,6,11,CNC,,,"DESA BUDING, KECAMATAN KELAPA KAMPIT, KABUPATEN BELITUNG TIMUR, PROVINSI KEPULAUAN BANGKA BELITUNG","POLYGON ((108.047958333 -2.6127833329999817, 108.047958333 -2.61470555599999, 108.04543055599999 -2.61470555599999, 108.04543055599999 -2.6169249999999806, 108.04274166699997 -2.6169249999999806, 108.04274166699997 -2.6224000000000274, 108.04334999999998 -2.6224000000000274, 108.04334999999998 -2.62448611100001, 108.04423888899998 -2.62448611100001, 108.04423888899998 -2.6272444439999845, 108.04549166700002 -2.6272444439999845, 108.04549166700002 -2.629391666999993, 108.046480556 -2.629391666999993, 108.046480556 -2.632394443999999, 108.047575 -2.632394443999999, 108.047575 -2.635850000000005, 108.04994722200001 -2.635850000000005, 108.04994722200001 -2.632316666999998, 108.048647222 -2.632316666999998, 108.048647222 -2.628936110999973, 108.047391667 -2.628936110999973, 108.047391667 -2.6271111109999765, 108.04644166700001 -2.6271111109999765, 108.04644166700001 -2.6243749999999864, 108.04522777800003 -2.6243749999999864, 108.04522777800003 -2.617433333000008, 108.04683888900001 -2.617433333000008, 108.04683888900001 -2.6161083329999997, 108.04873333299997 -2.6161083329999997, 108.04873333299997 -2.6146583330000226, 108.05946388900003 -2.6146583330000226, 108.05946388900003 -2.6139916669999934, 108.062155556 -2.6139916669999934, 108.062155556 -2.613241667000011, 108.06353055599999 -2.613241667000011, 108.06353055599999 -2.6124249999999734, 108.06593611099998 -2.6124249999999734, 108.06593611099998 -2.6116138890000116, 108.076391667 -2.6116138890000116, 108.076391667 -2.612141667000003, 108.07940555599998 -2.612141667000003, 108.07940555599998 -2.61308333300002, 108.081577778 -2.61308333300002, 108.081577778 -2.620299999999986, 108.08412499999997 -2.620299999999986, 108.08412499999997 -2.628716666999992, 108.09540833300002 -2.628716666999992, 108.09540833300002 -2.6157805560000043, 108.09413888900002 -2.6157805560000043, 108.09413888900002 -2.6133916669999735, 108.09249166699999 -2.6133916669999735, 108.09249166699999 -2.612055555999973, 108.09153888899999 -2.612055555999973, 108.09153888899999 -2.609583332999989, 108.08871111100001 -2.609583332999989, 108.08871111100001 -2.610936111000001, 108.07183333299997 -2.610936111000001, 108.07183333299997 -2.6093583329999888, 108.069063889 -2.6093583329999888, 108.069063889 -2.6103277779999985, 108.06330555599999 -2.6103277779999985, 108.06330555599999 -2.6113444439999967, 108.05942222200002 -2.6113444439999967, 108.05942222200002 -2.6118888889999994, 108.05737499999998 -2.6118888889999994, 108.05737499999998 -2.6127833329999817, 108.047958333 -2.6127833329999817))",AKTIF
193836,SUMATERA,GUBERNUR,19,KEPULAUAN BANGKA BELITUNG,02,KABUPATEN BELITUNG,IUP,PT,PT BILITON SUMBER SILIKA,2119026112024156,21062301376080003                                                                                   ,2024-12-20,2031-12-20,EKSPLORASI,856.73,PASIR KUARSA,6,11,CNC,,,"DESA SIMPANG RUSA, DESA/KELURAHAN SIMPANG RUSA, KEC. MEMBALONG, KABUPATEN BELITUNG, PROVINSI KEPULAUAN BANGKA BELITUNG, KODE POS: 33452","POLYGON ((107.65844499999997 -2.9279708330000176, 107.65844499999997 -2.9367219439999985, 107.64580055599998 -2.9367219439999985, 107.64580055599998 -2.9510644439999965, 107.650135278 -2.9510644439999965, 107.650135278 -2.9596758330000057, 107.6602125 -2.9596758330000057, 107.6602125 -2.964423055999987, 107.67432527800003 -2.964423055999987, 107.67432527800003 -2.944696943999986, 107.666763333 -2.944696943999986, 107.666763333 -2.9279708330000176, 107.65844499999997 -2.9279708330000176))",AKTIF
193848,SUMATERA,GUBERNUR,19,KEPULAUAN BANGKA BELITUNG,"02,01","KABUPATEN BELITUNG,KABUPATEN BANGKA",IUP,CV,CV KAOLINDO INVESTAMA SENTOSA,2119025182019006,188.4/114/ESDM/DPMPTSP/2020                                                                         ,2020-12-07,2030-12-07,OPERASI PRODUKSI,46.55,KAOLIN,4,24,CNC,,,"DESA AIR SERUK, KECAMATAN SIJUK","POLYGON ((107.68266666699998 -2.6623055559999784, 107.68322222199998 -2.6623055559999784, 107.68322222199998 -2.6633888889999753, 107.68380555599998 -2.6633888889999753, 107.68380555599998 -2.6648888889999967, 107.68411111099999 -2.6648888889999967, 107.68411111099999 -2.667611110999985, 107.68372222199997 -2.667611110999985, 107.68372222199997 -2.6708333330000187, 107.68316666700002 -2.6708333330000187, 107.68316666700002 -2.6766111109999997, 107.68658333299999 -2.6766111109999997, 107.68658333299999 -2.6715277779999838, 107.68511111100003 -2.6715277779999838, 107.68511111100003 -2.6709999999999923, 107.68538888900002 -2.6709999999999923, 107.68538888900002 -2.6683611110000243, 107.68627777799998 -2.6683611110000243, 107.68627777799998 -2.6666666670000154, 107.685222222 -2.6666666670000154, 107.685222222 -2.6653611109999815, 107.68572222199998 -2.6653611109999815, 107.68572222199998 -2.661305556000002, 107.68266666699998 -2.661305556000002, 107.68266666699998 -2.6623055559999784))",AKTIF
193851,SUMATERA,GUBERNUR,19,KEPULAUAN BANGKA BELITUNG,06,KABUPATEN BELITUNG TIMUR,IUP,CV,CV BILLITON SINAR PERKASA,3119022112014021,188.44/92/ESDM/2017                                                                                 ,2017-02-22,2027-07-27,OPERASI PRODUKSI,49.5,TIMAH,2,11,CNC,,,DESA SELINSING,"POLYGON ((108.17922222200002 -2.902861110999993, 108.17922222200002 -2.904222221999987, 108.18072222199999 -2.904222221999987, 108.18072222199999 -2.9053333329999873, 108.18169444400002 -2.9053333329999873, 108.18169444400002 -2.9061666669999795, 108.18366666700001 -2.9061666669999795, 108.18366666700001 -2.9048055559999852, 108.18547222199999 -2.9048055559999852, 108.18547222199999 -2.902138889000014, 108.186638889 -2.902138889000014, 108.186638889 -2.9010000000000105, 108.18733333300003 -2.9010000000000105, 108.18733333300003 -2.8999444440000275, 108.18808333300001 -2.8999444440000275, 108.18808333300001 -2.8982500000000186, 108.18980555600001 -2.8982500000000186, 108.18980555600001 -2.8969444439999847, 108.185833333 -2.8969444439999847, 108.185833333 -2.898166666999998, 108.18433333299998 -2.898166666999998, 108.18433333299998 -2.8996666670000195, 108.18316666700002 -2.8996666670000195, 108.18316666700002 -2.9007777780000197, 108.18200000000002 -2.9007777780000197, 108.18200000000002 -2.90194444399998, 108.18066666700003 -2.90194444399998, 108.18066666700003 -2.902861110999993, 108.17922222200002 -2.902861110999993))",AKTIF
194094,SUMATERA,GUBERNUR,19,KEPULAUAN BANGKA BELITUNG,02,BELITUNG,WIUP,PT,PT INTI MATERIALS UTAMA,2119024242025144,540/6/WIUP/ESDM_3,2025-07-30,,PENCADANGAN,45.6,KAOLIN,4,24,,,,DESA BADAU KECAMATAN BADAU,"POLYGON ((107.80297888899997 -2.8268361109999773, 107.80148000000003 -2.8268361109999773, 107.80148000000003 -2.827319999999986, 107.80091499999997 -2.827319999999986, 107.80091499999997 -2.8279438889999824, 107.800333056 -2.8279438889999824, 107.800333056 -2.828750833000015, 107.79957999999999 -2.828750833000015, 107.79957999999999 -2.829475000000002, 107.79886305600002 -2.829475000000002, 107.79886305600002 -2.8301911109999764, 107.79818999999998 -2.8301911109999764, 107.79818999999998 -2.83086111099999, 107.79752694400003 -2.83086111099999, 107.79752694400003 -2.8318308330000264, 107.79605805599999 -2.8318308330000264, 107.79605805599999 -2.829833055999984, 107.79652388900001 -2.829833055999984, 107.79652388900001 -2.829498055999977, 107.79711111099999 -2.829498055999977, 107.79711111099999 -2.826810000000023, 107.79493694400003 -2.826810000000023, 107.79493694400003 -2.8273638890000257, 107.79384388900002 -2.8273638890000257, 107.79384388900002 -2.832193055999994, 107.803515 -2.832193055999994, 107.803515 -2.829226944000027, 107.804465 -2.829226944000027, 107.804465 -2.8279380559999936, 107.80297888899997 -2.8279380559999936, 107.80297888899997 -2.8268361109999773))",AKTIF
194131,SUMATERA,BUPATI,19,KEPULAUAN BANGKA BELITUNG,03,BANGKA SELATAN,IUP,PT,PT RAJAWALI RIMBA PERKASA,3119032112014045,188.45/196/DPE/2013,2013-06-26,2028-06-26,OPERASI PRODUKSI,543.0,BIJIH TIMAH,2,11,CNC-17, ,WIUP001,"DESA NYELANDING, KEC. AIR GEGAS, KABUPATEN BANGKA SELATAN","POLYGON ((106.272606 -2.671775000000025, 106.272606 -2.6784999999999854, 106.28634399999999 -2.6784999999999854, 106.28634399999999 -2.6950029999999856, 106.29729700000001 -2.6950029999999856, 106.29729700000001 -2.691313999999977, 106.30628899999999 -2.691313999999977, 106.30628899999999 -2.6808530000000133, 106.30148100000002 -2.6808530000000133, 106.30148100000002 -2.676318999999978, 106.29427199999998 -2.676318999999978, 106.29427199999998 -2.671775000000025, 106.272606 -2.671775000000025))",AKTIF
194142,SUMATERA,GUBERNUR,19,KEPULAUAN BANGKA BELITUNG,03,KABUPATEN BANGKA SELATAN,IUP,PT,PT SINAR SEJAHTERA PERKASA,3119032112016313,188.4/313/ESDM/DPMPTSP/2018                                                                         ,2016-08-21,2034-08-21,OPERASI PRODUKSI,591.0,TIMAH,2,11,CNC-8,,,DESA AIR BARA,"POLYGON ((106.33263888900001 -2.5591777779999916, 106.33263888900001 -2.5677555560000087, 106.32981111100003 -2.5677555560000087, 106.32981111100003 -2.569883333000007, 106.32633611099999 -2.569883333000007, 106.32633611099999 -2.577994444000012, 106.320702778 -2.577994444000012, 106.320702778 -2.583202777999986, 106.34669166700002 -2.583202777999986, 106.34669166700002 -2.5808138890000123, 106.34859999999998 -2.5808138890000123, 106.34859999999998 -2.5771888890000128, 106.35145277800001 -2.5771888890000128, 106.35145277800001 -2.5741916669999796, 106.35853888899999 -2.5741916669999796, 106.35853888899999 -2.5683250000000157, 106.33902499999999 -2.5683250000000157, 106.33902499999999 -2.5591777779999916, 106.33263888900001 -2.5591777779999916))",AKTIF
194145,SUMATERA,GUBERNUR,19,KEPULAUAN BANGKA BELITUNG,06,BELITUNG TIMUR,WIUP,PT,PT AMIN MAKMUR BERSAMA,2119066112025211,540/7/WIUP/ESDM_3,2025-07-31,,PENCADANGAN,62.0,PASIR KUARSA,6,11,,,,"DESA MENGKUBANG, KECAMATAN DAMAR","POLYGON ((108.26019444399998 -2.7880833329999746, 108.26019444399998 -2.7962777779999897, 108.26691666699998 -2.7962777779999897, 108.26691666699998 -2.789916667, 108.266444444 -2.789916667, 108.266444444 -2.7894444440000257, 108.26530555599999 -2.7894444440000257, 108.26530555599999 -2.7890833330000078, 108.263972222 -2.7890833330000078, 108.263972222 -2.7886944439999866, 108.26241666700002 -2.7886944439999866, 108.26241666700002 -2.7883055560000116, 108.26166666699999 -2.7883055560000116, 108.26166666699999 -2.7880833329999746, 108.26019444399998 -2.7880833329999746))",AKTIF
194156,SUMATERA,GUBERNUR,19,KEPULAUAN BANGKA BELITUNG,02,KABUPATEN BELITUNG,IUP,CV,CV MANDIRI SEJAHTERA ABADI,2119026112018002,188.4/287/ESDM/DPMPTSP/2018                                                                         ,2018-06-25,2028-06-25,OPERASI PRODUKSI,105.0,PASIR KUARSA,6,11,CNC,,,DESA CERUCUK KECAMATAN BADAU,"POLYGON ((107.70219166700002 -2.8070277780000197, 107.70219166700002 -2.8111305560000233, 107.70443055599998 -2.8111305560000233, 107.70443055599998 -2.8219138889999726, 107.708561111 -2.8219138889999726, 107.708561111 -2.820502777999991, 107.710402778 -2.820502777999991, 107.710402778 -2.81463888899998, 107.711552778 -2.81463888899998, 107.711552778 -2.812988888999996, 107.714858333 -2.812988888999996, 107.714858333 -2.8108250000000226, 107.70959166699998 -2.8108250000000226, 107.70959166699998 -2.8133222220000107, 107.708061111 -2.8133222220000107, 107.708061111 -2.8125499999999874, 107.70670277800002 -2.8125499999999874, 107.70670277800002 -2.8082444440000245, 107.70580277800002 -2.8082444440000245, 107.70580277800002 -2.8070277780000197, 107.70219166700002 -2.8070277780000197))",AKTIF
194179,SUMATERA,GUBERNUR,19,KEPULAUAN BANGKA BELITUNG,02,KABUPATEN BELITUNG,IUP,PT,PT BELITUNG CININDO ANTARBUANA,2119024242023139,07112201340530005                                                                                   ,2024-10-01,2029-10-01,OPERASI PRODUKSI,199.7,KAOLIN,4,24,CNC,,,KECAMATAN BADAU,"POLYGON ((107.75349999999997 -2.821777778000012, 107.75349999999997 -2.8248583330000088, 107.76100000000002 -2.8248583330000088, 107.76100000000002 -2.837361111000007, 107.76440000000002 -2.837361111000007, 107.76440000000002 -2.8421055559999786, 107.77159999999998 -2.8421055559999786, 107.77159999999998 -2.83559722199999, 107.77109444400003 -2.83559722199999, 107.77109444400003 -2.834402778000026, 107.770094444 -2.834402778000026, 107.770094444 -2.8332361110000193, 107.76915000000002 -2.8332361110000193, 107.76915000000002 -2.8320694440000125, 107.768205556 -2.8320694440000125, 107.768205556 -2.830902777999995, 107.76723333299998 -2.830902777999995, 107.76723333299998 -2.82974999999999, 107.766261111 -2.82974999999999, 107.766261111 -2.828597221999985, 107.76526111099997 -2.828597221999985, 107.76526111099997 -2.8273472220000144, 107.76441666699998 -2.8273472220000144, 107.76441666699998 -2.823972222000009, 107.76769999999999 -2.823972222000009, 107.76769999999999 -2.821777778000012, 107.75349999999997 -2.821777778000012))",AKTIF
194207,SUMATERA,GUBERNUR,19,KEPULAUAN BANGKA BELITUNG,"02,","KABUPATEN BELITUNG,",IUP,PT,PT INTAN ALAM ABADI,21190624242019002,188.4/113/ESDM/DPMPTSP/2020                                                                         ,2020-12-07,2030-12-07,OPERASI PRODUKSI,49.8,KAOLIN,4,24,CNC,,,"DESA AIR SERUK, KECAMATAN SIJUK","POLYGON ((107.71744444400002 -2.6661111110000206, 107.71744444400002 -2.66734444399998, 107.71570555599999 -2.66734444399998, 107.71570555599999 -2.6686000000000263, 107.714172222 -2.6686000000000263, 107.714172222 -2.6702027779999753, 107.71246388899999 -2.6702027779999753, 107.71246388899999 -2.671583333000001, 107.717611111 -2.671583333000001, 107.717611111 -2.6723611109999865, 107.719305556 -2.6723611109999865, 107.719305556 -2.6735555559999966, 107.72330555600001 -2.6735555559999966, 107.72330555600001 -2.6695000000000277, 107.71883333300002 -2.6695000000000277, 107.71883333300002 -2.6661111110000206, 107.71744444400002 -2.6661111110000206))",AKTIF
194234,SUMATERA,GUBERNUR,19,KEPULAUAN BANGKA BELITUNG,02,KABUPATEN BELITUNG,IUP,PT,PT MAKIN MAJU MAKMUR,2119025182023001,13092200841860002                                                                                   ,2023-03-31,2028-08-14,OPERASI PRODUKSI,199.4,TANAH LIAT,5,18,CNC,,,"DESA LASSAR , KECAMATAN MEMBALONG, KABUPATEN BELITUNG","POLYGON ((107.623638889 -2.9793333329999996, 107.62233333299997 -2.9793333329999996, 107.62233333299997 -2.979722222000021, 107.61966666699999 -2.979722222000021, 107.61966666699999 -2.974944444000016, 107.61727777800002 -2.974944444000016, 107.61727777800002 -2.9770277779999788, 107.61588888900002 -2.9770277779999788, 107.61588888900002 -2.977888888999985, 107.61227777800002 -2.977888888999985, 107.61227777800002 -2.9781111109999756, 107.61202777800003 -2.9781111109999756, 107.61202777800003 -2.978638889000024, 107.61169444400002 -2.978638889000024, 107.61169444400002 -2.97955555599998, 107.609388889 -2.97955555599998, 107.609388889 -2.984444444000019, 107.610222222 -2.984444444000019, 107.610222222 -2.9858611110000197, 107.61505555600002 -2.9858611110000197, 107.61505555600002 -2.9836944439999797, 107.61572222199999 -2.9836944439999797, 107.61572222199999 -2.9818055559999834, 107.61755555600001 -2.9818055559999834, 107.61755555600001 -2.982250000000022, 107.62400000000002 -2.982250000000022, 107.62400000000002 -2.979361111000003, 107.629194444 -2.979361111000003, 107.629194444 -2.977888888999985, 107.63011111100002 -2.977888888999985, 107.63011111100002 -2.972388889000001, 107.62591666700001 -2.972388889000001, 107.62591666700001 -2.965250000000026, 107.622527778 -2.965250000000026, 107.622527778 -2.9664444439999897, 107.62074999999999 -2.9664444439999897, 107.62074999999999 -2.968261111000004, 107.62016666699998 -2.968261111000004, 107.62016666699998 -2.9716666670000222, 107.62236111099998 -2.9716666670000222, 107.62236111099998 -2.9730277780000165, 107.62297222199999 -2.9730277780000165, 107.62297222199999 -2.97527777800002, 107.623638889 -2.97527777800002, 107.623638889 -2.9793333329999996))",AKTIF
194262,SUMATERA,GUBERNUR,19,KEPULAUAN BANGKA BELITUNG,03,BANGKA SELATAN,WIUP,PT,PT SYNERGI JAYA SILIKA,2119036112025001,540/8/WIUP/ESDM_3,2025-09-24,,PENCADANGAN,187.71,PASIR KUARSA,6,11,,,,LAUT PERMIS,"POLYGON ((105.89374222200001 -2.5483530559999963, 105.89374222200001 -2.5526836110000204, 105.8941825 -2.5526836110000204, 105.8941825 -2.5659316669999725, 105.90276222199998 -2.5659316669999725, 105.90276222199998 -2.5483530559999963, 105.89374222200001 -2.5483530559999963))",AKTIF
194709,SUMATERA,GUBERNUR,19,KEPULAUAN BANGKA BELITUNG,06,BELITUNG TIMUR,WIUP,PT,PT BANTALA MITRA SUKSES,2119066112025212,500.10.25.7/3/WIUP/ESDM_3,2025-10-10,,PENCADANGAN,99.29,PASIR KUARSA,6,11,,,,"DESA LILANGAN, KECAMATAN GANTUNG","POLYGON ((108.053888889 -3.1353333330000055, 108.058027778 -3.1353333330000055, 108.058027778 -3.137766666999994, 108.059722222 -3.137766666999994, 108.059722222 -3.1411416669999994, 108.062380556 -3.1411416669999994, 108.062380556 -3.1447805560000006, 108.06435555600001 -3.1447805560000006, 108.06435555600001 -3.148149999999987, 108.06735277799999 -3.148149999999987, 108.06735277799999 -3.147166667000022, 108.06647222200002 -3.147166667000022, 108.06647222200002 -3.1379361109999877, 108.065436111 -3.1379361109999877, 108.065436111 -3.136349999999993, 108.063583333 -3.136349999999993, 108.063583333 -3.1349500000000035, 108.06215833300001 -3.1349500000000035, 108.06215833300001 -3.134155555999996, 108.06069444399998 -3.134155555999996, 108.06069444399998 -3.1336333329999775, 108.05964722200002 -3.1336333329999775, 108.05964722200002 -3.1327888889999826, 108.053888889 -3.1327888889999826, 108.053888889 -3.1353333330000055))",AKTIF
194715,SUMATERA,GUBERNUR,19,KEPULAUAN BANGKA BELITUNG,71,KOTA PANGKAL PINANG,WIUP,PT,PT SYNERGI MAKMUR SILIKA,2119716112025001,500.10.25.7/2/WIUP/ESDM_3,2025-10-10,,PENCADANGAN,104.49,PASIR KUARSA,6,11,,,,LAUT PANGKALPINANG (TEMBERAN),"POLYGON ((106.19299638899997 -2.1053658330000076, 106.19299638899997 -2.113215556, 106.20382138899998 -2.113215556, 106.20382138899998 -2.1053658330000076, 106.19299638899997 -2.1053658330000076))",AKTIF
194716,SUMATERA,GUBERNUR,19,KEPULAUAN BANGKA BELITUNG,04,BANGKA TENGAH,WIUP,PT,PT SYNERGI SUKSES SILIKA,2119046112025006,500.10.25.7/1/WIUP/ESDM_3,2025-10-10,,PENCADANGAN,92.23,PASIR KUARSA,6,11,,,,LAUT KETAWAI,"POLYGON ((106.246863889 -2.2842861109999717, 106.246863889 -2.2899963890000095, 106.25999999999999 -2.2899963890000095, 106.25999999999999 -2.2842861109999717, 106.246863889 -2.2842861109999717))",AKTIF
194746,SUMATERA,GUBERNUR,19,KEPULAUAN BANGKA BELITUNG,06,BELITUNG TIMUR,WIUP,PT,PT PUTRAPRIMA MINERAL MANDIRI,2119066182025002,500.10.25.7/4/WIUP/ESDM_3,2025-11-11,,PENCADANGAN,76.13,ZIRKON,6,18,,,,"DESA MENGKUBANG, KECAMATAN DAMAR","POLYGON ((108.20222222199999 -2.822861111000009, 108.20222222199999 -2.8243611109999733, 108.201722222 -2.8243611109999733, 108.201722222 -2.8252083329999778, 108.20066666700001 -2.8252083329999778, 108.20066666700001 -2.8327222219999726, 108.20413888899998 -2.8327222219999726, 108.20413888899998 -2.835777778000022, 108.20938888900002 -2.835777778000022, 108.20938888900002 -2.8349999999999795, 108.20777777799998 -2.8349999999999795, 108.20777777799998 -2.828527778000023, 108.205888889 -2.828527778000023, 108.205888889 -2.825027777999992, 108.20277777799998 -2.825027777999992, 108.20277777799998 -2.822861111000009, 108.20222222199999 -2.822861111000009))",AKTIF
194776,SUMATERA,GUBERNUR,19,KEPULAUAN BANGKA BELITUNG,02,BELITUNG,WIUP,PT,PT TUNAS MANDIRI BANGUN PERSADA,2119026112025157,500.10.25.7/5/WIUP/ESDM_3,2025-12-11,,PENCADANGAN,194.0,PASIR KUARSA,6,11,,,,"DESA PADANG KANDIS, KECAMATAN MEMBALONG","POLYGON ((107.62902777800002 -3.1837222219999717, 107.62902777800002 -3.186777778000021, 107.62766666700003 -3.186777778000021, 107.62766666700003 -3.1886388890000035, 107.62580555599999 -3.1886388890000035, 107.62580555599999 -3.190499999999986, 107.62327777799999 -3.190499999999986, 107.62327777799999 -3.192416666999975, 107.62155555599998 -3.192416666999975, 107.62155555599998 -3.1959444440000198, 107.62769444399999 -3.1959444440000198, 107.62769444399999 -3.196944443999996, 107.63336666700002 -3.196944443999996, 107.63336666700002 -3.1959444440000198, 107.640361111 -3.1959444440000198, 107.640361111 -3.188916667000001, 107.63402777800002 -3.188916667000001, 107.63402777800002 -3.1837222219999717, 107.62902777800002 -3.1837222219999717))",AKTIF
194850,SUMATERA,GUBERNUR,19,KEPULAUAN BANGKA BELITUNG,02,BELITUNG,WIUP,PT,PT ARYA PRIMA SENTOSA,2119024242025145,500.10.25.7/2/WIUP/ESDM_3,2026-01-09,,PENCADANGAN,31.48,KAOLIN,4,24,,,,"DESA BADAU, KECAMATAN BADAU","POLYGON ((107.752222222 -2.7961388890000194, 107.752222222 -2.7985277779999933, 107.751666667 -2.7985277779999933, 107.751666667 -2.800694443999987, 107.75208333299997 -2.800694443999987, 107.75208333299997 -2.801249999999982, 107.75286111100002 -2.801249999999982, 107.75286111100002 -2.801861110999994, 107.75380555599997 -2.801861110999994, 107.75380555599997 -2.802500000000009, 107.75475 -2.802500000000009, 107.75475 -2.8031388890000244, 107.75516666700003 -2.8031388890000244, 107.75516666700003 -2.8027777780000065, 107.75661111099998 -2.8027777780000065, 107.75661111099998 -2.803444443999979, 107.75713888899998 -2.803444443999979, 107.75713888899998 -2.8031388890000244, 107.75869444400001 -2.8031388890000244, 107.75869444400001 -2.803805555999986, 107.75908333299998 -2.803805555999986, 107.75908333299998 -2.804194444000018, 107.75913888899998 -2.804194444000018, 107.75913888899998 -2.802138888999991, 107.75802777799998 -2.802138888999991, 107.75802777799998 -2.801388889000009, 107.757277778 -2.801388889000009, 107.757277778 -2.8004583329999946, 107.75627777800003 -2.8004583329999946, 107.75627777800003 -2.7994166670000027, 107.75534722200001 -2.7994166670000027, 107.75534722200001 -2.7983055560000025, 107.75466666699998 -2.7983055560000025, 107.75466666699998 -2.7975555560000203, 107.75430555600002 -2.7975555560000203, 107.75430555600002 -2.797083332999989, 107.75349999999997 -2.797083332999989, 107.75349999999997 -2.7966388890000076, 107.75263888900002 -2.7966388890000076, 107.75263888900002 -2.7961388890000194, 107.752222222 -2.7961388890000194))",AKTIF
194867,SUMATERA,GUBERNUR,19,KEPULAUAN BANGKA BELITUNG,01,BANGKA,WIUP,CV,CV GASPAR ARTHA AGUNG,2119016112026013,500.10.25.7/1/WIUP/ESDM_3,2026-01-09,,PENCADANGAN,136.35,PASIR KUARSA,6,11,,,,"DESA ROMODONG, KECAMATAN BELINYU","POLYGON ((105.75188888899999 -1.5558583330000033, 105.74852777799998 -1.5558583330000033, 105.74852777799998 -1.5568833329999734, 105.74688055600001 -1.5568833329999734, 105.74688055600001 -1.5579277780000211, 105.745183333 -1.5579277780000211, 105.745183333 -1.5590916670000183, 105.74282499999998 -1.5590916670000183, 105.74282499999998 -1.5600416670000072, 105.741544444 -1.5600416670000072, 105.741544444 -1.5618333329999814, 105.73458333299999 -1.5618333329999814, 105.73458333299999 -1.5608527780000259, 105.732772222 -1.5608527780000259, 105.732772222 -1.5622833329999821, 105.733675 -1.5622833329999821, 105.733675 -1.5633194440000011, 105.73482777800001 -1.5633194440000011, 105.73482777800001 -1.5645416670000145, 105.73586111100002 -1.5645416670000145, 105.73586111100002 -1.5656472219999955, 105.73654166699998 -1.5656472219999955, 105.73654166699998 -1.5663250000000062, 105.73779166700001 -1.5663250000000062, 105.73779166700001 -1.5673027779999984, 105.73898888899998 -1.5673027779999984, 105.73898888899998 -1.5681861109999886, 105.739997222 -1.5681861109999886, 105.739997222 -1.5690138890000185, 105.7482 -1.5690138890000185, 105.7482 -1.5660833329999946, 105.74672222200002 -1.5660833329999946, 105.74672222200002 -1.5615000000000236, 105.74815000000001 -1.5615000000000236, 105.74815000000001 -1.5598222219999798, 105.74954166700002 -1.5598222219999798, 105.74954166700002 -1.5581472220000023, 105.75087500000001 -1.5581472220000023, 105.75087500000001 -1.5567916670000272, 105.75188888899999 -1.5567916670000272, 105.75188888899999 -1.5558583330000033))",AKTIF
194902,SUMATERA,GUBERNUR,19,KEPULAUAN BANGKA BELITUNG,01,BANGKA,IUP,PT,PT MITRA PERSADA RESOURCES,2119015042017061,02640102818550011,2024-07-05,2037-03-20,OPERASI PRODUKSI,82.3,PASIR KUARSA,4,5,CNC,,,"DESA MAPUR, KEC. RIAU SILIP","POLYGON ((105.98963900000001 -1.6876083330000142, 105.99099722199998 -1.6876083330000142, 105.99099722199998 -1.6902305560000173, 105.99099733399999 -1.690230999999983, 105.99323299999998 -1.690230999999983, 105.99323299999998 -1.6866110000000276, 105.994506 -1.6866110000000276, 105.994506 -1.686411000000021, 105.99503099999998 -1.686411000000021, 105.99503099999998 -1.6847609999999804, 105.99341099999998 -1.6847609999999804, 105.99341099999998 -1.6861860000000206, 105.991472198 -1.6861860000000206, 105.99147222200003 -1.6861861109999836, 105.99147222200003 -1.6871583330000135, 105.986041667 -1.6871583330000135, 105.98603691800002 -1.683813999999984, 105.98035800000002 -1.683813999999984, 105.98035800000002 -1.6839939999999842, 105.97922499999999 -1.6839939999999842, 105.97922499999999 -1.683813999999984, 105.97857800000003 -1.683813999999984, 105.97857800000003 -1.682280999999989, 105.976111 -1.682280999999989, 105.976111 -1.6891469999999913, 105.97864700000002 -1.6891469999999913, 105.97864700000002 -1.6878169999999955, 105.98166700000002 -1.6878169999999955, 105.98166700000002 -1.6891499999999837, 105.986222 -1.6891499999999837, 105.986222 -1.6876080000000115, 105.98963900000001 -1.6876080000000115, 105.98963900000001 -1.6876083330000142))",AKTIF
195727,SUMATERA,GUBERNUR,19,KEPULAUAN BANGKA BELITUNG,02,BELITUNG,WIUP,PT,PT ARYA PRIMA SENTOSA,2119024242026146,500.10.25.7/3/WIUP/ESDM_3,2026-02-06,,PENCADANGAN,54.98,KAOLIN,4,24,,,,"DESA BADAU, KECAMATAN BADAU","POLYGON ((107.749722222 -2.8036111110000093, 107.749722222 -2.805277778000004, 107.750066667 -2.805277778000004, 107.750066667 -2.807638888999975, 107.758375 -2.807638888999975, 107.758375 -2.808533333000014, 107.75978611099998 -2.808533333000014, 107.75978611099998 -2.804266666999979, 107.75901388900002 -2.804266666999979, 107.75901388900002 -2.8038888890000067, 107.7586 -2.8038888890000067, 107.7586 -2.803200000000004, 107.757222222 -2.803200000000004, 107.757222222 -2.803536111000028, 107.75653888900001 -2.803536111000028, 107.75653888900001 -2.802849999999978, 107.755266667 -2.802849999999978, 107.755266667 -2.803222221999988, 107.75466111100002 -2.803222221999988, 107.75466111100002 -2.8025749999999903, 107.75373333300001 -2.8025749999999903, 107.75373333300001 -2.8019444440000143, 107.75287500000002 -2.8019444440000143, 107.75287500000002 -2.8036111110000093, 107.749722222 -2.8036111110000093))",AKTIF
195762,SUMATERA,GUBERNUR,19,KEPULAUAN BANGKA BELITUNG,02,BELITUNG,WIUP,PT,PT ALTER ABADI,2119024242026147,500.10.25.7/4/WIUP/ESDM_3,2026-03-09,,PENCADANGAN,701.68,KAOLIN,4,24,,,,DESA AIR SERUK KEC. SIJUK,"POLYGON ((107.69422222200001 -2.6448611110000115, 107.67752777800001 -2.6448611110000115, 107.67752777800001 -2.646500000000003, 107.67638888900001 -2.646500000000003, 107.67638888900001 -2.651194443999998, 107.674666667 -2.651194443999998, 107.674666667 -2.6561666669999795, 107.67305555600001 -2.6561666669999795, 107.67305555600001 -2.66158333300001, 107.67149999999998 -2.66158333300001, 107.67149999999998 -2.6676666669999918, 107.66952777799997 -2.6676666669999918, 107.66952777799997 -2.674583332999987, 107.667388889 -2.674583332999987, 107.667388889 -2.6790555559999802, 107.66644444399998 -2.6790555559999802, 107.66644444399998 -2.6817777780000256, 107.66833333300002 -2.6817777780000256, 107.66833333300002 -2.680749999999989, 107.67063888899997 -2.680749999999989, 107.67063888899997 -2.683166667000023, 107.67305555600001 -2.683166667000023, 107.67305555600001 -2.6816944440000157, 107.67433333299999 -2.6816944440000157, 107.67433333299999 -2.6798333329999764, 107.68205555600002 -2.6798333329999764, 107.68205555600002 -2.6667222219999758, 107.672694444 -2.6667222219999758, 107.672694444 -2.6629444440000043, 107.67450000000002 -2.6629444440000043, 107.67450000000002 -2.657361111, 107.676055556 -2.657361111, 107.676055556 -2.6587499999999977, 107.68188888899999 -2.6587499999999977, 107.68188888899999 -2.6611388889999716, 107.68763888900003 -2.6611388889999716, 107.68763888900003 -2.6632777780000083, 107.693638889 -2.6632777780000083, 107.693638889 -2.665416666999988, 107.69524999999999 -2.665416666999988, 107.69524999999999 -2.6643888890000085, 107.69733333300002 -2.6643888890000085, 107.69733333300002 -2.658999999999992, 107.69844444400002 -2.658999999999992, 107.69844444400002 -2.657024999999976, 107.695622222 -2.657024999999976, 107.695622222 -2.656791666999993, 107.69515000000001 -2.656791666999993, 107.69515000000001 -2.655269443999998, 107.69844444400002 -2.655269443999998, 107.69844444400002 -2.6472499999999854, 107.69422222200001 -2.6472499999999854, 107.69422222200001 -2.6448611110000115))",AKTIF
